Date,Time,AI Output,Weather
2026-02-09,10:28:19,"Chunk 0 from recording_20260209_102812.wav: [(4862, 'Power tools_Power tools', 0.48154664), (2143, 'Engine_Engine', 0.16493651), (2325, 'Fireworks_Fireworks', 0.037203535), (4607, 'Picoides tridactylus_Eurasian Three-toed Woodpecker', 0.025601052), (2609, 'Gun_Gun', 0.018344676)]","{'temperature': 19.67, 'pressure': 950.35, 'humidity': 71.07}"
2026-02-09,10:28:26,"Chunk 0 from recording_20260209_102818.wav: [(4862, 'Power tools_Power tools', 0.51177037), (2143, 'Engine_Engine', 0.25882766), (411, 'Apis mellifera_Honey Bee', 0.030912397), (184, 'Alouatta pigra_Mexican Black Howler Monkey', 0.028470187), (4607, 'Picoides tridactylus_Eurasian Three-toed Woodpecker', 0.026171496)]","{'temperature': 19.7, 'pressure': 950.36, 'humidity': 71.2}"
2026-02-09,10:28:32,"Chunk 0 from recording_20260209_102824.wav: [(4862, 'Power tools_Power tools', 0.30944583), (2143, 'Engine_Engine', 0.14399426), (2609, 'Gun_Gun', 0.04795572), (2325, 'Fireworks_Fireworks', 0.02918054), (184, 'Alouatta pigra_Mexican Black Howler Monkey', 0.020028912)]","{'temperature': 19.72, 'pressure': 950.35, 'humidity': 71.26}"
2026-02-09,10:28:45,"Chunk 0 from recording_20260209_102836.wav: [(4862, 'Power tools_Power tools', 0.2604381), (2143, 'Engine_Engine', 0.095223084), (184, 'Alouatta pigra_Mexican Black Howler Monkey', 0.036584828), (2609, 'Gun_Gun', 0.020448726), (4607, 'Picoides tridactylus_Eurasian Three-toed Woodpecker', 0.01675382)]","{'temperature': 19.73, 'pressure': 950.36, 'humidity': 69.85}"
2026-02-09,10:28:52,"Chunk 0 from recording_20260209_102842.wav: [(4862, 'Power tools_Power tools', 0.3339179), (2143, 'Engine_Engine', 0.102346495), (2325, 'Fireworks_Fireworks', 0.041872196), (2609, 'Gun_Gun', 0.040719066), (184, 'Alouatta pigra_Mexican Black Howler Monkey', 0.03303818)]","{'temperature': 19.74, 'pressure': 950.35, 'humidity': 69.5}"
2026-02-09,10:28:55,"Chunk 0 from recording_20260209_102848.wav: [(4862, 'Power tools_Power tools', 0.20676096), (2143, 'Engine_Engine', 0.04941586), (2609, 'Gun_Gun', 0.041600768), (184, 'Alouatta pigra_Mexican Black Howler Monkey', 0.027422972), (2325, 'Fireworks_Fireworks', 0.014685787)]","{'temperature': 19.74, 'pressure': 950.35, 'humidity': 69.42}"
2026-02-09,10:29:08,"Chunk 0 from recording_20260209_102901.wav: [(4862, 'Power tools_Power tools', 0.29971033), (2143, 'Engine_Engine', 0.07884041), (3953, ""Nucifraga columbiana_Clark's Nutcracker"", 0.053609714), (184, 'Alouatta pigra_Mexican Black Howler Monkey', 0.047214285), (3952, 'Nucifraga caryocatactes_Eurasian Nutcracker', 0.043804128)]","{'temperature': 19.77, 'pressure': 950.34, 'humidity': 69.57}"
2026-02-09,10:29:21,"Chunk 0 from recording_20260209_102913.wav: [(4862, 'Power tools_Power tools', 0.23274122), (2609, 'Gun_Gun', 0.1091669), (2818, 'Human non-vocal_Human non-vocal', 0.055128556), (2143, 'Engine_Engine', 0.03129967), (2325, 'Fireworks_Fireworks', 0.015822431)]","{'temperature': 19.77, 'pressure': 950.35, 'humidity': 68.99}"
2026-02-09,10:29:27,"Chunk 0 from recording_20260209_102919.wav: [(4862, 'Power tools_Power tools', 0.28911397), (2609, 'Gun_Gun', 0.092088364), (2143, 'Engine_Engine', 0.090246774), (2325, 'Fireworks_Fireworks', 0.033162832), (184, 'Alouatta pigra_Mexican Black Howler Monkey', 0.014203587)]","{'temperature': 19.76, 'pressure': 950.37, 'humidity': 68.88}"
2026-02-09,10:29:40,"Chunk 0 from recording_20260209_102931.wav: [(4862, 'Power tools_Power tools', 0.28207964), (2818, 'Human non-vocal_Human non-vocal', 0.052802354), (2143, 'Engine_Engine', 0.052273974), (2609, 'Gun_Gun', 0.033794034), (2325, 'Fireworks_Fireworks', 0.0109247845)]","{'temperature': 19.82, 'pressure': 950.38, 'humidity': 70.81}"
2026-02-09,10:29:43,"Chunk 0 from recording_20260209_102937.wav: [(4862, 'Power tools_Power tools', 0.27967572), (2143, 'Engine_Engine', 0.08444911), (2818, 'Human non-vocal_Human non-vocal', 0.038842976), (2325, 'Fireworks_Fireworks', 0.026113505), (4607, 'Picoides tridactylus_Eurasian Three-toed Woodpecker', 0.009766964)]","{'temperature': 19.83, 'pressure': 950.38, 'humidity': 70.85}"
2026-02-09,10:29:50,"Chunk 0 from recording_20260209_102943.wav: [(4862, 'Power tools_Power tools', 0.32768974), (2143, 'Engine_Engine', 0.06908621), (2325, 'Fireworks_Fireworks', 0.02503629), (2609, 'Gun_Gun', 0.0148424655), (1997, 'Dryocopus martius_Black Woodpecker', 0.010020654)]","{'temperature': 19.86, 'pressure': 950.38, 'humidity': 70.48}"
2026-02-09,10:30:09,"Chunk 0 from recording_20260209_103001.wav: [(4862, 'Power tools_Power tools', 0.32113832), (2143, 'Engine_Engine', 0.05435136), (2609, 'Gun_Gun', 0.05023677), (2818, 'Human non-vocal_Human non-vocal', 0.026526345), (2325, 'Fireworks_Fireworks', 0.020671615)]","{'temperature': 19.85, 'pressure': 950.4, 'humidity': 69.0}"
2026-02-09,10:30:51,"Chunk 0 from recording_20260209_103043.wav: [(4862, 'Power tools_Power tools', 0.42489195), (2143, 'Engine_Engine', 0.20832658), (2325, 'Fireworks_Fireworks', 0.03417584), (4607, 'Picoides tridactylus_Eurasian Three-toed Woodpecker', 0.015641138), (2609, 'Gun_Gun', 0.010870647)]","{'temperature': 19.9, 'pressure': 950.39, 'humidity': 72.5}"
2026-02-09,10:30:57,"Chunk 0 from recording_20260209_103049.wav: [(4862, 'Power tools_Power tools', 0.50716114), (2143, 'Engine_Engine', 0.24066819), (2609, 'Gun_Gun', 0.076652095), (4607, 'Picoides tridactylus_Eurasian Three-toed Woodpecker', 0.02769108), (184, 'Alouatta pigra_Mexican Black Howler Monkey', 0.017878972)]","{'temperature': 19.91, 'pressure': 950.4, 'humidity': 72.15}"
2026-02-09,10:31:04,"Chunk 0 from recording_20260209_103055.wav: [(4862, 'Power tools_Power tools', 0.27546695), (2143, 'Engine_Engine', 0.06975763), (2609, 'Gun_Gun', 0.047812454), (2818, 'Human non-vocal_Human non-vocal', 0.037163377), (2325, 'Fireworks_Fireworks', 0.03651702)]","{'temperature': 19.91, 'pressure': 950.41, 'humidity': 70.6}"
2026-02-09,10:31:16,"Chunk 0 from recording_20260209_103107.wav: [(2818, 'Human non-vocal_Human non-vocal', 0.53101414), (109, 'Aethia pygmaea_Whiskered Auklet', 0.11882422), (2609, 'Gun_Gun', 0.10464166), (2143, 'Engine_Engine', 0.036993384), (4862, 'Power tools_Power tools', 0.036664035)]","{'temperature': 19.91, 'pressure': 950.41, 'humidity': 69.89}"
2026-02-09,10:31:26,"Chunk 0 from recording_20260209_103119.wav: [(4862, 'Power tools_Power tools', 0.23098966), (2143, 'Engine_Engine', 0.0662136), (2609, 'Gun_Gun', 0.031632174), (2325, 'Fireworks_Fireworks', 0.028903954), (2818, 'Human non-vocal_Human non-vocal', 0.027013335)]","{'temperature': 19.9, 'pressure': 950.41, 'humidity': 69.04}"
2026-02-09,10:38:35,"Chunk 0 from recording_20260209_103827.wav: [(4862, 'Power tools_Power tools', 0.31183508), (2609, 'Gun_Gun', 0.13846117), (2143, 'Engine_Engine', 0.08736354), (2325, 'Fireworks_Fireworks', 0.025173148), (184, 'Alouatta pigra_Mexican Black Howler Monkey', 0.00694421)]","{'temperature': 19.7, 'pressure': 950.35, 'humidity': 67.84}"
2026-02-09,10:38:42,"Chunk 0 from recording_20260209_103833.wav: [(4862, 'Power tools_Power tools', 0.2824653), (2143, 'Engine_Engine', 0.12607467), (2609, 'Gun_Gun', 0.067995094), (2325, 'Fireworks_Fireworks', 0.028435105), (2818, 'Human non-vocal_Human non-vocal', 0.010599137)]","{'temperature': 19.7, 'pressure': 950.34, 'humidity': 67.8}"
2026-02-09,10:38:48,"Chunk 0 from recording_20260209_103839.wav: [(4862, 'Power tools_Power tools', 0.46404606), (2143, 'Engine_Engine', 0.1103002), (2609, 'Gun_Gun', 0.10551771), (2325, 'Fireworks_Fireworks', 0.034497056), (96, 'Aegolius acadicus_Northern Saw-whet Owl', 0.0041556302)]","{'temperature': 19.71, 'pressure': 950.35, 'humidity': 67.83}"
2026-02-09,10:38:55,"Chunk 0 from recording_20260209_103845.wav: [(4862, 'Power tools_Power tools', 0.31862593), (2143, 'Engine_Engine', 0.08415756), (2609, 'Gun_Gun', 0.080955155), (2325, 'Fireworks_Fireworks', 0.061496727), (2818, 'Human non-vocal_Human non-vocal', 0.0057617403)]","{'temperature': 19.71, 'pressure': 950.35, 'humidity': 67.82}"
2026-02-09,10:39:05,"Chunk 0 from recording_20260209_103858.wav: [(4862, 'Power tools_Power tools', 0.3378734), (2609, 'Gun_Gun', 0.18943046), (2325, 'Fireworks_Fireworks', 0.08017343), (2143, 'Engine_Engine', 0.050946858), (4606, 'Picoides dorsalis_American Three-toed Woodpecker', 0.015315987)]","{'temperature': 19.72, 'pressure': 950.36, 'humidity': 67.75}"
2026-02-09,10:39:11,"Chunk 0 from recording_20260209_103904.wav: [(4862, 'Power tools_Power tools', 0.26863465), (2143, 'Engine_Engine', 0.04816341), (2609, 'Gun_Gun', 0.04122869), (2325, 'Fireworks_Fireworks', 0.040489532), (2818, 'Human non-vocal_Human non-vocal', 0.010127289)]","{'temperature': 19.73, 'pressure': 950.34, 'humidity': 67.63}"
2026-02-09,10:39:24,"Chunk 0 from recording_20260209_103916.wav: [(4862, 'Power tools_Power tools', 0.36971053), (2609, 'Gun_Gun', 0.11668403), (2818, 'Human non-vocal_Human non-vocal', 0.09780812), (2143, 'Engine_Engine', 0.070227705), (2325, 'Fireworks_Fireworks', 0.017907932)]","{'temperature': 19.73, 'pressure': 950.35, 'humidity': 67.69}"
2026-02-09,10:39:37,"Chunk 0 from recording_20260209_103928.wav: [(4862, 'Power tools_Power tools', 0.3512578), (2609, 'Gun_Gun', 0.1541635), (2143, 'Engine_Engine', 0.1382648), (2325, 'Fireworks_Fireworks', 0.027780568), (2818, 'Human non-vocal_Human non-vocal', 0.017171051)]","{'temperature': 19.74, 'pressure': 950.34, 'humidity': 67.69}"
2026-02-09,10:39:53,"Chunk 0 from recording_20260209_103946.wav: [(4862, 'Power tools_Power tools', 0.28601804), (2143, 'Engine_Engine', 0.10940686), (2609, 'Gun_Gun', 0.031483017), (2818, 'Human non-vocal_Human non-vocal', 0.0303779), (2325, 'Fireworks_Fireworks', 0.022111636)]","{'temperature': 19.76, 'pressure': 950.35, 'humidity': 67.69}"
2026-02-09,10:41:19,"Chunk 0 from recording_20260209_104110.wav: [(4862, 'Power tools_Power tools', 0.3614441), (2143, 'Engine_Engine', 0.10225983), (2609, 'Gun_Gun', 0.08133223), (2325, 'Fireworks_Fireworks', 0.027815782), (96, 'Aegolius acadicus_Northern Saw-whet Owl', 0.005458879)]","{'temperature': 19.79, 'pressure': 950.38, 'humidity': 66.85}"
2026-02-09,10:41:35,"Chunk 0 from recording_20260209_104128.wav: [(4862, 'Power tools_Power tools', 0.37501493), (2143, 'Engine_Engine', 0.08516122), (2609, 'Gun_Gun', 0.06843987), (2325, 'Fireworks_Fireworks', 0.06157522), (1985, 'Dryobates minor_Lesser Spotted Woodpecker', 0.014624223)]","{'temperature': 19.8, 'pressure': 950.37, 'humidity': 66.66}"
2026-02-09,10:41:42,"Chunk 0 from recording_20260209_104134.wav: [(4862, 'Power tools_Power tools', 0.2390738), (2143, 'Engine_Engine', 0.056437157), (2325, 'Fireworks_Fireworks', 0.019144608), (2818, 'Human non-vocal_Human non-vocal', 0.017939761), (5560, 'Siren_Siren', 0.014783158)]","{'temperature': 19.8, 'pressure': 950.36, 'humidity': 66.64}"
2026-02-09,10:41:55,"Chunk 0 from recording_20260209_104146.wav: [(4862, 'Power tools_Power tools', 0.22200553), (2143, 'Engine_Engine', 0.06275425), (2609, 'Gun_Gun', 0.047704104), (2325, 'Fireworks_Fireworks', 0.032074634), (96, 'Aegolius acadicus_Northern Saw-whet Owl', 0.011025497)]","{'temperature': 19.81, 'pressure': 950.39, 'humidity': 66.56}"
2026-02-09,10:42:07,"Chunk 0 from recording_20260209_104158.wav: [(4862, 'Power tools_Power tools', 0.20654449), (2143, 'Engine_Engine', 0.05298055), (2325, 'Fireworks_Fireworks', 0.035540156), (2609, 'Gun_Gun', 0.03360285), (2818, 'Human non-vocal_Human non-vocal', 0.0127449725)]","{'temperature': 19.82, 'pressure': 950.36, 'humidity': 66.44}"
2026-02-09,10:42:17,"Chunk 0 from recording_20260209_104210.wav: [(4862, 'Power tools_Power tools', 0.29798982), (2325, 'Fireworks_Fireworks', 0.1340511), (2609, 'Gun_Gun', 0.0803925), (2143, 'Engine_Engine', 0.07074266), (5560, 'Siren_Siren', 0.00830978)]","{'temperature': 19.82, 'pressure': 950.36, 'humidity': 66.35}"
2026-02-09,10:42:24,"Chunk 0 from recording_20260209_104216.wav: [(4862, 'Power tools_Power tools', 0.24159062), (2325, 'Fireworks_Fireworks', 0.08394152), (2609, 'Gun_Gun', 0.061343335), (2143, 'Engine_Engine', 0.05945248), (96, 'Aegolius acadicus_Northern Saw-whet Owl', 0.00769133)]","{'temperature': 19.83, 'pressure': 950.37, 'humidity': 66.29}"
2026-02-09,10:51:04,"Chunk 0 from recording_20260209_105055.wav: [(532, 'Asemospiza obscura_Dull-colored Grassquit', 0.4319374), (6465, 'Zeledonia coronata_Wrenthrush', 0.05159154), (531, 'Asemospiza fuliginosa_Sooty Grassquit', 0.011582412), (6185, 'Troglodytes solstitialis_Mountain Wren', 0.004079862), (1211, 'Chlorestes cyanus_White-chinned Sapphire', 0.0026788777)]","{'temperature': 20.56, 'pressure': 950.42, 'humidity': 64.53}"
2026-02-09,10:51:10,"Chunk 0 from recording_20260209_105101.wav: [(532, 'Asemospiza obscura_Dull-colored Grassquit', 0.31297666), (531, 'Asemospiza fuliginosa_Sooty Grassquit', 0.025416467), (1211, 'Chlorestes cyanus_White-chinned Sapphire', 0.02378794), (6465, 'Zeledonia coronata_Wrenthrush', 0.008921501), (6034, 'Threnetes leucurus_Pale-tailed Barbthroat', 0.005444522)]","{'temperature': 20.56, 'pressure': 950.42, 'humidity': 64.5}"
2026-02-09,10:51:16,"Chunk 0 from recording_20260209_105107.wav: [(532, 'Asemospiza obscura_Dull-colored Grassquit', 0.5760691), (3488, 'Melanospiza bicolor_Black-faced Grassquit', 0.030872837), (531, 'Asemospiza fuliginosa_Sooty Grassquit', 0.022524439), (6465, 'Zeledonia coronata_Wrenthrush', 0.011974912), (2677, 'Haplospiza unicolor_Uniform Finch', 0.010591221)]","{'temperature': 20.57, 'pressure': 950.45, 'humidity': 64.49}"
2026-02-09,10:51:45,"Chunk 0 from recording_20260209_105137.wav: [(1345, 'Cinnyris chalybeus_Southern Double-collared Sunbird', 0.32273895), (6185, 'Troglodytes solstitialis_Mountain Wren', 0.12823528), (3326, 'Machetornis rixosa_Cattle Tyrant', 0.04401808), (5256, 'Regulus satrapa_Golden-crowned Kinglet', 0.033082724), (3379, 'Malurus melanocephalus_Red-backed Fairywren', 0.032913327)]","{'temperature': 20.58, 'pressure': 950.39, 'humidity': 64.15}"
2026-02-09,10:52:52,"Chunk 0 from recording_20260209_105244.wav: [(6185, 'Troglodytes solstitialis_Mountain Wren', 0.29236335), (531, 'Asemospiza fuliginosa_Sooty Grassquit', 0.159563), (1931, 'Diglossa cyanea_Masked Flowerpiercer', 0.07028847), (532, 'Asemospiza obscura_Dull-colored Grassquit', 0.043745894), (5649, 'Sporathraupis cyanocephala_Blue-capped Tanager', 0.03974217)]","{'temperature': 20.6, 'pressure': 950.36, 'humidity': 64.34}"
2026-02-09,10:53:09,"Chunk 0 from recording_20260209_105302.wav: [(532, 'Asemospiza obscura_Dull-colored Grassquit', 0.47896203), (531, 'Asemospiza fuliginosa_Sooty Grassquit', 0.18175961), (6465, 'Zeledonia coronata_Wrenthrush', 0.080485195), (4862, 'Power tools_Power tools', 0.027140845), (1606, 'Coryphaspiza melanotis_Black-masked Finch', 0.0235977)]","{'temperature': 20.61, 'pressure': 950.4, 'humidity': 64.4}"
2026-02-09,10:53:15,"Chunk 0 from recording_20260209_105308.wav: [(532, 'Asemospiza obscura_Dull-colored Grassquit', 0.20744759), (5649, 'Sporathraupis cyanocephala_Blue-capped Tanager', 0.060908847), (6247, 'Turdus leucops_Pale-eyed Thrush', 0.051832356), (4396, 'Phaethornis malaris_Great-billed Hermit', 0.047533363), (6257, 'Turdus nigriceps_Andean Slaty Thrush', 0.036717225)]","{'temperature': 20.61, 'pressure': 950.39, 'humidity': 64.36}"
2026-02-09,10:53:22,"Chunk 0 from recording_20260209_105314.wav: [(6465, 'Zeledonia coronata_Wrenthrush', 0.226481), (532, 'Asemospiza obscura_Dull-colored Grassquit', 0.07667264), (3632, 'Molothrus ater_Brown-headed Cowbird', 0.05508534), (531, 'Asemospiza fuliginosa_Sooty Grassquit', 0.02236118), (6257, 'Turdus nigriceps_Andean Slaty Thrush', 0.022079987)]","{'temperature': 20.61, 'pressure': 950.38, 'humidity': 64.2}"
2026-02-09,10:55:14,"Chunk 0 from recording_20260209_105505.wav: [(532, 'Asemospiza obscura_Dull-colored Grassquit', 0.60700345), (3488, 'Melanospiza bicolor_Black-faced Grassquit', 0.10043184), (531, 'Asemospiza fuliginosa_Sooty Grassquit', 0.07114362), (656, 'Basileuterus melanogenys_Black-cheeked Warbler', 0.043939546), (1938, 'Diglossa plumbea_Slaty Flowerpiercer', 0.023214268)]","{'temperature': 20.63, 'pressure': 950.37, 'humidity': 63.93}"
2026-02-09,10:55:56,"Chunk 0 from recording_20260209_105547.wav: [(656, 'Basileuterus melanogenys_Black-cheeked Warbler', 0.22235407), (1450, 'Coeligena iris_Rainbow Starfrontlet', 0.058597643), (5907, 'Tangara nigroviridis_Beryl-spangled Tanager', 0.04309835), (3374, 'Malurus cyaneus_Superb Fairywren', 0.03860372), (2326, 'Florisuga fusca_Black Jacobin', 0.03482865)]","{'temperature': 20.64, 'pressure': 950.37, 'humidity': 63.83}"
2026-02-09,10:56:12,"Chunk 0 from recording_20260209_105605.wav: [(531, 'Asemospiza fuliginosa_Sooty Grassquit', 0.21300063), (532, 'Asemospiza obscura_Dull-colored Grassquit', 0.07789132), (1931, 'Diglossa cyanea_Masked Flowerpiercer', 0.014648691), (5681, 'Sporophila schistacea_Slate-colored Seedeater', 0.010411512), (5255, 'Regulus regulus_Goldcrest', 0.0078879865)]","{'temperature': 20.65, 'pressure': 950.37, 'humidity': 63.8}"
2026-02-09,10:56:25,"Chunk 0 from recording_20260209_105617.wav: [(1938, 'Diglossa plumbea_Slaty Flowerpiercer', 0.20633219), (988, 'Cardellina rubra_Red Warbler', 0.12403853), (6185, 'Troglodytes solstitialis_Mountain Wren', 0.0634005), (3374, 'Malurus cyaneus_Superb Fairywren', 0.06137867), (5649, 'Sporathraupis cyanocephala_Blue-capped Tanager', 0.055275865)]","{'temperature': 20.65, 'pressure': 950.36, 'humidity': 63.8}"
2026-02-09,10:57:00,"Chunk 0 from recording_20260209_105653.wav: [(532, 'Asemospiza obscura_Dull-colored Grassquit', 0.55427194), (6034, 'Threnetes leucurus_Pale-tailed Barbthroat', 0.04042277), (4396, 'Phaethornis malaris_Great-billed Hermit', 0.024236923), (531, 'Asemospiza fuliginosa_Sooty Grassquit', 0.0154867135), (6465, 'Zeledonia coronata_Wrenthrush', 0.01538877)]","{'temperature': 20.67, 'pressure': 950.36, 'humidity': 64.98}"
2026-02-09,10:57:13,"Chunk 0 from recording_20260209_105705.wav: [(532, 'Asemospiza obscura_Dull-colored Grassquit', 0.3119027), (531, 'Asemospiza fuliginosa_Sooty Grassquit', 0.113546126), (2677, 'Haplospiza unicolor_Uniform Finch', 0.031859443), (1060, ""Centronyx henslowii_Henslow's Sparrow"", 0.022738967), (6406, 'Volatinia jacarina_Blue-black Grassquit', 0.01445783)]","{'temperature': 20.67, 'pressure': 950.36, 'humidity': 64.3}"
2026-02-09,10:58:21,"Chunk 0 from recording_20260209_105812.wav: [(6465, 'Zeledonia coronata_Wrenthrush', 0.20414326), (573, 'Atlapetes albinucha_White-naped Brushfinch', 0.063569665), (4396, 'Phaethornis malaris_Great-billed Hermit', 0.030803738), (532, 'Asemospiza obscura_Dull-colored Grassquit', 0.021612974), (4395, 'Phaethornis longuemareus_Little Hermit', 0.01488961)]","{'temperature': 20.68, 'pressure': 950.37, 'humidity': 63.57}"
2026-02-09,10:58:43,"Chunk 0 from recording_20260209_105836.wav: [(532, 'Asemospiza obscura_Dull-colored Grassquit', 0.39279214), (531, 'Asemospiza fuliginosa_Sooty Grassquit', 0.036506586), (6185, 'Troglodytes solstitialis_Mountain Wren', 0.010323664), (3632, 'Molothrus ater_Brown-headed Cowbird', 0.0067448746), (5649, 'Sporathraupis cyanocephala_Blue-capped Tanager', 0.00667314)]","{'temperature': 20.69, 'pressure': 950.36, 'humidity': 63.51}"
2026-02-09,10:59:09,"Chunk 0 from recording_20260209_105900.wav: [(532, 'Asemospiza obscura_Dull-colored Grassquit', 0.3427502), (4395, 'Phaethornis longuemareus_Little Hermit', 0.059000917), (4723, 'Plectrophenax nivalis_Snow Bunting', 0.012989214), (6465, 'Zeledonia coronata_Wrenthrush', 0.012541755), (5649, 'Sporathraupis cyanocephala_Blue-capped Tanager', 0.0096634785)]","{'temperature': 20.7, 'pressure': 950.37, 'humidity': 63.49}"
2026-02-09,10:59:19,"Chunk 0 from recording_20260209_105912.wav: [(6465, 'Zeledonia coronata_Wrenthrush', 0.32626647), (531, 'Asemospiza fuliginosa_Sooty Grassquit', 0.2074608), (3632, 'Molothrus ater_Brown-headed Cowbird', 0.026844632), (532, 'Asemospiza obscura_Dull-colored Grassquit', 0.018120855), (2677, 'Haplospiza unicolor_Uniform Finch', 0.016671699)]","{'temperature': 20.71, 'pressure': 950.37, 'humidity': 63.49}"
2026-02-09,10:59:25,"Chunk 0 from recording_20260209_105918.wav: [(532, 'Asemospiza obscura_Dull-colored Grassquit', 0.49193025), (6465, 'Zeledonia coronata_Wrenthrush', 0.0877423), (531, 'Asemospiza fuliginosa_Sooty Grassquit', 0.039885707), (3632, 'Molothrus ater_Brown-headed Cowbird', 0.019531092), (4862, 'Power tools_Power tools', 0.013332561)]","{'temperature': 20.72, 'pressure': 950.36, 'humidity': 63.49}"
2026-02-09,11:00:04,"Chunk 0 from recording_20260209_105955.wav: [(4396, 'Phaethornis malaris_Great-billed Hermit', 0.21598454), (6185, 'Troglodytes solstitialis_Mountain Wren', 0.042005055), (531, 'Asemospiza fuliginosa_Sooty Grassquit', 0.03687405), (532, 'Asemospiza obscura_Dull-colored Grassquit', 0.020233983), (6465, 'Zeledonia coronata_Wrenthrush', 0.02002622)]","{'temperature': 20.73, 'pressure': 950.37, 'humidity': 63.44}"
2026-02-09,11:00:07,"Chunk 0 from recording_20260209_110001.wav: [(532, 'Asemospiza obscura_Dull-colored Grassquit', 0.2152777), (531, 'Asemospiza fuliginosa_Sooty Grassquit', 0.17506456), (3326, 'Machetornis rixosa_Cattle Tyrant', 0.04056971), (6185, 'Troglodytes solstitialis_Mountain Wren', 0.014002534), (231, 'Ammodramus savannarum_Grasshopper Sparrow', 0.010384884)]","{'temperature': 20.74, 'pressure': 950.36, 'humidity': 63.41}"
2026-02-09,11:00:13,"Chunk 0 from recording_20260209_110007.wav: [(532, 'Asemospiza obscura_Dull-colored Grassquit', 0.30074307), (1060, ""Centronyx henslowii_Henslow's Sparrow"", 0.07661518), (3632, 'Molothrus ater_Brown-headed Cowbird', 0.0125750275), (2677, 'Haplospiza unicolor_Uniform Finch', 0.012280948), (231, 'Ammodramus savannarum_Grasshopper Sparrow', 0.008997028)]","{'temperature': 20.74, 'pressure': 950.37, 'humidity': 63.39}"
2026-02-09,11:00:20,"Chunk 0 from recording_20260209_110013.wav: [(6465, 'Zeledonia coronata_Wrenthrush', 0.23578787), (573, 'Atlapetes albinucha_White-naped Brushfinch', 0.07075061), (532, 'Asemospiza obscura_Dull-colored Grassquit', 0.03699582), (4390, 'Phaethornis eurynome_Scale-throated Hermit', 0.03500905), (1211, 'Chlorestes cyanus_White-chinned Sapphire', 0.021022964)]","{'temperature': 20.75, 'pressure': 950.37, 'humidity': 63.35}"
2026-02-09,11:00:26,"Chunk 0 from recording_20260209_110019.wav: [(531, 'Asemospiza fuliginosa_Sooty Grassquit', 0.37804335), (1060, ""Centronyx henslowii_Henslow's Sparrow"", 0.14547648), (6465, 'Zeledonia coronata_Wrenthrush', 0.0789114), (3632, 'Molothrus ater_Brown-headed Cowbird', 0.022122055), (532, 'Asemospiza obscura_Dull-colored Grassquit', 0.020238053)]","{'temperature': 20.75, 'pressure': 950.36, 'humidity': 63.29}"
2026-02-09,11:00:39,"Chunk 0 from recording_20260209_110031.wav: [(532, 'Asemospiza obscura_Dull-colored Grassquit', 0.4282614), (223, 'Amblycorypha longinicta_Common Virtuoso Katydid', 0.23523143), (531, 'Asemospiza fuliginosa_Sooty Grassquit', 0.15193242), (3488, 'Melanospiza bicolor_Black-faced Grassquit', 0.082463354), (1515, 'Conocephalus brevipennis_Short-winged Meadow Katydid', 0.0358787)]","{'temperature': 20.76, 'pressure': 950.36, 'humidity': 63.31}"
2026-02-09,11:01:08,"Chunk 0 from recording_20260209_110101.wav: [(532, 'Asemospiza obscura_Dull-colored Grassquit', 0.7450736), (531, 'Asemospiza fuliginosa_Sooty Grassquit', 0.2758496), (3488, 'Melanospiza bicolor_Black-faced Grassquit', 0.053472105), (6465, 'Zeledonia coronata_Wrenthrush', 0.026855247), (2677, 'Haplospiza unicolor_Uniform Finch', 0.02583384)]","{'temperature': 20.76, 'pressure': 950.38, 'humidity': 63.37}"
2026-02-09,11:01:44,"Chunk 0 from recording_20260209_110137.wav: [(6185, 'Troglodytes solstitialis_Mountain Wren', 0.31626382), (6034, 'Threnetes leucurus_Pale-tailed Barbthroat', 0.18425456), (4593, 'Phylloscopus xanthoschistos_Gray-hooded Warbler', 0.041638326), (1345, 'Cinnyris chalybeus_Southern Double-collared Sunbird', 0.029637415), (6182, 'Troglodytes ochraceus_Ochraceous Wren', 0.025625538)]","{'temperature': 20.77, 'pressure': 950.36, 'humidity': 63.24}"
2026-02-09,11:01:50,"Chunk 0 from recording_20260209_110143.wav: [(531, 'Asemospiza fuliginosa_Sooty Grassquit', 0.29435897), (5522, 'Setophaga fusca_Blackburnian Warbler', 0.2476429), (6185, 'Troglodytes solstitialis_Mountain Wren', 0.07749438), (231, 'Ammodramus savannarum_Grasshopper Sparrow', 0.013430561), (3626, 'Mniotilta varia_Black-and-white Warbler', 0.013052584)]","{'temperature': 20.78, 'pressure': 950.38, 'humidity': 63.2}"
2026-02-09,11:01:56,"Chunk 0 from recording_20260209_110149.wav: [(532, 'Asemospiza obscura_Dull-colored Grassquit', 0.55629456), (531, 'Asemospiza fuliginosa_Sooty Grassquit', 0.096785), (5504, 'Serinus serinus_European Serin', 0.07682655), (231, 'Ammodramus savannarum_Grasshopper Sparrow', 0.054405194), (1928, 'Diglossa baritula_Cinnamon-bellied Flowerpiercer', 0.045944143)]","{'temperature': 20.79, 'pressure': 950.37, 'humidity': 63.26}"
2026-02-09,11:02:16,"Chunk 0 from recording_20260209_110207.wav: [(532, 'Asemospiza obscura_Dull-colored Grassquit', 0.2085181), (223, 'Amblycorypha longinicta_Common Virtuoso Katydid', 0.1128428), (531, 'Asemospiza fuliginosa_Sooty Grassquit', 0.07126445), (4059, 'Orchelimum agile_Agile Meadow Katydid', 0.055237994), (225, 'Amblycorypha rotundifolia_Rattler Round-winged Katydid', 0.020610875)]","{'temperature': 20.79, 'pressure': 950.35, 'humidity': 63.31}"
2026-02-09,11:03:04,"Chunk 0 from recording_20260209_110255.wav: [(532, 'Asemospiza obscura_Dull-colored Grassquit', 0.43920735), (5255, 'Regulus regulus_Goldcrest', 0.08285769), (6465, 'Zeledonia coronata_Wrenthrush', 0.029005572), (4395, 'Phaethornis longuemareus_Little Hermit', 0.023403797), (6406, 'Volatinia jacarina_Blue-black Grassquit', 0.018795885)]","{'temperature': 20.81, 'pressure': 950.38, 'humidity': 63.21}"
2026-02-09,11:03:14,"Chunk 0 from recording_20260209_110308.wav: [(6465, 'Zeledonia coronata_Wrenthrush', 0.25009084), (531, 'Asemospiza fuliginosa_Sooty Grassquit', 0.16518806), (532, 'Asemospiza obscura_Dull-colored Grassquit', 0.06257282), (1904, 'Dicaeum ignipectus_Fire-breasted Flowerpecker', 0.011632971), (3626, 'Mniotilta varia_Black-and-white Warbler', 0.009440623)]","{'temperature': 20.82, 'pressure': 950.36, 'humidity': 63.17}"
2026-02-09,11:03:21,"Chunk 0 from recording_20260209_110314.wav: [(988, 'Cardellina rubra_Red Warbler', 0.25747457), (532, 'Asemospiza obscura_Dull-colored Grassquit', 0.18345594), (656, 'Basileuterus melanogenys_Black-cheeked Warbler', 0.12169354), (4395, 'Phaethornis longuemareus_Little Hermit', 0.058655668), (6465, 'Zeledonia coronata_Wrenthrush', 0.049949605)]","{'temperature': 20.82, 'pressure': 950.38, 'humidity': 63.15}"
2026-02-09,11:03:27,"Chunk 0 from recording_20260209_110320.wav: [(3632, 'Molothrus ater_Brown-headed Cowbird', 0.21765956), (532, 'Asemospiza obscura_Dull-colored Grassquit', 0.06870717), (6465, 'Zeledonia coronata_Wrenthrush', 0.06448158), (1606, 'Coryphaspiza melanotis_Black-masked Finch', 0.01474848), (6185, 'Troglodytes solstitialis_Mountain Wren', 0.01217903)]","{'temperature': 20.83, 'pressure': 950.36, 'humidity': 63.14}"
2026-02-09,11:03:40,"Chunk 0 from recording_20260209_110332.wav: [(225, 'Amblycorypha rotundifolia_Rattler Round-winged Katydid', 0.4140791), (4061, 'Orchelimum pulchellum_Handsome Meadow Katydid', 0.25236127), (4059, 'Orchelimum agile_Agile Meadow Katydid', 0.16050492), (6185, 'Troglodytes solstitialis_Mountain Wren', 0.031325962), (3326, 'Machetornis rixosa_Cattle Tyrant', 0.02771087)]","{'temperature': 20.84, 'pressure': 950.35, 'humidity': 63.06}"
2026-02-09,11:04:28,"Chunk 0 from recording_20260209_110420.wav: [(532, 'Asemospiza obscura_Dull-colored Grassquit', 0.35220012), (6257, 'Turdus nigriceps_Andean Slaty Thrush', 0.24952659), (1748, 'Cyanocitta cristata_Blue Jay', 0.082437), (1938, 'Diglossa plumbea_Slaty Flowerpiercer', 0.046859164), (2251, 'Euphonia xanthogaster_Orange-bellied Euphonia', 0.041680768)]","{'temperature': 20.85, 'pressure': 950.36, 'humidity': 63.08}"
2026-02-09,11:05:16,"Chunk 0 from recording_20260209_110508.wav: [(6465, 'Zeledonia coronata_Wrenthrush', 0.27756637), (6185, 'Troglodytes solstitialis_Mountain Wren', 0.0816094), (532, 'Asemospiza obscura_Dull-colored Grassquit', 0.025226481), (6257, 'Turdus nigriceps_Andean Slaty Thrush', 0.01760063), (5491, 'Sephanoides sephaniodes_Green-backed Firecrown', 0.006015026)]","{'temperature': 20.86, 'pressure': 950.38, 'humidity': 62.89}"
2026-02-09,11:06:10,"Chunk 0 from recording_20260209_110602.wav: [(532, 'Asemospiza obscura_Dull-colored Grassquit', 0.20086522), (3326, 'Machetornis rixosa_Cattle Tyrant', 0.045130208), (3632, 'Molothrus ater_Brown-headed Cowbird', 0.045011967), (4390, 'Phaethornis eurynome_Scale-throated Hermit', 0.027541941), (1450, 'Coeligena iris_Rainbow Starfrontlet', 0.021786526)]","{'temperature': 20.88, 'pressure': 950.37, 'humidity': 62.77}"
2026-02-09,11:06:23,"Chunk 0 from recording_20260209_110614.wav: [(3326, 'Machetornis rixosa_Cattle Tyrant', 0.54309154), (3632, 'Molothrus ater_Brown-headed Cowbird', 0.08913434), (4396, 'Phaethornis malaris_Great-billed Hermit', 0.051269334), (3603, 'Mionectes striaticollis_Streak-necked Flycatcher', 0.035304658), (6465, 'Zeledonia coronata_Wrenthrush', 0.031376995)]","{'temperature': 20.89, 'pressure': 950.35, 'humidity': 62.74}"
2026-02-09,11:06:46,"Chunk 0 from recording_20260209_110639.wav: [(3632, 'Molothrus ater_Brown-headed Cowbird', 0.23865193), (2946, 'Incaspiza ortizi_Gray-winged Inca-Finch', 0.06517188), (1060, ""Centronyx henslowii_Henslow's Sparrow"", 0.034824803), (6465, 'Zeledonia coronata_Wrenthrush', 0.020896759), (6185, 'Troglodytes solstitialis_Mountain Wren', 0.014388238)]","{'temperature': 20.91, 'pressure': 950.36, 'humidity': 62.78}"
2026-02-09,11:07:05,"Chunk 0 from recording_20260209_110657.wav: [(532, 'Asemospiza obscura_Dull-colored Grassquit', 0.8604778), (531, 'Asemospiza fuliginosa_Sooty Grassquit', 0.040458012), (3488, 'Melanospiza bicolor_Black-faced Grassquit', 0.01965545), (6465, 'Zeledonia coronata_Wrenthrush', 0.012077231), (231, 'Ammodramus savannarum_Grasshopper Sparrow', 0.011095465)]","{'temperature': 20.92, 'pressure': 950.34, 'humidity': 62.71}"
2026-02-09,11:07:11,"Chunk 0 from recording_20260209_110703.wav: [(532, 'Asemospiza obscura_Dull-colored Grassquit', 0.2183865), (531, 'Asemospiza fuliginosa_Sooty Grassquit', 0.13443899), (6465, 'Zeledonia coronata_Wrenthrush', 0.10242482), (6257, 'Turdus nigriceps_Andean Slaty Thrush', 0.07214953), (6247, 'Turdus leucops_Pale-eyed Thrush', 0.016327862)]","{'temperature': 20.93, 'pressure': 950.36, 'humidity': 62.63}"
2026-02-09,11:10:08,"Chunk 0 from recording_20260209_110959.wav: [(3632, 'Molothrus ater_Brown-headed Cowbird', 0.30048093), (1254, 'Chlorospingus pileatus_Sooty-capped Chlorospingus', 0.08205144), (3506, 'Mellisuga helenae_Bee Hummingbird', 0.02085253), (1450, 'Coeligena iris_Rainbow Starfrontlet', 0.01522755), (3603, 'Mionectes striaticollis_Streak-necked Flycatcher', 0.013307192)]","{'temperature': 21.03, 'pressure': 950.35, 'humidity': 62.36}"
2026-02-09,11:10:18,"Chunk 0 from recording_20260209_111011.wav: [(1060, ""Centronyx henslowii_Henslow's Sparrow"", 0.37033337), (231, 'Ammodramus savannarum_Grasshopper Sparrow', 0.029610509), (5637, ""Spizella breweri_Brewer's Sparrow"", 0.027353682), (5551, 'Sicalis luteola_Grassland Yellow-Finch', 0.017017161), (1254, 'Chlorospingus pileatus_Sooty-capped Chlorospingus', 0.014309577)]","{'temperature': 21.04, 'pressure': 950.37, 'humidity': 62.33}"
2026-02-09,11:10:24,"Chunk 0 from recording_20260209_111017.wav: [(532, 'Asemospiza obscura_Dull-colored Grassquit', 0.3193624), (4862, 'Power tools_Power tools', 0.062095344), (6465, 'Zeledonia coronata_Wrenthrush', 0.03271906), (2143, 'Engine_Engine', 0.02683809), (1606, 'Coryphaspiza melanotis_Black-masked Finch', 0.016236434)]","{'temperature': 21.04, 'pressure': 950.37, 'humidity': 62.34}"
2026-02-09,11:10:56,"Chunk 0 from recording_20260209_111047.wav: [(1211, 'Chlorestes cyanus_White-chinned Sapphire', 0.24684002), (6034, 'Threnetes leucurus_Pale-tailed Barbthroat', 0.06007741), (3326, 'Machetornis rixosa_Cattle Tyrant', 0.029477682), (532, 'Asemospiza obscura_Dull-colored Grassquit', 0.018118663), (6465, 'Zeledonia coronata_Wrenthrush', 0.017934084)]","{'temperature': 21.06, 'pressure': 950.38, 'humidity': 62.22}"
2026-02-09,11:11:00,"Chunk 0 from recording_20260209_111053.wav: [(532, 'Asemospiza obscura_Dull-colored Grassquit', 0.49571228), (6465, 'Zeledonia coronata_Wrenthrush', 0.12073343), (656, 'Basileuterus melanogenys_Black-cheeked Warbler', 0.03432252), (1606, 'Coryphaspiza melanotis_Black-masked Finch', 0.029673751), (531, 'Asemospiza fuliginosa_Sooty Grassquit', 0.02278243)]","{'temperature': 21.06, 'pressure': 950.38, 'humidity': 62.19}"
2026-02-09,11:11:06,"Chunk 0 from recording_20260209_111059.wav: [(531, 'Asemospiza fuliginosa_Sooty Grassquit', 0.48456672), (532, 'Asemospiza obscura_Dull-colored Grassquit', 0.14835449), (3488, 'Melanospiza bicolor_Black-faced Grassquit', 0.014124744), (6465, 'Zeledonia coronata_Wrenthrush', 0.011871079), (5522, 'Setophaga fusca_Blackburnian Warbler', 0.006269056)]","{'temperature': 21.07, 'pressure': 950.37, 'humidity': 62.22}"
2026-02-09,11:11:19,"Chunk 0 from recording_20260209_111111.wav: [(6465, 'Zeledonia coronata_Wrenthrush', 0.33915967), (5255, 'Regulus regulus_Goldcrest', 0.07984852), (532, 'Asemospiza obscura_Dull-colored Grassquit', 0.0699883), (656, 'Basileuterus melanogenys_Black-cheeked Warbler', 0.035526477), (6247, 'Turdus leucops_Pale-eyed Thrush', 0.028025609)]","{'temperature': 21.07, 'pressure': 950.36, 'humidity': 62.23}"
2026-02-09,11:12:26,"Chunk 0 from recording_20260209_111218.wav: [(6465, 'Zeledonia coronata_Wrenthrush', 0.31332803), (532, 'Asemospiza obscura_Dull-colored Grassquit', 0.029155603), (4779, 'Poecile rufescens_Chestnut-backed Chickadee', 0.014874693), (4396, 'Phaethornis malaris_Great-billed Hermit', 0.014123383), (4862, 'Power tools_Power tools', 0.014117934)]","{'temperature': 21.1, 'pressure': 950.36, 'humidity': 62.07}"
2026-02-09,11:13:38,"Chunk 0 from recording_20260209_111331.wav: [(656, 'Basileuterus melanogenys_Black-cheeked Warbler', 0.2572642), (988, 'Cardellina rubra_Red Warbler', 0.13925444), (4862, 'Power tools_Power tools', 0.044710055), (4678, 'Piranga leucoptera_White-winged Tanager', 0.033443008), (513, 'Arremon virenticeps_Green-striped Brushfinch', 0.029302869)]","{'temperature': 21.13, 'pressure': 950.33, 'humidity': 61.96}"
2026-02-09,11:14:00,"Chunk 0 from recording_20260209_111349.wav: [(656, 'Basileuterus melanogenys_Black-cheeked Warbler', 0.20292363), (1254, 'Chlorospingus pileatus_Sooty-capped Chlorospingus', 0.19760866), (5522, 'Setophaga fusca_Blackburnian Warbler', 0.029504305), (3394, 'Margarornis rubiginosus_Ruddy Treerunner', 0.018406635), (3632, 'Molothrus ater_Brown-headed Cowbird', 0.014375565)]","{'temperature': 21.13, 'pressure': 950.32, 'humidity': 61.99}"
2026-02-09,11:14:33,"Chunk 0 from recording_20260209_111425.wav: [(532, 'Asemospiza obscura_Dull-colored Grassquit', 0.21964651), (6247, 'Turdus leucops_Pale-eyed Thrush', 0.11130364), (5649, 'Sporathraupis cyanocephala_Blue-capped Tanager', 0.081266806), (656, 'Basileuterus melanogenys_Black-cheeked Warbler', 0.06021216), (1938, 'Diglossa plumbea_Slaty Flowerpiercer', 0.032927334)]","{'temperature': 21.15, 'pressure': 950.32, 'humidity': 61.88}"
2026-02-09,11:14:59,"Chunk 0 from recording_20260209_111449.wav: [(532, 'Asemospiza obscura_Dull-colored Grassquit', 0.64537925), (531, 'Asemospiza fuliginosa_Sooty Grassquit', 0.045844514), (231, 'Ammodramus savannarum_Grasshopper Sparrow', 0.010233604), (5255, 'Regulus regulus_Goldcrest', 0.00881462), (3379, 'Malurus melanocephalus_Red-backed Fairywren', 0.0053220964)]","{'temperature': 21.16, 'pressure': 950.33, 'humidity': 61.82}"
2026-02-09,11:15:02,"Chunk 0 from recording_20260209_111455.wav: [(532, 'Asemospiza obscura_Dull-colored Grassquit', 0.665182), (531, 'Asemospiza fuliginosa_Sooty Grassquit', 0.20271286), (6465, 'Zeledonia coronata_Wrenthrush', 0.12756267), (2677, 'Haplospiza unicolor_Uniform Finch', 0.025236214), (2143, 'Engine_Engine', 0.02365354)]","{'temperature': 21.16, 'pressure': 950.32, 'humidity': 61.81}"
2026-02-09,11:15:22,"Chunk 0 from recording_20260209_111513.wav: [(656, 'Basileuterus melanogenys_Black-cheeked Warbler', 0.26662856), (5907, 'Tangara nigroviridis_Beryl-spangled Tanager', 0.13189536), (6247, 'Turdus leucops_Pale-eyed Thrush', 0.050390217), (3003, 'Kleinothraupis atropileus_Black-capped Hemispingus', 0.043795228), (6257, 'Turdus nigriceps_Andean Slaty Thrush', 0.030538477)]","{'temperature': 21.16, 'pressure': 950.31, 'humidity': 61.77}"
2026-02-09,11:15:45,"Chunk 0 from recording_20260209_111537.wav: [(6185, 'Troglodytes solstitialis_Mountain Wren', 0.2056772), (531, 'Asemospiza fuliginosa_Sooty Grassquit', 0.0688543), (532, 'Asemospiza obscura_Dull-colored Grassquit', 0.05506909), (6465, 'Zeledonia coronata_Wrenthrush', 0.045796864), (3632, 'Molothrus ater_Brown-headed Cowbird', 0.04136541)]","{'temperature': 21.17, 'pressure': 950.3, 'humidity': 61.78}"
2026-02-09,11:15:57,"Chunk 0 from recording_20260209_111550.wav: [(532, 'Asemospiza obscura_Dull-colored Grassquit', 0.48702115), (531, 'Asemospiza fuliginosa_Sooty Grassquit', 0.30123428), (1060, ""Centronyx henslowii_Henslow's Sparrow"", 0.11390956), (1467, 'Colibri cyanotus_Lesser Violetear', 0.006713421), (6465, 'Zeledonia coronata_Wrenthrush', 0.0054128757)]","{'temperature': 21.18, 'pressure': 950.3, 'humidity': 61.87}"
2026-02-09,11:16:58,"Chunk 0 from recording_20260209_111650.wav: [(532, 'Asemospiza obscura_Dull-colored Grassquit', 0.60290354), (6465, 'Zeledonia coronata_Wrenthrush', 0.10990713), (531, 'Asemospiza fuliginosa_Sooty Grassquit', 0.08357456), (3488, 'Melanospiza bicolor_Black-faced Grassquit', 0.0057395375), (2677, 'Haplospiza unicolor_Uniform Finch', 0.0051457123)]","{'temperature': 21.21, 'pressure': 950.3, 'humidity': 61.79}"
2026-02-09,11:17:46,"Chunk 0 from recording_20260209_111738.wav: [(6465, 'Zeledonia coronata_Wrenthrush', 0.22755563), (6247, 'Turdus leucops_Pale-eyed Thrush', 0.11036729), (3632, 'Molothrus ater_Brown-headed Cowbird', 0.084844194), (6257, 'Turdus nigriceps_Andean Slaty Thrush', 0.052684966), (4862, 'Power tools_Power tools', 0.03458313)]","{'temperature': 21.23, 'pressure': 950.27, 'humidity': 61.73}"
2026-02-09,11:19:00,"Chunk 0 from recording_20260209_111850.wav: [(532, 'Asemospiza obscura_Dull-colored Grassquit', 0.3188203), (531, 'Asemospiza fuliginosa_Sooty Grassquit', 0.040180545), (3326, 'Machetornis rixosa_Cattle Tyrant', 0.021327702), (5649, 'Sporathraupis cyanocephala_Blue-capped Tanager', 0.014218348), (6257, 'Turdus nigriceps_Andean Slaty Thrush', 0.007566832)]","{'temperature': 21.26, 'pressure': 950.32, 'humidity': 61.55}"
2026-02-09,11:19:29,"Chunk 0 from recording_20260209_111921.wav: [(1060, ""Centronyx henslowii_Henslow's Sparrow"", 0.21365178), (532, 'Asemospiza obscura_Dull-colored Grassquit', 0.12505828), (5551, 'Sicalis luteola_Grassland Yellow-Finch', 0.06692271), (1938, 'Diglossa plumbea_Slaty Flowerpiercer', 0.04562026), (6185, 'Troglodytes solstitialis_Mountain Wren', 0.041193955)]","{'temperature': 21.27, 'pressure': 950.3, 'humidity': 61.53}"
2026-02-09,11:19:48,"Chunk 0 from recording_20260209_111939.wav: [(6312, 'Tyrannus tyrannus_Eastern Kingbird', 0.28597337), (3685, 'Muscicapa striata_Spotted Flycatcher', 0.049870163), (5551, 'Sicalis luteola_Grassland Yellow-Finch', 0.035258647), (1060, ""Centronyx henslowii_Henslow's Sparrow"", 0.028203232), (4814, 'Polioptila caerulea_Blue-gray Gnatcatcher', 0.0145957265)]","{'temperature': 21.27, 'pressure': 950.31, 'humidity': 61.52}"
2026-02-09,11:19:57,"Chunk 0 from recording_20260209_111951.wav: [(5255, 'Regulus regulus_Goldcrest', 0.6506709), (231, 'Ammodramus savannarum_Grasshopper Sparrow', 0.13788967), (1931, 'Diglossa cyanea_Masked Flowerpiercer', 0.09431716), (1938, 'Diglossa plumbea_Slaty Flowerpiercer', 0.06813556), (1031, 'Catharus gracilirostris_Black-billed Nightingale-Thrush', 0.029381232)]","{'temperature': 21.28, 'pressure': 950.3, 'humidity': 61.5}"
2026-02-09,11:20:17,"Chunk 0 from recording_20260209_112009.wav: [(656, 'Basileuterus melanogenys_Black-cheeked Warbler', 0.31562057), (5522, 'Setophaga fusca_Blackburnian Warbler', 0.23678242), (3626, 'Mniotilta varia_Black-and-white Warbler', 0.11066815), (1254, 'Chlorospingus pileatus_Sooty-capped Chlorospingus', 0.0664424), (1904, 'Dicaeum ignipectus_Fire-breasted Flowerpecker', 0.033085763)]","{'temperature': 21.29, 'pressure': 950.28, 'humidity': 61.45}"
2026-02-09,11:20:23,"Chunk 0 from recording_20260209_112015.wav: [(532, 'Asemospiza obscura_Dull-colored Grassquit', 0.30788606), (223, 'Amblycorypha longinicta_Common Virtuoso Katydid', 0.10950618), (2677, 'Haplospiza unicolor_Uniform Finch', 0.10114241), (3488, 'Melanospiza bicolor_Black-faced Grassquit', 0.08902502), (6465, 'Zeledonia coronata_Wrenthrush', 0.07534507)]","{'temperature': 21.29, 'pressure': 950.29, 'humidity': 61.41}"
2026-02-09,11:20:30,"Chunk 0 from recording_20260209_112021.wav: [(532, 'Asemospiza obscura_Dull-colored Grassquit', 0.46542016), (6465, 'Zeledonia coronata_Wrenthrush', 0.057553615), (6185, 'Troglodytes solstitialis_Mountain Wren', 0.03302793), (4395, 'Phaethornis longuemareus_Little Hermit', 0.020667091), (4862, 'Power tools_Power tools', 0.018246448)]","{'temperature': 21.29, 'pressure': 950.3, 'humidity': 61.42}"
2026-02-09,11:20:52,"Chunk 0 from recording_20260209_112045.wav: [(6465, 'Zeledonia coronata_Wrenthrush', 0.46701628), (532, 'Asemospiza obscura_Dull-colored Grassquit', 0.10262174), (5907, 'Tangara nigroviridis_Beryl-spangled Tanager', 0.041710254), (1606, 'Coryphaspiza melanotis_Black-masked Finch', 0.041576225), (2946, 'Incaspiza ortizi_Gray-winged Inca-Finch', 0.02366008)]","{'temperature': 21.29, 'pressure': 950.27, 'humidity': 61.41}"
2026-02-09,11:20:59,"Chunk 0 from recording_20260209_112051.wav: [(6034, 'Threnetes leucurus_Pale-tailed Barbthroat', 0.25134775), (231, 'Ammodramus savannarum_Grasshopper Sparrow', 0.076461166), (6465, 'Zeledonia coronata_Wrenthrush', 0.058066778), (656, 'Basileuterus melanogenys_Black-cheeked Warbler', 0.043041475), (225, 'Amblycorypha rotundifolia_Rattler Round-winged Katydid', 0.037372638)]","{'temperature': 21.3, 'pressure': 950.27, 'humidity': 61.37}"
2026-02-09,11:21:24,"Chunk 0 from recording_20260209_112115.wav: [(532, 'Asemospiza obscura_Dull-colored Grassquit', 0.20512174), (1450, 'Coeligena iris_Rainbow Starfrontlet', 0.118820645), (6034, 'Threnetes leucurus_Pale-tailed Barbthroat', 0.111810036), (1060, ""Centronyx henslowii_Henslow's Sparrow"", 0.08799746), (3506, 'Mellisuga helenae_Bee Hummingbird', 0.083381966)]","{'temperature': 21.31, 'pressure': 950.28, 'humidity': 61.4}"
2026-02-09,11:22:00,"Chunk 0 from recording_20260209_112151.wav: [(3632, 'Molothrus ater_Brown-headed Cowbird', 0.6863957), (1060, ""Centronyx henslowii_Henslow's Sparrow"", 0.017523304), (4061, 'Orchelimum pulchellum_Handsome Meadow Katydid', 0.007565374), (3506, 'Mellisuga helenae_Bee Hummingbird', 0.0072910096), (4059, 'Orchelimum agile_Agile Meadow Katydid', 0.0068541826)]","{'temperature': 21.32, 'pressure': 950.27, 'humidity': 61.38}"
2026-02-09,11:22:19,"Chunk 0 from recording_20260209_112209.wav: [(6465, 'Zeledonia coronata_Wrenthrush', 0.79255617), (532, 'Asemospiza obscura_Dull-colored Grassquit', 0.19356629), (3488, 'Melanospiza bicolor_Black-faced Grassquit', 0.03613143), (1606, 'Coryphaspiza melanotis_Black-masked Finch', 0.03340317), (1060, ""Centronyx henslowii_Henslow's Sparrow"", 0.019995213)]","{'temperature': 21.32, 'pressure': 950.26, 'humidity': 61.33}"
2026-02-09,11:22:54,"Chunk 0 from recording_20260209_112246.wav: [(532, 'Asemospiza obscura_Dull-colored Grassquit', 0.23760983), (4862, 'Power tools_Power tools', 0.009494369), (6465, 'Zeledonia coronata_Wrenthrush', 0.009433379), (231, 'Ammodramus savannarum_Grasshopper Sparrow', 0.008585405), (223, 'Amblycorypha longinicta_Common Virtuoso Katydid', 0.0079030655)]","{'temperature': 21.33, 'pressure': 950.27, 'humidity': 61.28}"
2026-02-09,11:23:17,"Chunk 0 from recording_20260209_112310.wav: [(656, 'Basileuterus melanogenys_Black-cheeked Warbler', 0.5792464), (5907, 'Tangara nigroviridis_Beryl-spangled Tanager', 0.03027124), (5551, 'Sicalis luteola_Grassland Yellow-Finch', 0.022097878), (1253, 'Chlorospingus flavopectus_Common Chlorospingus', 0.021398349), (3865, 'Nemosia pileata_Hooded Tanager', 0.021220159)]","{'temperature': 21.34, 'pressure': 950.25, 'humidity': 61.16}"
2026-02-09,11:26:53,"Chunk 0 from recording_20260209_112646.wav: [(531, 'Asemospiza fuliginosa_Sooty Grassquit', 0.20381705), (532, 'Asemospiza obscura_Dull-colored Grassquit', 0.14542115), (656, 'Basileuterus melanogenys_Black-cheeked Warbler', 0.03241363), (4862, 'Power tools_Power tools', 0.020891447), (2143, 'Engine_Engine', 0.016295375)]","{'temperature': 21.41, 'pressure': 950.26, 'humidity': 60.9}"
2026-02-09,11:26:59,"Chunk 0 from recording_20260209_112652.wav: [(532, 'Asemospiza obscura_Dull-colored Grassquit', 0.21257743), (531, 'Asemospiza fuliginosa_Sooty Grassquit', 0.12286643), (1060, ""Centronyx henslowii_Henslow's Sparrow"", 0.031714268), (6465, 'Zeledonia coronata_Wrenthrush', 0.02874011), (6185, 'Troglodytes solstitialis_Mountain Wren', 0.016322348)]","{'temperature': 21.42, 'pressure': 950.25, 'humidity': 60.87}"
2026-02-09,11:27:06,"Chunk 0 from recording_20260209_112658.wav: [(3626, 'Mniotilta varia_Black-and-white Warbler', 0.57948184), (4396, 'Phaethornis malaris_Great-billed Hermit', 0.06624563), (1904, 'Dicaeum ignipectus_Fire-breasted Flowerpecker', 0.056583658), (656, 'Basileuterus melanogenys_Black-cheeked Warbler', 0.056427155), (4059, 'Orchelimum agile_Agile Meadow Katydid', 0.026953267)]","{'temperature': 21.42, 'pressure': 950.24, 'humidity': 60.9}"
2026-02-09,11:28:33,"Chunk 0 from recording_20260209_112824.wav: [(3632, 'Molothrus ater_Brown-headed Cowbird', 0.20056835), (6185, 'Troglodytes solstitialis_Mountain Wren', 0.013742992), (1060, ""Centronyx henslowii_Henslow's Sparrow"", 0.011121069), (6465, 'Zeledonia coronata_Wrenthrush', 0.010607918), (2946, 'Incaspiza ortizi_Gray-winged Inca-Finch', 0.003992743)]","{'temperature': 21.44, 'pressure': 950.24, 'humidity': 60.81}"
2026-02-09,11:28:37,"Chunk 0 from recording_20260209_112830.wav: [(6406, 'Volatinia jacarina_Blue-black Grassquit', 0.40067422), (532, 'Asemospiza obscura_Dull-colored Grassquit', 0.1548108), (656, 'Basileuterus melanogenys_Black-cheeked Warbler', 0.14462185), (2311, 'Ficedula hyperythra_Snowy-browed Flycatcher', 0.08807949), (231, 'Ammodramus savannarum_Grasshopper Sparrow', 0.067449465)]","{'temperature': 21.44, 'pressure': 950.25, 'humidity': 60.78}"
2026-02-09,11:28:50,"Chunk 0 from recording_20260209_112842.wav: [(532, 'Asemospiza obscura_Dull-colored Grassquit', 0.29880756), (6465, 'Zeledonia coronata_Wrenthrush', 0.11688309), (531, 'Asemospiza fuliginosa_Sooty Grassquit', 0.041707955), (6247, 'Turdus leucops_Pale-eyed Thrush', 0.03350013), (5907, 'Tangara nigroviridis_Beryl-spangled Tanager', 0.024159908)]","{'temperature': 21.44, 'pressure': 950.24, 'humidity': 60.76}"
2026-02-09,11:28:56,"Chunk 0 from recording_20260209_112848.wav: [(532, 'Asemospiza obscura_Dull-colored Grassquit', 0.39850217), (531, 'Asemospiza fuliginosa_Sooty Grassquit', 0.17759445), (6465, 'Zeledonia coronata_Wrenthrush', 0.06677657), (3488, 'Melanospiza bicolor_Black-faced Grassquit', 0.011770269), (6257, 'Turdus nigriceps_Andean Slaty Thrush', 0.00936676)]","{'temperature': 21.44, 'pressure': 950.24, 'humidity': 60.77}"
2026-02-09,11:39:16,"Chunk 0 from recording_20260209_112943.wav: [(532, 'Asemospiza obscura_Dull-colored Grassquit', 0.5087471), (531, 'Asemospiza fuliginosa_Sooty Grassquit', 0.3453396), (5648, 'Spodiornis rusticus_Slaty Finch', 0.012253573), (2677, 'Haplospiza unicolor_Uniform Finch', 0.012236704), (656, 'Basileuterus melanogenys_Black-cheeked Warbler', 0.009514236)]","{'temperature': 21.61, 'pressure': 950.16, 'humidity': 60.05}"
2026-02-09,11:39:19,"Chunk 0 from recording_20260209_113911.wav: [(6185, 'Troglodytes solstitialis_Mountain Wren', 0.35302004), (6465, 'Zeledonia coronata_Wrenthrush', 0.03318312), (2965, 'Iridosornis analis_Yellow-throated Tanager', 0.032299664), (4593, 'Phylloscopus xanthoschistos_Gray-hooded Warbler', 0.027331153), (4862, 'Power tools_Power tools', 0.01749979)]","{'temperature': 21.61, 'pressure': 950.15, 'humidity': 60.06}"
2026-02-09,11:39:42,"Chunk 0 from recording_20260209_113935.wav: [(532, 'Asemospiza obscura_Dull-colored Grassquit', 0.20192607), (531, 'Asemospiza fuliginosa_Sooty Grassquit', 0.1978192), (4862, 'Power tools_Power tools', 0.14554447), (2818, 'Human non-vocal_Human non-vocal', 0.11591488), (5681, 'Sporophila schistacea_Slate-colored Seedeater', 0.06346589)]","{'temperature': 21.61, 'pressure': 950.14, 'humidity': 60.06}"
2026-02-09,11:43:14,"Chunk 0 from recording_20260209_114306.wav: [(6185, 'Troglodytes solstitialis_Mountain Wren', 0.20453362), (656, 'Basileuterus melanogenys_Black-cheeked Warbler', 0.11495177), (4862, 'Power tools_Power tools', 0.048248976), (3777, 'Myiothlypis conspicillata_White-lored Warbler', 0.026586615), (5907, 'Tangara nigroviridis_Beryl-spangled Tanager', 0.0245482)]","{'temperature': 21.64, 'pressure': 950.15, 'humidity': 59.8}"
2026-02-09,11:43:40,"Chunk 0 from recording_20260209_114331.wav: [(6185, 'Troglodytes solstitialis_Mountain Wren', 0.28938115), (3632, 'Molothrus ater_Brown-headed Cowbird', 0.1921425), (4862, 'Power tools_Power tools', 0.16948427), (2609, 'Gun_Gun', 0.036182698), (2143, 'Engine_Engine', 0.024287159)]","{'temperature': 21.64, 'pressure': 950.15, 'humidity': 59.88}"
2026-02-09,11:44:02,"Chunk 0 from recording_20260209_114355.wav: [(6185, 'Troglodytes solstitialis_Mountain Wren', 0.51578635), (6465, 'Zeledonia coronata_Wrenthrush', 0.36065564), (532, 'Asemospiza obscura_Dull-colored Grassquit', 0.35372013), (4862, 'Power tools_Power tools', 0.022841705), (2609, 'Gun_Gun', 0.017138185)]","{'temperature': 21.65, 'pressure': 950.12, 'humidity': 59.79}"
2026-02-09,11:44:31,"Chunk 0 from recording_20260209_114425.wav: [(6465, 'Zeledonia coronata_Wrenthrush', 0.55935854), (4400, 'Phaethornis rupurumii_Streak-throated Hermit', 0.047367357), (2946, 'Incaspiza ortizi_Gray-winged Inca-Finch', 0.042741206), (4862, 'Power tools_Power tools', 0.04068897), (2143, 'Engine_Engine', 0.030017542)]","{'temperature': 21.66, 'pressure': 950.12, 'humidity': 59.8}"
2026-02-09,11:44:51,"Chunk 0 from recording_20260209_114443.wav: [(6185, 'Troglodytes solstitialis_Mountain Wren', 0.21172473), (6465, 'Zeledonia coronata_Wrenthrush', 0.07560815), (4862, 'Power tools_Power tools', 0.04503933), (2609, 'Gun_Gun', 0.040435188), (532, 'Asemospiza obscura_Dull-colored Grassquit', 0.037247773)]","{'temperature': 21.66, 'pressure': 950.09, 'humidity': 59.73}"
2026-02-09,11:45:54,"Chunk 0 from recording_20260209_114547.wav: [(4862, 'Power tools_Power tools', 0.21534231), (2609, 'Gun_Gun', 0.07408426), (2143, 'Engine_Engine', 0.063606955), (6185, 'Troglodytes solstitialis_Mountain Wren', 0.024261702), (2325, 'Fireworks_Fireworks', 0.014697839)]","{'temperature': 21.67, 'pressure': 950.11, 'humidity': 59.59}"
2026-02-09,11:49:12,"Chunk 0 from recording_20260209_114905.wav: [(6185, 'Troglodytes solstitialis_Mountain Wren', 0.5067882), (532, 'Asemospiza obscura_Dull-colored Grassquit', 0.084998876), (4593, 'Phylloscopus xanthoschistos_Gray-hooded Warbler', 0.025035527), (1928, 'Diglossa baritula_Cinnamon-bellied Flowerpiercer', 0.007646323), (6465, 'Zeledonia coronata_Wrenthrush', 0.0043699252)]","{'temperature': 21.71, 'pressure': 950.09, 'humidity': 59.68}"
2026-02-09,11:49:37,"Chunk 0 from recording_20260209_114929.wav: [(531, 'Asemospiza fuliginosa_Sooty Grassquit', 0.24939202), (3783, 'Myiothlypis leucophrys_White-striped Warbler', 0.07029297), (2609, 'Gun_Gun', 0.048574284), (4862, 'Power tools_Power tools', 0.03882549), (231, 'Ammodramus savannarum_Grasshopper Sparrow', 0.026656711)]","{'temperature': 21.72, 'pressure': 950.09, 'humidity': 60.15}"
2026-02-09,11:49:53,"Chunk 0 from recording_20260209_114947.wav: [(656, 'Basileuterus melanogenys_Black-cheeked Warbler', 0.38786402), (1938, 'Diglossa plumbea_Slaty Flowerpiercer', 0.10886335), (4862, 'Power tools_Power tools', 0.08918029), (5907, 'Tangara nigroviridis_Beryl-spangled Tanager', 0.063535), (4963, 'Pseudospingus verticalis_Black-headed Hemispingus', 0.0402005)]","{'temperature': 21.72, 'pressure': 950.08, 'humidity': 59.8}"
2026-02-09,11:50:00,"Chunk 0 from recording_20260209_114953.wav: [(6465, 'Zeledonia coronata_Wrenthrush', 0.4964208), (2143, 'Engine_Engine', 0.03144081), (6185, 'Troglodytes solstitialis_Mountain Wren', 0.026500694), (532, 'Asemospiza obscura_Dull-colored Grassquit', 0.020297876), (4862, 'Power tools_Power tools', 0.018182345)]","{'temperature': 21.72, 'pressure': 950.08, 'humidity': 59.76}"
2026-02-09,11:50:25,"Chunk 0 from recording_20260209_115017.wav: [(6465, 'Zeledonia coronata_Wrenthrush', 0.21461257), (532, 'Asemospiza obscura_Dull-colored Grassquit', 0.11428095), (3632, 'Molothrus ater_Brown-headed Cowbird', 0.036707975), (6185, 'Troglodytes solstitialis_Mountain Wren', 0.0184114), (531, 'Asemospiza fuliginosa_Sooty Grassquit', 0.01819734)]","{'temperature': 21.72, 'pressure': 950.06, 'humidity': 59.66}"
2026-02-09,11:53:21,"Chunk 0 from recording_20260209_115308.wav: [(3491, 'Meleagris gallopavo_Wild Turkey', 0.22930315), (3243, 'Lithobates sylvaticus_Wood Frog', 0.061949804), (2818, 'Human non-vocal_Human non-vocal', 0.042833805), (6073, 'Tockus rufirostris_Southern Red-billed Hornbill', 0.03596551), (2819, 'Human vocal_Human vocal', 0.031786818)]","{'temperature': 18.8, 'pressure': 927.45, 'humidity': 49.13}"
2026-02-09,11:54:03,"Chunk 0 from recording_20260209_115356.wav: [(2819, 'Human vocal_Human vocal', 0.2510339), (2818, 'Human non-vocal_Human non-vocal', 0.20780596), (2609, 'Gun_Gun', 0.1690759), (4862, 'Power tools_Power tools', 0.094020516), (2143, 'Engine_Engine', 0.07248265)]","{'temperature': 18.9, 'pressure': 927.42, 'humidity': 48.45}"
2026-02-09,11:55:52,"Chunk 0 from recording_20260209_115545.wav: [(2819, 'Human vocal_Human vocal', 0.28059843), (4862, 'Power tools_Power tools', 0.099382535), (2609, 'Gun_Gun', 0.09473945), (2818, 'Human non-vocal_Human non-vocal', 0.056358818), (2143, 'Engine_Engine', 0.03634124)]","{'temperature': 19.19, 'pressure': 927.42, 'humidity': 48.09}"
2026-02-09,11:55:58,"Chunk 0 from recording_20260209_115551.wav: [(3243, 'Lithobates sylvaticus_Wood Frog', 0.23994194), (2819, 'Human vocal_Human vocal', 0.106728226), (4862, 'Power tools_Power tools', 0.057308666), (2818, 'Human non-vocal_Human non-vocal', 0.03296749), (3491, 'Meleagris gallopavo_Wild Turkey', 0.016066328)]","{'temperature': 19.22, 'pressure': 927.44, 'humidity': 48.11}"
2026-02-09,11:56:04,"Chunk 0 from recording_20260209_115557.wav: [(3243, 'Lithobates sylvaticus_Wood Frog', 0.31578174), (2819, 'Human vocal_Human vocal', 0.11104656), (2818, 'Human non-vocal_Human non-vocal', 0.05055714), (3491, 'Meleagris gallopavo_Wild Turkey', 0.03798657), (3015, 'Lagopus lagopus_Willow Ptarmigan', 0.018999746)]","{'temperature': 19.25, 'pressure': 927.44, 'humidity': 48.22}"
2026-02-09,11:56:11,"Chunk 0 from recording_20260209_115603.wav: [(2819, 'Human vocal_Human vocal', 0.21506463), (2609, 'Gun_Gun', 0.05305199), (4862, 'Power tools_Power tools', 0.051158592), (2818, 'Human non-vocal_Human non-vocal', 0.036861118), (2143, 'Engine_Engine', 0.035574406)]","{'temperature': 19.27, 'pressure': 927.44, 'humidity': 48.37}"
2026-02-09,11:56:30,"Chunk 0 from recording_20260209_115621.wav: [(4862, 'Power tools_Power tools', 0.2371398), (2819, 'Human vocal_Human vocal', 0.019580385), (2609, 'Gun_Gun', 0.018482603), (2818, 'Human non-vocal_Human non-vocal', 0.016149895), (2143, 'Engine_Engine', 0.014619345)]","{'temperature': 19.32, 'pressure': 927.45, 'humidity': 48.36}"
2026-02-09,11:57:47,"Chunk 0 from recording_20260209_115740.wav: [(3243, 'Lithobates sylvaticus_Wood Frog', 0.21476772), (4862, 'Power tools_Power tools', 0.08543841), (2819, 'Human vocal_Human vocal', 0.07834631), (2143, 'Engine_Engine', 0.0314339), (2609, 'Gun_Gun', 0.025840878)]","{'temperature': 19.52, 'pressure': 927.45, 'humidity': 47.51}"
2026-02-09,11:57:53,"Chunk 0 from recording_20260209_115746.wav: [(3243, 'Lithobates sylvaticus_Wood Frog', 0.38733822), (4862, 'Power tools_Power tools', 0.11090489), (2819, 'Human vocal_Human vocal', 0.086090945), (3491, 'Meleagris gallopavo_Wild Turkey', 0.039505627), (2143, 'Engine_Engine', 0.037408397)]","{'temperature': 19.54, 'pressure': 927.44, 'humidity': 47.47}"
2026-02-09,11:58:13,"Chunk 0 from recording_20260209_115804.wav: [(4862, 'Power tools_Power tools', 0.25901034), (2819, 'Human vocal_Human vocal', 0.10398241), (2143, 'Engine_Engine', 0.0486317), (2818, 'Human non-vocal_Human non-vocal', 0.046141002), (2609, 'Gun_Gun', 0.036551535)]","{'temperature': 19.59, 'pressure': 927.48, 'humidity': 47.4}"
2026-02-09,11:58:19,"Chunk 0 from recording_20260209_115810.wav: [(2819, 'Human vocal_Human vocal', 0.24716209), (2899, 'Ibycter americanus_Red-throated Caracara', 0.10239515), (5697, 'Steatornis caripensis_Oilbird', 0.09251465), (2143, 'Engine_Engine', 0.02941328), (4862, 'Power tools_Power tools', 0.026094431)]","{'temperature': 19.62, 'pressure': 927.45, 'humidity': 47.35}"
2026-02-09,11:58:35,"Chunk 0 from recording_20260209_115828.wav: [(2819, 'Human vocal_Human vocal', 0.23238628), (2609, 'Gun_Gun', 0.11616116), (4862, 'Power tools_Power tools', 0.06448771), (2820, 'Human whistle_Human whistle', 0.05247739), (2143, 'Engine_Engine', 0.04380217)]","{'temperature': 19.65, 'pressure': 927.43, 'humidity': 47.25}"
2026-02-09,12:00:24,"Chunk 0 from recording_20260209_120016.wav: [(3491, 'Meleagris gallopavo_Wild Turkey', 0.2641097), (2628, 'Gyps fulvus_Eurasian Griffon', 0.0955174), (3243, 'Lithobates sylvaticus_Wood Frog', 0.036919918), (2818, 'Human non-vocal_Human non-vocal', 0.028874692), (2819, 'Human vocal_Human vocal', 0.028708594)]","{'temperature': 19.94, 'pressure': 927.44, 'humidity': 46.78}"
2026-02-09,12:02:26,"Chunk 0 from recording_20260209_120217.wav: [(5882, 'Tadorna ferruginea_Ruddy Shelduck', 0.29221135), (2819, 'Human vocal_Human vocal', 0.056145523), (4862, 'Power tools_Power tools', 0.038552962), (1577, 'Corvus corax_Common Raven', 0.029272713), (2143, 'Engine_Engine', 0.027149081)]","{'temperature': 20.23, 'pressure': 927.45, 'humidity': 46.3}"
2026-02-09,12:02:42,"Chunk 0 from recording_20260209_120235.wav: [(3491, 'Meleagris gallopavo_Wild Turkey', 0.560726), (2819, 'Human vocal_Human vocal', 0.08435581), (3411, 'Megapodius reinwardt_Orange-footed Scrubfowl', 0.014056131), (2818, 'Human non-vocal_Human non-vocal', 0.004483272), (5160, 'Pygoscelis adeliae_Adelie Penguin', 0.004109947)]","{'temperature': 20.27, 'pressure': 927.44, 'humidity': 46.28}"
2026-02-09,12:03:30,"Chunk 0 from recording_20260209_120323.wav: [(2819, 'Human vocal_Human vocal', 0.21468046), (2609, 'Gun_Gun', 0.08969295), (4862, 'Power tools_Power tools', 0.06400458), (2820, 'Human whistle_Human whistle', 0.042172052), (2818, 'Human non-vocal_Human non-vocal', 0.028159343)]","{'temperature': 20.39, 'pressure': 927.46, 'humidity': 45.92}"
2026-02-09,12:03:36,"Chunk 0 from recording_20260209_120329.wav: [(2818, 'Human non-vocal_Human non-vocal', 0.25060397), (2609, 'Gun_Gun', 0.16092463), (2819, 'Human vocal_Human vocal', 0.13408113), (4862, 'Power tools_Power tools', 0.083835654), (2143, 'Engine_Engine', 0.042519677)]","{'temperature': 20.41, 'pressure': 927.52, 'humidity': 45.86}"
2026-02-09,12:04:02,"Chunk 0 from recording_20260209_120353.wav: [(2819, 'Human vocal_Human vocal', 0.24297473), (3491, 'Meleagris gallopavo_Wild Turkey', 0.0773479), (2818, 'Human non-vocal_Human non-vocal', 0.03878941), (2143, 'Engine_Engine', 0.019425405), (2609, 'Gun_Gun', 0.014440651)]","{'temperature': 20.47, 'pressure': 927.49, 'humidity': 45.74}"
2026-02-09,12:04:08,"Chunk 0 from recording_20260209_120359.wav: [(3491, 'Meleagris gallopavo_Wild Turkey', 0.6471692), (3016, 'Lagopus leucura_White-tailed Ptarmigan', 0.028502908), (2628, 'Gyps fulvus_Eurasian Griffon', 0.024705036), (306, 'Anser albifrons_Greater White-fronted Goose', 0.019771814), (368, 'Antigone canadensis_Sandhill Crane', 0.019161286)]","{'temperature': 20.48, 'pressure': 927.48, 'humidity': 45.73}"
2026-02-09,12:04:15,"Chunk 0 from recording_20260209_120405.wav: [(3491, 'Meleagris gallopavo_Wild Turkey', 0.25225687), (3243, 'Lithobates sylvaticus_Wood Frog', 0.07190293), (2818, 'Human non-vocal_Human non-vocal', 0.051008087), (885, ""Callipepla gambelii_Gambel's Quail"", 0.030825717), (883, 'Callipepla californica_California Quail', 0.03015014)]","{'temperature': 20.5, 'pressure': 927.46, 'humidity': 45.7}"
2026-02-09,12:04:37,"Chunk 0 from recording_20260209_120430.wav: [(3243, 'Lithobates sylvaticus_Wood Frog', 0.678282), (4862, 'Power tools_Power tools', 0.1541437), (2818, 'Human non-vocal_Human non-vocal', 0.018690735), (2609, 'Gun_Gun', 0.01616394), (2143, 'Engine_Engine', 0.013620657)]","{'temperature': 20.55, 'pressure': 927.48, 'humidity': 45.64}"
2026-02-09,12:04:56,"Chunk 0 from recording_20260209_120448.wav: [(3491, 'Meleagris gallopavo_Wild Turkey', 0.5132805), (2818, 'Human non-vocal_Human non-vocal', 0.081693865), (5045, 'Pterocles senegallus_Spotted Sandgrouse', 0.026963444), (2819, 'Human vocal_Human vocal', 0.020254597), (4862, 'Power tools_Power tools', 0.019808056)]","{'temperature': 20.6, 'pressure': 927.46, 'humidity': 45.54}"
2026-02-09,12:05:12,"Chunk 0 from recording_20260209_120506.wav: [(4862, 'Power tools_Power tools', 0.28962296), (2818, 'Human non-vocal_Human non-vocal', 0.091138095), (2143, 'Engine_Engine', 0.07759878), (2609, 'Gun_Gun', 0.04770393), (5697, 'Steatornis caripensis_Oilbird', 0.020625506)]","{'temperature': 20.63, 'pressure': 927.51, 'humidity': 45.44}"
2026-02-09,12:05:25,"Chunk 0 from recording_20260209_120518.wav: [(3491, 'Meleagris gallopavo_Wild Turkey', 0.42093232), (4862, 'Power tools_Power tools', 0.02039292), (2819, 'Human vocal_Human vocal', 0.01157163), (1949, 'Dog_Dog', 0.010623618), (2609, 'Gun_Gun', 0.010016398)]","{'temperature': 20.66, 'pressure': 927.48, 'humidity': 45.4}"
2026-02-09,12:05:38,"Chunk 0 from recording_20260209_120530.wav: [(3491, 'Meleagris gallopavo_Wild Turkey', 0.37829718), (4862, 'Power tools_Power tools', 0.15556403), (2609, 'Gun_Gun', 0.09318602), (1949, 'Dog_Dog', 0.051011387), (2820, 'Human whistle_Human whistle', 0.03841848)]","{'temperature': 20.69, 'pressure': 927.48, 'humidity': 45.32}"
2026-02-09,12:05:44,"Chunk 0 from recording_20260209_120536.wav: [(3491, 'Meleagris gallopavo_Wild Turkey', 0.69901794), (2820, 'Human whistle_Human whistle', 0.1254547), (2609, 'Gun_Gun', 0.06030247), (1949, 'Dog_Dog', 0.047541957), (2818, 'Human non-vocal_Human non-vocal', 0.034833692)]","{'temperature': 20.71, 'pressure': 927.48, 'humidity': 45.29}"
2026-02-09,12:05:51,"Chunk 0 from recording_20260209_120542.wav: [(3491, 'Meleagris gallopavo_Wild Turkey', 0.2940284), (3692, 'Mustelirallus albicollis_Ash-throated Crake', 0.1075256), (4862, 'Power tools_Power tools', 0.036765624), (2609, 'Gun_Gun', 0.028243063), (2818, 'Human non-vocal_Human non-vocal', 0.027175099)]","{'temperature': 20.72, 'pressure': 927.46, 'humidity': 45.27}"
2026-02-09,12:05:57,"Chunk 0 from recording_20260209_120548.wav: [(3491, 'Meleagris gallopavo_Wild Turkey', 0.4173367), (2819, 'Human vocal_Human vocal', 0.03590647), (727, 'Branta canadensis_Canada Goose', 0.02600806), (2818, 'Human non-vocal_Human non-vocal', 0.025228238), (2820, 'Human whistle_Human whistle', 0.018679753)]","{'temperature': 20.74, 'pressure': 927.47, 'humidity': 45.26}"
2026-02-09,12:06:07,"Chunk 0 from recording_20260209_120600.wav: [(4862, 'Power tools_Power tools', 0.3226939), (2609, 'Gun_Gun', 0.12234172), (2143, 'Engine_Engine', 0.04138593), (5697, 'Steatornis caripensis_Oilbird', 0.022840908), (2325, 'Fireworks_Fireworks', 0.018445646)]","{'temperature': 20.75, 'pressure': 927.48, 'humidity': 45.23}"
2026-02-09,12:06:20,"Chunk 0 from recording_20260209_120612.wav: [(727, 'Branta canadensis_Canada Goose', 0.26176658), (3491, 'Meleagris gallopavo_Wild Turkey', 0.20792319), (3243, 'Lithobates sylvaticus_Wood Frog', 0.076345235), (1577, 'Corvus corax_Common Raven', 0.05119609), (317, 'Anseranas semipalmata_Magpie Goose', 0.03207812)]","{'temperature': 20.78, 'pressure': 927.48, 'humidity': 45.21}"
2026-02-09,12:06:26,"Chunk 0 from recording_20260209_120618.wav: [(3491, 'Meleagris gallopavo_Wild Turkey', 0.3662302), (727, 'Branta canadensis_Canada Goose', 0.16841818), (5310, 'Rhynchopsitta terrisi_Maroon-fronted Parrot', 0.10062295), (1801, 'Cygnus cygnus_Whooper Swan', 0.062278256), (1577, 'Corvus corax_Common Raven', 0.042210665)]","{'temperature': 20.8, 'pressure': 927.47, 'humidity': 45.21}"
2026-02-09,12:06:33,"Chunk 0 from recording_20260209_120624.wav: [(727, 'Branta canadensis_Canada Goose', 0.23368685), (3491, 'Meleagris gallopavo_Wild Turkey', 0.17267552), (1801, 'Cygnus cygnus_Whooper Swan', 0.055558912), (2373, 'Fulica americana_American Coot', 0.015340883), (1577, 'Corvus corax_Common Raven', 0.015225827)]","{'temperature': 20.82, 'pressure': 927.49, 'humidity': 45.19}"
2026-02-09,12:06:55,"Chunk 0 from recording_20260209_120648.wav: [(727, 'Branta canadensis_Canada Goose', 0.23568335), (3491, 'Meleagris gallopavo_Wild Turkey', 0.10012082), (1801, 'Cygnus cygnus_Whooper Swan', 0.059467014), (2609, 'Gun_Gun', 0.048842136), (1949, 'Dog_Dog', 0.030303275)]","{'temperature': 20.86, 'pressure': 927.47, 'humidity': 45.07}"
2026-02-09,12:08:31,"Chunk 0 from recording_20260209_120825.wav: [(1801, 'Cygnus cygnus_Whooper Swan', 0.3337785), (727, 'Branta canadensis_Canada Goose', 0.05915857), (306, 'Anser albifrons_Greater White-fronted Goose', 0.03670413), (3243, 'Lithobates sylvaticus_Wood Frog', 0.03278509), (4862, 'Power tools_Power tools', 0.028962472)]","{'temperature': 21.04, 'pressure': 927.49, 'humidity': 44.79}"
2026-02-09,12:08:38,"Chunk 0 from recording_20260209_120831.wav: [(726, 'Branta bernicla_Brant', 0.23903805), (4862, 'Power tools_Power tools', 0.076275595), (5970, 'Tetrao urogallus_Western Capercaillie', 0.042975314), (3243, 'Lithobates sylvaticus_Wood Frog', 0.034063708), (2819, 'Human vocal_Human vocal', 0.02892606)]","{'temperature': 21.06, 'pressure': 927.47, 'humidity': 44.74}"
2026-02-09,12:08:44,"Chunk 0 from recording_20260209_120837.wav: [(976, 'Caprimulgus manillensis_Philippine Nightjar', 0.6661482), (972, 'Caprimulgus indicus_Jungle Nightjar', 0.36536214), (967, ""Caprimulgus atripennis_Jerdon's Nightjar"", 0.05724964), (4989, 'Psilopogon pulcherrimus_Golden-naped Barbet', 0.026982028), (1440, 'Coccyzus erythropthalmus_Black-billed Cuckoo', 0.018654684)]","{'temperature': 21.08, 'pressure': 927.46, 'humidity': 44.72}"
2026-02-09,12:09:39,"Chunk 0 from recording_20260209_120931.wav: [(3491, 'Meleagris gallopavo_Wild Turkey', 0.20715207), (2819, 'Human vocal_Human vocal', 0.029179387), (4862, 'Power tools_Power tools', 0.017914232), (1949, 'Dog_Dog', 0.017497724), (727, 'Branta canadensis_Canada Goose', 0.014951237)]","{'temperature': 21.18, 'pressure': 927.49, 'humidity': 44.55}"
2026-02-09,12:10:14,"Chunk 0 from recording_20260209_121007.wav: [(3491, 'Meleagris gallopavo_Wild Turkey', 0.5537447), (2819, 'Human vocal_Human vocal', 0.013199982), (3411, 'Megapodius reinwardt_Orange-footed Scrubfowl', 0.010813454), (3016, 'Lagopus leucura_White-tailed Ptarmigan', 0.010532982), (2818, 'Human non-vocal_Human non-vocal', 0.009181787)]","{'temperature': 21.26, 'pressure': 927.5, 'humidity': 44.39}"
2026-02-09,12:11:40,"Chunk 0 from recording_20260209_121132.wav: [(3491, 'Meleagris gallopavo_Wild Turkey', 0.26752955), (2819, 'Human vocal_Human vocal', 0.06764221), (2143, 'Engine_Engine', 0.028836662), (2818, 'Human non-vocal_Human non-vocal', 0.027104996), (1949, 'Dog_Dog', 0.018575924)]","{'temperature': 21.43, 'pressure': 927.5, 'humidity': 43.97}"
2026-02-09,12:12:09,"Chunk 0 from recording_20260209_121202.wav: [(3491, 'Meleagris gallopavo_Wild Turkey', 0.5821209), (306, 'Anser albifrons_Greater White-fronted Goose', 0.13188966), (885, ""Callipepla gambelii_Gambel's Quail"", 0.025934828), (322, 'Anthochaera chrysoptera_Little Wattlebird', 0.023198966), (727, 'Branta canadensis_Canada Goose', 0.022075282)]","{'temperature': 21.48, 'pressure': 927.46, 'humidity': 43.83}"
2026-02-09,12:12:16,"Chunk 0 from recording_20260209_121208.wav: [(3491, 'Meleagris gallopavo_Wild Turkey', 0.44877058), (2622, 'Gymnorhina tibicen_Australian Magpie', 0.06326951), (885, ""Callipepla gambelii_Gambel's Quail"", 0.03162543), (306, 'Anser albifrons_Greater White-fronted Goose', 0.023428148), (1801, 'Cygnus cygnus_Whooper Swan', 0.018618744)]","{'temperature': 21.5, 'pressure': 927.46, 'humidity': 43.85}"
2026-02-09,12:12:22,"Chunk 0 from recording_20260209_121214.wav: [(3491, 'Meleagris gallopavo_Wild Turkey', 0.21773589), (727, 'Branta canadensis_Canada Goose', 0.04132116), (306, 'Anser albifrons_Greater White-fronted Goose', 0.029651558), (5748, 'Streptopelia decipiens_Mourning Collared-Dove', 0.02553676), (1949, 'Dog_Dog', 0.022789724)]","{'temperature': 21.51, 'pressure': 927.46, 'humidity': 43.86}"
2026-02-09,12:13:10,"Chunk 0 from recording_20260209_121302.wav: [(727, 'Branta canadensis_Canada Goose', 0.24422702), (3491, 'Meleagris gallopavo_Wild Turkey', 0.108557925), (1801, 'Cygnus cygnus_Whooper Swan', 0.024725214), (2818, 'Human non-vocal_Human non-vocal', 0.021073123), (2820, 'Human whistle_Human whistle', 0.019208819)]","{'temperature': 21.58, 'pressure': 927.47, 'humidity': 43.77}"
2026-02-09,12:13:46,"Chunk 0 from recording_20260209_121338.wav: [(885, ""Callipepla gambelii_Gambel's Quail"", 0.26568395), (2818, 'Human non-vocal_Human non-vocal', 0.13803491), (4862, 'Power tools_Power tools', 0.103058875), (261, 'Anas crecca_Green-winged Teal', 0.09629716), (3491, 'Meleagris gallopavo_Wild Turkey', 0.07333831)]","{'temperature': 21.65, 'pressure': 927.47, 'humidity': 43.97}"
2026-02-09,12:14:27,"Chunk 0 from recording_20260209_121421.wav: [(3491, 'Meleagris gallopavo_Wild Turkey', 0.34988526), (435, 'Ara ararauna_Blue-and-yellow Macaw', 0.051817697), (4862, 'Power tools_Power tools', 0.05169142), (206, 'Amazona farinosa_Mealy Parrot', 0.049624555), (3243, 'Lithobates sylvaticus_Wood Frog', 0.034839742)]","{'temperature': 21.72, 'pressure': 927.5, 'humidity': 43.84}"
2026-02-09,12:14:34,"Chunk 0 from recording_20260209_121427.wav: [(3491, 'Meleagris gallopavo_Wild Turkey', 0.5713155), (4862, 'Power tools_Power tools', 0.06516312), (5386, 'Scelorchilus rubecula_Chucao Tapaculo', 0.032642737), (2609, 'Gun_Gun', 0.024134481), (2598, 'Grus japonensis_Red-crowned Crane', 0.018302463)]","{'temperature': 21.74, 'pressure': 927.52, 'humidity': 43.71}"
2026-02-09,12:14:47,"Chunk 0 from recording_20260209_121439.wav: [(3491, 'Meleagris gallopavo_Wild Turkey', 0.2676312), (4862, 'Power tools_Power tools', 0.05335455), (2143, 'Engine_Engine', 0.036374893), (3243, 'Lithobates sylvaticus_Wood Frog', 0.02996478), (2819, 'Human vocal_Human vocal', 0.023069568)]","{'temperature': 21.77, 'pressure': 927.52, 'humidity': 43.67}"
2026-02-09,12:14:59,"Chunk 0 from recording_20260209_121451.wav: [(3491, 'Meleagris gallopavo_Wild Turkey', 0.28224802), (4862, 'Power tools_Power tools', 0.023228176), (2820, 'Human whistle_Human whistle', 0.02173715), (727, 'Branta canadensis_Canada Goose', 0.020359265), (1949, 'Dog_Dog', 0.019807156)]","{'temperature': 21.78, 'pressure': 927.51, 'humidity': 43.77}"
2026-02-09,12:15:22,"Chunk 0 from recording_20260209_121515.wav: [(3491, 'Meleagris gallopavo_Wild Turkey', 0.25572702), (885, ""Callipepla gambelii_Gambel's Quail"", 0.05228436), (5310, 'Rhynchopsitta terrisi_Maroon-fronted Parrot', 0.03893323), (4862, 'Power tools_Power tools', 0.03880592), (2609, 'Gun_Gun', 0.028791979)]","{'temperature': 21.81, 'pressure': 927.5, 'humidity': 43.81}"
2026-02-09,12:16:35,"Chunk 0 from recording_20260209_121627.wav: [(3491, 'Meleagris gallopavo_Wild Turkey', 0.27923638), (727, 'Branta canadensis_Canada Goose', 0.06479987), (1949, 'Dog_Dog', 0.049901333), (1801, 'Cygnus cygnus_Whooper Swan', 0.024153687), (2820, 'Human whistle_Human whistle', 0.01376953)]","{'temperature': 21.91, 'pressure': 927.56, 'humidity': 43.67}"
2026-02-09,12:16:42,"Chunk 0 from recording_20260209_121633.wav: [(3491, 'Meleagris gallopavo_Wild Turkey', 0.43083516), (4862, 'Power tools_Power tools', 0.06171119), (2820, 'Human whistle_Human whistle', 0.048762564), (1949, 'Dog_Dog', 0.029875802), (2819, 'Human vocal_Human vocal', 0.029207673)]","{'temperature': 21.93, 'pressure': 927.53, 'humidity': 43.57}"
2026-02-09,12:16:58,"Chunk 0 from recording_20260209_121651.wav: [(885, ""Callipepla gambelii_Gambel's Quail"", 0.23667029), (3491, 'Meleagris gallopavo_Wild Turkey', 0.1292615), (944, 'Canis latrans_Coyote', 0.027616516), (322, 'Anthochaera chrysoptera_Little Wattlebird', 0.026328824), (6071, 'Tockus kempi_Western Red-billed Hornbill', 0.025966723)]","{'temperature': 21.95, 'pressure': 927.51, 'humidity': 43.5}"
2026-02-09,12:17:11,"Chunk 0 from recording_20260209_121703.wav: [(3491, 'Meleagris gallopavo_Wild Turkey', 0.7417252), (727, 'Branta canadensis_Canada Goose', 0.12728384), (1801, 'Cygnus cygnus_Whooper Swan', 0.07986152), (3243, 'Lithobates sylvaticus_Wood Frog', 0.029522194), (3016, 'Lagopus leucura_White-tailed Ptarmigan', 0.016283907)]","{'temperature': 21.98, 'pressure': 927.5, 'humidity': 43.4}"
2026-02-09,12:17:46,"Chunk 0 from recording_20260209_121740.wav: [(1801, 'Cygnus cygnus_Whooper Swan', 0.5316766), (4862, 'Power tools_Power tools', 0.08891553), (727, 'Branta canadensis_Canada Goose', 0.06333767), (2609, 'Gun_Gun', 0.04791258), (2818, 'Human non-vocal_Human non-vocal', 0.04734273)]","{'temperature': 22.03, 'pressure': 927.5, 'humidity': 43.39}"
2026-02-09,12:19:06,"Chunk 0 from recording_20260209_121858.wav: [(3491, 'Meleagris gallopavo_Wild Turkey', 0.42329228), (2820, 'Human whistle_Human whistle', 0.03507556), (306, 'Anser albifrons_Greater White-fronted Goose', 0.034515783), (2609, 'Gun_Gun', 0.032251112), (885, ""Callipepla gambelii_Gambel's Quail"", 0.024461197)]","{'temperature': 22.12, 'pressure': 927.51, 'humidity': 43.17}"
2026-02-09,12:19:35,"Chunk 0 from recording_20260209_121928.wav: [(885, ""Callipepla gambelii_Gambel's Quail"", 0.23919497), (3491, 'Meleagris gallopavo_Wild Turkey', 0.13397963), (2818, 'Human non-vocal_Human non-vocal', 0.043757483), (4862, 'Power tools_Power tools', 0.03506626), (2820, 'Human whistle_Human whistle', 0.026271751)]","{'temperature': 22.17, 'pressure': 927.56, 'humidity': 43.12}"
2026-02-09,12:22:12,"Chunk 0 from recording_20260209_122205.wav: [(944, 'Canis latrans_Coyote', 0.20460846), (5386, 'Scelorchilus rubecula_Chucao Tapaculo', 0.19107863), (885, ""Callipepla gambelii_Gambel's Quail"", 0.09948256), (569, 'Athene noctua_Little Owl', 0.05016847), (4862, 'Power tools_Power tools', 0.048703376)]","{'temperature': 22.35, 'pressure': 927.55, 'humidity': 42.64}"
2026-02-09,12:22:44,"Chunk 0 from recording_20260209_122235.wav: [(3491, 'Meleagris gallopavo_Wild Turkey', 0.20649084), (2449, 'Gavia immer_Common Loon', 0.02148572), (727, 'Branta canadensis_Canada Goose', 0.016355833), (306, 'Anser albifrons_Greater White-fronted Goose', 0.014616275), (4862, 'Power tools_Power tools', 0.013249751)]","{'temperature': 22.39, 'pressure': 927.55, 'humidity': 42.55}"
2026-02-09,12:22:50,"Chunk 0 from recording_20260209_122241.wav: [(3491, 'Meleagris gallopavo_Wild Turkey', 0.2529208), (727, 'Branta canadensis_Canada Goose', 0.0516624), (5310, 'Rhynchopsitta terrisi_Maroon-fronted Parrot', 0.028524766), (1801, 'Cygnus cygnus_Whooper Swan', 0.022908282), (885, ""Callipepla gambelii_Gambel's Quail"", 0.017693575)]","{'temperature': 22.41, 'pressure': 927.57, 'humidity': 42.52}"
2026-02-09,12:23:25,"Chunk 0 from recording_20260209_122317.wav: [(3491, 'Meleagris gallopavo_Wild Turkey', 0.20324789), (885, ""Callipepla gambelii_Gambel's Quail"", 0.030026158), (2609, 'Gun_Gun', 0.019758664), (2819, 'Human vocal_Human vocal', 0.017578784), (306, 'Anser albifrons_Greater White-fronted Goose', 0.017149538)]","{'temperature': 22.44, 'pressure': 927.54, 'humidity': 42.38}"
2026-02-09,12:24:07,"Chunk 0 from recording_20260209_122359.wav: [(3491, 'Meleagris gallopavo_Wild Turkey', 0.2134831), (2819, 'Human vocal_Human vocal', 0.08138032), (1589, 'Corvus leucognaphalus_White-necked Crow', 0.0710468), (2818, 'Human non-vocal_Human non-vocal', 0.06673687), (4862, 'Power tools_Power tools', 0.02998926)]","{'temperature': 22.5, 'pressure': 927.61, 'humidity': 42.38}"
2026-02-09,12:25:21,"Chunk 0 from recording_20260209_122512.wav: [(3491, 'Meleagris gallopavo_Wild Turkey', 0.21098162), (944, 'Canis latrans_Coyote', 0.068117276), (2819, 'Human vocal_Human vocal', 0.0377619), (2325, 'Fireworks_Fireworks', 0.032567307), (306, 'Anser albifrons_Greater White-fronted Goose', 0.023264045)]","{'temperature': 22.59, 'pressure': 927.54, 'humidity': 42.16}"
2026-02-09,12:25:27,"Chunk 0 from recording_20260209_122518.wav: [(3491, 'Meleagris gallopavo_Wild Turkey', 0.5973811), (4862, 'Power tools_Power tools', 0.019270394), (3016, 'Lagopus leucura_White-tailed Ptarmigan', 0.016766762), (1801, 'Cygnus cygnus_Whooper Swan', 0.015346726), (2609, 'Gun_Gun', 0.012213603)]","{'temperature': 22.6, 'pressure': 927.53, 'humidity': 42.24}"
2026-02-09,12:25:30,"Chunk 0 from recording_20260209_122524.wav: [(3491, 'Meleagris gallopavo_Wild Turkey', 0.42817116), (4862, 'Power tools_Power tools', 0.05121534), (2609, 'Gun_Gun', 0.024885217), (306, 'Anser albifrons_Greater White-fronted Goose', 0.02403489), (368, 'Antigone canadensis_Sandhill Crane', 0.023036148)]","{'temperature': 22.6, 'pressure': 927.55, 'humidity': 42.28}"
2026-02-09,12:25:50,"Chunk 0 from recording_20260209_122542.wav: [(3491, 'Meleagris gallopavo_Wild Turkey', 0.2842283), (1801, 'Cygnus cygnus_Whooper Swan', 0.043729935), (306, 'Anser albifrons_Greater White-fronted Goose', 0.036213), (2609, 'Gun_Gun', 0.028051605), (4862, 'Power tools_Power tools', 0.024074174)]","{'temperature': 22.62, 'pressure': 927.55, 'humidity': 42.06}"
2026-02-09,12:26:09,"Chunk 0 from recording_20260209_122600.wav: [(944, 'Canis latrans_Coyote', 0.28040996), (2820, 'Human whistle_Human whistle', 0.08408471), (3491, 'Meleagris gallopavo_Wild Turkey', 0.062089056), (2609, 'Gun_Gun', 0.058398142), (1949, 'Dog_Dog', 0.02475473)]","{'temperature': 22.64, 'pressure': 927.57, 'humidity': 41.95}"
2026-02-09,12:26:22,"Chunk 0 from recording_20260209_122612.wav: [(3491, 'Meleagris gallopavo_Wild Turkey', 0.21370518), (2819, 'Human vocal_Human vocal', 0.051078197), (4862, 'Power tools_Power tools', 0.04472021), (1801, 'Cygnus cygnus_Whooper Swan', 0.037600473), (2609, 'Gun_Gun', 0.03508829)]","{'temperature': 22.66, 'pressure': 927.56, 'humidity': 41.87}"
2026-02-09,12:26:25,"Chunk 0 from recording_20260209_122618.wav: [(3491, 'Meleagris gallopavo_Wild Turkey', 0.22447242), (885, ""Callipepla gambelii_Gambel's Quail"", 0.040780038), (6071, 'Tockus kempi_Western Red-billed Hornbill', 0.03215522), (727, 'Branta canadensis_Canada Goose', 0.025832327), (1801, 'Cygnus cygnus_Whooper Swan', 0.024216691)]","{'temperature': 22.67, 'pressure': 927.55, 'humidity': 41.88}"
2026-02-09,12:27:19,"Chunk 0 from recording_20260209_122712.wav: [(2609, 'Gun_Gun', 0.26935354), (2819, 'Human vocal_Human vocal', 0.123084016), (4862, 'Power tools_Power tools', 0.081167266), (2143, 'Engine_Engine', 0.062192973), (2325, 'Fireworks_Fireworks', 0.01747739)]","{'temperature': 22.72, 'pressure': 927.54, 'humidity': 41.89}"
2026-02-09,12:27:32,"Chunk 0 from recording_20260209_122725.wav: [(1801, 'Cygnus cygnus_Whooper Swan', 0.21618956), (2609, 'Gun_Gun', 0.11506032), (727, 'Branta canadensis_Canada Goose', 0.10492242), (4862, 'Power tools_Power tools', 0.0971071), (2143, 'Engine_Engine', 0.03801465)]","{'temperature': 22.74, 'pressure': 927.54, 'humidity': 41.98}"
2026-02-09,12:27:39,"Chunk 0 from recording_20260209_122731.wav: [(727, 'Branta canadensis_Canada Goose', 0.48310587), (1801, 'Cygnus cygnus_Whooper Swan', 0.33112845), (2609, 'Gun_Gun', 0.036183536), (2820, 'Human whistle_Human whistle', 0.03387865), (2819, 'Human vocal_Human vocal', 0.033320308)]","{'temperature': 22.75, 'pressure': 927.52, 'humidity': 41.95}"
2026-02-09,12:28:27,"Chunk 0 from recording_20260209_122819.wav: [(1801, 'Cygnus cygnus_Whooper Swan', 0.26344773), (727, 'Branta canadensis_Canada Goose', 0.11734696), (885, ""Callipepla gambelii_Gambel's Quail"", 0.036659166), (3491, 'Meleagris gallopavo_Wild Turkey', 0.033053465), (4862, 'Power tools_Power tools', 0.027939567)]","{'temperature': 22.81, 'pressure': 927.56, 'humidity': 41.8}"
2026-02-09,12:28:33,"Chunk 0 from recording_20260209_122825.wav: [(3491, 'Meleagris gallopavo_Wild Turkey', 0.2459634), (4862, 'Power tools_Power tools', 0.034383196), (727, 'Branta canadensis_Canada Goose', 0.028259035), (2609, 'Gun_Gun', 0.02444534), (2143, 'Engine_Engine', 0.018882805)]","{'temperature': 22.81, 'pressure': 927.56, 'humidity': 41.81}"
2026-02-09,12:28:46,"Chunk 0 from recording_20260209_122837.wav: [(3491, 'Meleagris gallopavo_Wild Turkey', 0.6193977), (5045, 'Pterocles senegallus_Spotted Sandgrouse', 0.02598332), (2819, 'Human vocal_Human vocal', 0.016874364), (4862, 'Power tools_Power tools', 0.014684979), (2818, 'Human non-vocal_Human non-vocal', 0.014522274)]","{'temperature': 22.82, 'pressure': 927.58, 'humidity': 41.72}"
2026-02-09,12:29:56,"Chunk 0 from recording_20260209_122949.wav: [(3243, 'Lithobates sylvaticus_Wood Frog', 0.27060947), (4862, 'Power tools_Power tools', 0.09363568), (2819, 'Human vocal_Human vocal', 0.07143443), (2609, 'Gun_Gun', 0.055329382), (2143, 'Engine_Engine', 0.053427488)]","{'temperature': 22.89, 'pressure': 927.53, 'humidity': 41.67}"
2026-02-09,12:30:15,"Chunk 0 from recording_20260209_123007.wav: [(3491, 'Meleagris gallopavo_Wild Turkey', 0.2146186), (3243, 'Lithobates sylvaticus_Wood Frog', 0.09285696), (4862, 'Power tools_Power tools', 0.04441734), (727, 'Branta canadensis_Canada Goose', 0.01863763), (2609, 'Gun_Gun', 0.016859142)]","{'temperature': 22.92, 'pressure': 927.6, 'humidity': 41.35}"
2026-02-09,12:30:35,"Chunk 0 from recording_20260209_123025.wav: [(3491, 'Meleagris gallopavo_Wild Turkey', 0.6329785), (306, 'Anser albifrons_Greater White-fronted Goose', 0.09429055), (2819, 'Human vocal_Human vocal', 0.05607901), (727, 'Branta canadensis_Canada Goose', 0.033689015), (5310, 'Rhynchopsitta terrisi_Maroon-fronted Parrot', 0.032947008)]","{'temperature': 22.94, 'pressure': 927.59, 'humidity': 41.32}"
2026-02-09,12:30:57,"Chunk 0 from recording_20260209_123050.wav: [(3491, 'Meleagris gallopavo_Wild Turkey', 0.22763059), (2628, 'Gyps fulvus_Eurasian Griffon', 0.021687517), (4862, 'Power tools_Power tools', 0.01893153), (727, 'Branta canadensis_Canada Goose', 0.017320283), (3243, 'Lithobates sylvaticus_Wood Frog', 0.015159155)]","{'temperature': 22.95, 'pressure': 927.58, 'humidity': 41.37}"
2026-02-09,12:31:58,"Chunk 0 from recording_20260209_123150.wav: [(3491, 'Meleagris gallopavo_Wild Turkey', 0.6126226), (4862, 'Power tools_Power tools', 0.037751123), (2819, 'Human vocal_Human vocal', 0.031004224), (2609, 'Gun_Gun', 0.028441565), (727, 'Branta canadensis_Canada Goose', 0.024195408)]","{'temperature': 22.99, 'pressure': 927.56, 'humidity': 41.2}"
2026-02-09,12:32:04,"Chunk 0 from recording_20260209_123156.wav: [(1801, 'Cygnus cygnus_Whooper Swan', 0.3376449), (727, 'Branta canadensis_Canada Goose', 0.0459596), (3491, 'Meleagris gallopavo_Wild Turkey', 0.04356198), (2819, 'Human vocal_Human vocal', 0.023650577), (4862, 'Power tools_Power tools', 0.02005425)]","{'temperature': 23.0, 'pressure': 927.57, 'humidity': 41.12}"
2026-02-09,12:32:27,"Chunk 0 from recording_20260209_123220.wav: [(3491, 'Meleagris gallopavo_Wild Turkey', 0.21651776), (5162, 'Pygoscelis papua_Gentoo Penguin', 0.06209792), (1801, 'Cygnus cygnus_Whooper Swan', 0.042741586), (2609, 'Gun_Gun', 0.0377858), (727, 'Branta canadensis_Canada Goose', 0.030975237)]","{'temperature': 23.02, 'pressure': 927.57, 'humidity': 41.18}"
2026-02-09,12:32:40,"Chunk 0 from recording_20260209_123232.wav: [(2609, 'Gun_Gun', 0.2013157), (3491, 'Meleagris gallopavo_Wild Turkey', 0.14152467), (4862, 'Power tools_Power tools', 0.12326765), (727, 'Branta canadensis_Canada Goose', 0.11069854), (1801, 'Cygnus cygnus_Whooper Swan', 0.0503096)]","{'temperature': 23.04, 'pressure': 927.56, 'humidity': 40.95}"
2026-02-09,12:32:46,"Chunk 0 from recording_20260209_123238.wav: [(1801, 'Cygnus cygnus_Whooper Swan', 0.35774574), (3491, 'Meleagris gallopavo_Wild Turkey', 0.0714629), (727, 'Branta canadensis_Canada Goose', 0.05884601), (6073, 'Tockus rufirostris_Southern Red-billed Hornbill', 0.0534343), (5162, 'Pygoscelis papua_Gentoo Penguin', 0.035409458)]","{'temperature': 23.05, 'pressure': 927.54, 'humidity': 40.98}"
2026-02-09,12:33:09,"Chunk 0 from recording_20260209_123302.wav: [(5882, 'Tadorna ferruginea_Ruddy Shelduck', 0.22756104), (2819, 'Human vocal_Human vocal', 0.13303854), (1799, 'Cygnus buccinator_Trumpeter Swan', 0.08333371), (727, 'Branta canadensis_Canada Goose', 0.04559718), (4862, 'Power tools_Power tools', 0.03319405)]","{'temperature': 23.07, 'pressure': 927.54, 'humidity': 40.99}"
2026-02-09,12:33:47,"Chunk 0 from recording_20260209_123338.wav: [(3243, 'Lithobates sylvaticus_Wood Frog', 0.28141332), (3491, 'Meleagris gallopavo_Wild Turkey', 0.09552398), (4862, 'Power tools_Power tools', 0.031090887), (727, 'Branta canadensis_Canada Goose', 0.022321668), (2609, 'Gun_Gun', 0.01797709)]","{'temperature': 23.09, 'pressure': 927.56, 'humidity': 40.84}"
2026-02-09,12:34:03,"Chunk 0 from recording_20260209_123356.wav: [(1801, 'Cygnus cygnus_Whooper Swan', 0.39143586), (727, 'Branta canadensis_Canada Goose', 0.16301171), (3243, 'Lithobates sylvaticus_Wood Frog', 0.027618418), (5162, 'Pygoscelis papua_Gentoo Penguin', 0.01400358), (4862, 'Power tools_Power tools', 0.013241574)]","{'temperature': 23.1, 'pressure': 927.57, 'humidity': 40.87}"
2026-02-09,12:34:16,"Chunk 0 from recording_20260209_123409.wav: [(1801, 'Cygnus cygnus_Whooper Swan', 0.2950877), (727, 'Branta canadensis_Canada Goose', 0.18038912), (3491, 'Meleagris gallopavo_Wild Turkey', 0.0247797), (2819, 'Human vocal_Human vocal', 0.020739177), (2820, 'Human whistle_Human whistle', 0.016052388)]","{'temperature': 23.11, 'pressure': 927.56, 'humidity': 40.92}"
2026-02-09,12:34:29,"Chunk 0 from recording_20260209_123421.wav: [(3491, 'Meleagris gallopavo_Wild Turkey', 0.21401821), (6073, 'Tockus rufirostris_Southern Red-billed Hornbill', 0.04883413), (1265, 'Chordeiles acutipennis_Lesser Nighthawk', 0.039018415), (727, 'Branta canadensis_Canada Goose', 0.02118016), (3543, 'Merulaxis ater_Slaty Bristlefront', 0.012480316)]","{'temperature': 23.11, 'pressure': 927.59, 'humidity': 40.97}"
2026-02-09,12:34:42,"Chunk 0 from recording_20260209_123433.wav: [(727, 'Branta canadensis_Canada Goose', 0.25319308), (3491, 'Meleagris gallopavo_Wild Turkey', 0.11048053), (3243, 'Lithobates sylvaticus_Wood Frog', 0.09224302), (306, 'Anser albifrons_Greater White-fronted Goose', 0.032756094), (4862, 'Power tools_Power tools', 0.025388245)]","{'temperature': 23.13, 'pressure': 927.57, 'humidity': 40.83}"
2026-02-09,12:35:30,"Chunk 0 from recording_20260209_123521.wav: [(3491, 'Meleagris gallopavo_Wild Turkey', 0.47680122), (2628, 'Gyps fulvus_Eurasian Griffon', 0.048402697), (306, 'Anser albifrons_Greater White-fronted Goose', 0.036351837), (727, 'Branta canadensis_Canada Goose', 0.026127134), (4862, 'Power tools_Power tools', 0.023617644)]","{'temperature': 23.16, 'pressure': 927.6, 'humidity': 40.93}"
2026-02-09,12:35:46,"Chunk 0 from recording_20260209_123539.wav: [(3243, 'Lithobates sylvaticus_Wood Frog', 0.5587291), (3491, 'Meleagris gallopavo_Wild Turkey', 0.18375199), (2628, 'Gyps fulvus_Eurasian Griffon', 0.034641642), (2819, 'Human vocal_Human vocal', 0.011303267), (4862, 'Power tools_Power tools', 0.009010197)]","{'temperature': 23.17, 'pressure': 927.6, 'humidity': 40.76}"
2026-02-09,12:36:53,"Chunk 0 from recording_20260209_123645.wav: [(727, 'Branta canadensis_Canada Goose', 0.29691496), (3491, 'Meleagris gallopavo_Wild Turkey', 0.045365516), (5882, 'Tadorna ferruginea_Ruddy Shelduck', 0.044842266), (4862, 'Power tools_Power tools', 0.040325727), (1801, 'Cygnus cygnus_Whooper Swan', 0.031349223)]","{'temperature': 23.26, 'pressure': 927.59, 'humidity': 40.37}"
2026-02-09,12:37:22,"Chunk 0 from recording_20260209_123715.wav: [(3491, 'Meleagris gallopavo_Wild Turkey', 0.46426204), (2819, 'Human vocal_Human vocal', 0.03736333), (2820, 'Human whistle_Human whistle', 0.028993137), (944, 'Canis latrans_Coyote', 0.023202907), (2609, 'Gun_Gun', 0.020733625)]","{'temperature': 23.29, 'pressure': 927.58, 'humidity': 40.26}"
2026-02-09,12:38:10,"Chunk 0 from recording_20260209_123804.wav: [(727, 'Branta canadensis_Canada Goose', 0.26885355), (1801, 'Cygnus cygnus_Whooper Swan', 0.10590697), (4862, 'Power tools_Power tools', 0.034440402), (628, 'Aythya americana_Redhead', 0.02930707), (2609, 'Gun_Gun', 0.018752594)]","{'temperature': 23.33, 'pressure': 927.57, 'humidity': 40.28}"
2026-02-09,12:38:36,"Chunk 0 from recording_20260209_123828.wav: [(1801, 'Cygnus cygnus_Whooper Swan', 0.26096293), (727, 'Branta canadensis_Canada Goose', 0.14079338), (5882, 'Tadorna ferruginea_Ruddy Shelduck', 0.03509159), (2819, 'Human vocal_Human vocal', 0.023685016), (6073, 'Tockus rufirostris_Southern Red-billed Hornbill', 0.020592483)]","{'temperature': 23.35, 'pressure': 927.57, 'humidity': 40.17}"
2026-02-09,12:38:55,"Chunk 0 from recording_20260209_123846.wav: [(1801, 'Cygnus cygnus_Whooper Swan', 0.34111136), (727, 'Branta canadensis_Canada Goose', 0.060479622), (4862, 'Power tools_Power tools', 0.037708007), (2143, 'Engine_Engine', 0.020353468), (3491, 'Meleagris gallopavo_Wild Turkey', 0.017102536)]","{'temperature': 23.36, 'pressure': 927.58, 'humidity': 40.16}"
2026-02-09,12:39:05,"Chunk 0 from recording_20260209_123858.wav: [(3491, 'Meleagris gallopavo_Wild Turkey', 0.45064932), (4862, 'Power tools_Power tools', 0.10878374), (3243, 'Lithobates sylvaticus_Wood Frog', 0.04284332), (2143, 'Engine_Engine', 0.017633185), (2598, 'Grus japonensis_Red-crowned Crane', 0.017255032)]","{'temperature': 23.37, 'pressure': 927.6, 'humidity': 40.11}"
2026-02-09,12:39:50,"Chunk 0 from recording_20260209_123940.wav: [(727, 'Branta canadensis_Canada Goose', 0.24790347), (2609, 'Gun_Gun', 0.061781332), (1801, 'Cygnus cygnus_Whooper Swan', 0.05646241), (4862, 'Power tools_Power tools', 0.0354095), (3491, 'Meleagris gallopavo_Wild Turkey', 0.01608365)]","{'temperature': 23.39, 'pressure': 927.58, 'humidity': 40.13}"
2026-02-09,12:39:59,"Chunk 0 from recording_20260209_123952.wav: [(3491, 'Meleagris gallopavo_Wild Turkey', 0.6595884), (727, 'Branta canadensis_Canada Goose', 0.08075706), (3243, 'Lithobates sylvaticus_Wood Frog', 0.0780077), (2628, 'Gyps fulvus_Eurasian Griffon', 0.037869565), (6070, 'Tockus erythrorhynchus_Northern Red-billed Hornbill', 0.025636638)]","{'temperature': 23.4, 'pressure': 927.57, 'humidity': 40.06}"
2026-02-09,12:40:06,"Chunk 0 from recording_20260209_123958.wav: [(727, 'Branta canadensis_Canada Goose', 0.30783516), (1801, 'Cygnus cygnus_Whooper Swan', 0.059854507), (3243, 'Lithobates sylvaticus_Wood Frog', 0.054422945), (4862, 'Power tools_Power tools', 0.0367535), (2143, 'Engine_Engine', 0.028516965)]","{'temperature': 23.41, 'pressure': 927.58, 'humidity': 40.05}"
2026-02-09,12:40:25,"Chunk 0 from recording_20260209_124016.wav: [(3491, 'Meleagris gallopavo_Wild Turkey', 0.35229728), (4862, 'Power tools_Power tools', 0.024881184), (2143, 'Engine_Engine', 0.024133366), (944, 'Canis latrans_Coyote', 0.0153893195), (2609, 'Gun_Gun', 0.014840771)]","{'temperature': 23.42, 'pressure': 927.57, 'humidity': 40.23}"
2026-02-09,12:40:31,"Chunk 0 from recording_20260209_124022.wav: [(3491, 'Meleagris gallopavo_Wild Turkey', 0.44195592), (2609, 'Gun_Gun', 0.028215889), (2819, 'Human vocal_Human vocal', 0.026590021), (727, 'Branta canadensis_Canada Goose', 0.0233801), (2820, 'Human whistle_Human whistle', 0.0206)]","{'temperature': 23.42, 'pressure': 927.57, 'humidity': 40.15}"
2026-02-09,12:40:38,"Chunk 0 from recording_20260209_124028.wav: [(3491, 'Meleagris gallopavo_Wild Turkey', 0.43285885), (727, 'Branta canadensis_Canada Goose', 0.0756344), (2609, 'Gun_Gun', 0.033799376), (2818, 'Human non-vocal_Human non-vocal', 0.028160034), (2449, 'Gavia immer_Common Loon', 0.024702497)]","{'temperature': 23.43, 'pressure': 927.6, 'humidity': 40.18}"
2026-02-09,12:40:48,"Chunk 0 from recording_20260209_124041.wav: [(3491, 'Meleagris gallopavo_Wild Turkey', 0.30442688), (5162, 'Pygoscelis papua_Gentoo Penguin', 0.106522426), (727, 'Branta canadensis_Canada Goose', 0.059727), (1801, 'Cygnus cygnus_Whooper Swan', 0.057387687), (2609, 'Gun_Gun', 0.03274936)]","{'temperature': 23.43, 'pressure': 927.6, 'humidity': 40.3}"
2026-02-09,12:41:07,"Chunk 0 from recording_20260209_124059.wav: [(3243, 'Lithobates sylvaticus_Wood Frog', 0.29405355), (4862, 'Power tools_Power tools', 0.040948596), (2819, 'Human vocal_Human vocal', 0.031444564), (2609, 'Gun_Gun', 0.018267682), (1578, 'Corvus cornix_Hooded Crow', 0.016791685)]","{'temperature': 23.44, 'pressure': 927.62, 'humidity': 40.24}"
2026-02-09,12:41:13,"Chunk 0 from recording_20260209_124105.wav: [(3243, 'Lithobates sylvaticus_Wood Frog', 0.7937781), (4862, 'Power tools_Power tools', 0.043865692), (727, 'Branta canadensis_Canada Goose', 0.018156702), (726, 'Branta bernicla_Brant', 0.012555474), (6073, 'Tockus rufirostris_Southern Red-billed Hornbill', 0.011098532)]","{'temperature': 23.45, 'pressure': 927.62, 'humidity': 40.17}"
2026-02-09,12:42:30,"Chunk 0 from recording_20260209_124223.wav: [(3491, 'Meleagris gallopavo_Wild Turkey', 0.38133466), (727, 'Branta canadensis_Canada Goose', 0.09236583), (4862, 'Power tools_Power tools', 0.04214798), (1801, 'Cygnus cygnus_Whooper Swan', 0.031497993), (2609, 'Gun_Gun', 0.021997947)]","{'temperature': 23.49, 'pressure': 927.61, 'humidity': 40.19}"
2026-02-09,12:42:49,"Chunk 0 from recording_20260209_124241.wav: [(1801, 'Cygnus cygnus_Whooper Swan', 0.2888593), (2609, 'Gun_Gun', 0.060286675), (3491, 'Meleagris gallopavo_Wild Turkey', 0.03405512), (4862, 'Power tools_Power tools', 0.027471181), (2819, 'Human vocal_Human vocal', 0.025009505)]","{'temperature': 23.5, 'pressure': 927.59, 'humidity': 40.15}"
2026-02-09,12:43:09,"Chunk 0 from recording_20260209_124259.wav: [(3491, 'Meleagris gallopavo_Wild Turkey', 0.38465193), (4862, 'Power tools_Power tools', 0.057601888), (3554, 'Micrastur mintoni_Cryptic Forest-Falcon', 0.027374242), (2819, 'Human vocal_Human vocal', 0.02520691), (727, 'Branta canadensis_Canada Goose', 0.020421628)]","{'temperature': 23.52, 'pressure': 927.58, 'humidity': 39.9}"
2026-02-09,12:43:37,"Chunk 0 from recording_20260209_124329.wav: [(3491, 'Meleagris gallopavo_Wild Turkey', 0.2495388), (727, 'Branta canadensis_Canada Goose', 0.039365243), (1577, 'Corvus corax_Common Raven', 0.021247357), (4862, 'Power tools_Power tools', 0.017072495), (1949, 'Dog_Dog', 0.014519926)]","{'temperature': 23.54, 'pressure': 927.61, 'humidity': 39.86}"
2026-02-09,12:43:44,"Chunk 0 from recording_20260209_124335.wav: [(3491, 'Meleagris gallopavo_Wild Turkey', 0.4265273), (1949, 'Dog_Dog', 0.025087776), (1577, 'Corvus corax_Common Raven', 0.017634531), (2819, 'Human vocal_Human vocal', 0.01531934), (2597, 'Grus grus_Common Crane', 0.015138171)]","{'temperature': 23.54, 'pressure': 927.63, 'humidity': 39.92}"
2026-02-09,12:43:57,"Chunk 0 from recording_20260209_124347.wav: [(3243, 'Lithobates sylvaticus_Wood Frog', 0.51441413), (4862, 'Power tools_Power tools', 0.027601872), (2819, 'Human vocal_Human vocal', 0.02213999), (2143, 'Engine_Engine', 0.010949864), (2609, 'Gun_Gun', 0.009382272)]","{'temperature': 23.55, 'pressure': 927.62, 'humidity': 39.81}"
2026-02-09,12:44:13,"Chunk 0 from recording_20260209_124406.wav: [(3491, 'Meleagris gallopavo_Wild Turkey', 0.36201996), (4862, 'Power tools_Power tools', 0.023671435), (2819, 'Human vocal_Human vocal', 0.023534594), (5748, 'Streptopelia decipiens_Mourning Collared-Dove', 0.021377394), (3692, 'Mustelirallus albicollis_Ash-throated Crake', 0.016716126)]","{'temperature': 23.56, 'pressure': 927.63, 'humidity': 39.62}"
2026-02-09,12:44:19,"Chunk 0 from recording_20260209_124412.wav: [(3491, 'Meleagris gallopavo_Wild Turkey', 0.36556882), (727, 'Branta canadensis_Canada Goose', 0.08253227), (4862, 'Power tools_Power tools', 0.019602476), (3243, 'Lithobates sylvaticus_Wood Frog', 0.017373743), (5030, 'Pternistis adspersus_Red-billed Francolin', 0.014583346)]","{'temperature': 23.57, 'pressure': 927.62, 'humidity': 39.61}"
2026-02-09,12:45:07,"Chunk 0 from recording_20260209_124500.wav: [(4862, 'Power tools_Power tools', 0.2297756), (727, 'Branta canadensis_Canada Goose', 0.20749271), (3243, 'Lithobates sylvaticus_Wood Frog', 0.04362164), (2143, 'Engine_Engine', 0.039126504), (3491, 'Meleagris gallopavo_Wild Turkey', 0.032265425)]","{'temperature': 23.59, 'pressure': 927.62, 'humidity': 39.61}"
2026-02-09,12:46:21,"Chunk 0 from recording_20260209_124612.wav: [(2609, 'Gun_Gun', 0.4105772), (4862, 'Power tools_Power tools', 0.21794865), (2143, 'Engine_Engine', 0.05579613), (2818, 'Human non-vocal_Human non-vocal', 0.030340161), (5697, 'Steatornis caripensis_Oilbird', 0.02410692)]","{'temperature': 23.62, 'pressure': 927.57, 'humidity': 39.57}"
2026-02-09,12:46:34,"Chunk 0 from recording_20260209_124624.wav: [(4862, 'Power tools_Power tools', 0.4357024), (2143, 'Engine_Engine', 0.16946565), (2609, 'Gun_Gun', 0.028773138), (2818, 'Human non-vocal_Human non-vocal', 0.017187411), (184, 'Alouatta pigra_Mexican Black Howler Monkey', 0.016104355)]","{'temperature': 23.63, 'pressure': 927.6, 'humidity': 39.51}"
2026-02-09,12:47:38,"Chunk 0 from recording_20260209_124731.wav: [(3491, 'Meleagris gallopavo_Wild Turkey', 0.29134616), (4862, 'Power tools_Power tools', 0.025395878), (2819, 'Human vocal_Human vocal', 0.016969195), (2609, 'Gun_Gun', 0.013820097), (2143, 'Engine_Engine', 0.013000321)]","{'temperature': 23.64, 'pressure': 927.61, 'humidity': 39.69}"
2026-02-09,12:48:39,"Chunk 0 from recording_20260209_124831.wav: [(727, 'Branta canadensis_Canada Goose', 0.23549064), (1801, 'Cygnus cygnus_Whooper Swan', 0.13718793), (3491, 'Meleagris gallopavo_Wild Turkey', 0.055467844), (2819, 'Human vocal_Human vocal', 0.03231479), (2143, 'Engine_Engine', 0.023789518)]","{'temperature': 23.68, 'pressure': 927.62, 'humidity': 39.62}"
2026-02-09,12:48:45,"Chunk 0 from recording_20260209_124837.wav: [(3491, 'Meleagris gallopavo_Wild Turkey', 0.45432413), (2819, 'Human vocal_Human vocal', 0.08090697), (2628, 'Gyps fulvus_Eurasian Griffon', 0.04047476), (2818, 'Human non-vocal_Human non-vocal', 0.030592028), (2609, 'Gun_Gun', 0.026828565)]","{'temperature': 23.69, 'pressure': 927.62, 'humidity': 39.55}"
2026-02-09,12:48:51,"Chunk 0 from recording_20260209_124843.wav: [(3491, 'Meleagris gallopavo_Wild Turkey', 0.20352581), (1949, 'Dog_Dog', 0.03367385), (2609, 'Gun_Gun', 0.028937358), (727, 'Branta canadensis_Canada Goose', 0.0277679), (1801, 'Cygnus cygnus_Whooper Swan', 0.024817778)]","{'temperature': 23.69, 'pressure': 927.61, 'humidity': 39.57}"
2026-02-09,12:49:27,"Chunk 0 from recording_20260209_124919.wav: [(1801, 'Cygnus cygnus_Whooper Swan', 0.40421298), (727, 'Branta canadensis_Canada Goose', 0.17324372), (2609, 'Gun_Gun', 0.038658645), (2820, 'Human whistle_Human whistle', 0.028526096), (4862, 'Power tools_Power tools', 0.027043251)]","{'temperature': 23.72, 'pressure': 927.59, 'humidity': 39.57}"
2026-02-09,12:50:34,"Chunk 0 from recording_20260209_125025.wav: [(3491, 'Meleagris gallopavo_Wild Turkey', 0.2424562), (3243, 'Lithobates sylvaticus_Wood Frog', 0.12139827), (727, 'Branta canadensis_Canada Goose', 0.0703727), (2819, 'Human vocal_Human vocal', 0.039591823), (2818, 'Human non-vocal_Human non-vocal', 0.03023083)]","{'temperature': 23.75, 'pressure': 927.62, 'humidity': 39.52}"
2026-02-09,12:50:47,"Chunk 0 from recording_20260209_125038.wav: [(306, 'Anser albifrons_Greater White-fronted Goose', 0.21747242), (1801, 'Cygnus cygnus_Whooper Swan', 0.13326728), (3491, 'Meleagris gallopavo_Wild Turkey', 0.106182866), (1616, 'Coscoroba coscoroba_Coscoroba Swan', 0.048460063), (727, 'Branta canadensis_Canada Goose', 0.034155823)]","{'temperature': 23.75, 'pressure': 927.61, 'humidity': 39.5}"
2026-02-09,12:50:50,"Chunk 0 from recording_20260209_125044.wav: [(727, 'Branta canadensis_Canada Goose', 0.20408623), (306, 'Anser albifrons_Greater White-fronted Goose', 0.06996706), (1801, 'Cygnus cygnus_Whooper Swan', 0.02056969), (4862, 'Power tools_Power tools', 0.018051617), (2609, 'Gun_Gun', 0.012384566)]","{'temperature': 23.75, 'pressure': 927.61, 'humidity': 39.46}"
2026-02-09,12:51:16,"Chunk 0 from recording_20260209_125108.wav: [(3491, 'Meleagris gallopavo_Wild Turkey', 0.279495), (306, 'Anser albifrons_Greater White-fronted Goose', 0.062314007), (727, 'Branta canadensis_Canada Goose', 0.049432684), (2609, 'Gun_Gun', 0.030928131), (2325, 'Fireworks_Fireworks', 0.025838094)]","{'temperature': 23.76, 'pressure': 927.6, 'humidity': 39.58}"
2026-02-09,12:51:22,"Chunk 0 from recording_20260209_125114.wav: [(306, 'Anser albifrons_Greater White-fronted Goose', 0.2687163), (727, 'Branta canadensis_Canada Goose', 0.13229443), (3491, 'Meleagris gallopavo_Wild Turkey', 0.08756934), (2609, 'Gun_Gun', 0.0161955), (1801, 'Cygnus cygnus_Whooper Swan', 0.014656637)]","{'temperature': 23.76, 'pressure': 927.62, 'humidity': 39.58}"
2026-02-09,12:51:29,"Chunk 0 from recording_20260209_125120.wav: [(3491, 'Meleagris gallopavo_Wild Turkey', 0.4739452), (1949, 'Dog_Dog', 0.04436369), (945, 'Canis lupus_Gray Wolf', 0.013996853), (727, 'Branta canadensis_Canada Goose', 0.012229848), (300, 'Anodorhynchus leari_Indigo Macaw', 0.010563808)]","{'temperature': 23.77, 'pressure': 927.61, 'humidity': 39.62}"
2026-02-09,12:51:51,"Chunk 0 from recording_20260209_125144.wav: [(3243, 'Lithobates sylvaticus_Wood Frog', 0.29170844), (2819, 'Human vocal_Human vocal', 0.06561388), (4862, 'Power tools_Power tools', 0.061679713), (2609, 'Gun_Gun', 0.038236722), (2143, 'Engine_Engine', 0.020746084)]","{'temperature': 23.78, 'pressure': 927.58, 'humidity': 39.35}"
2026-02-09,12:52:17,"Chunk 0 from recording_20260209_125208.wav: [(3491, 'Meleagris gallopavo_Wild Turkey', 0.22824147), (2609, 'Gun_Gun', 0.050667576), (727, 'Branta canadensis_Canada Goose', 0.0493179), (2143, 'Engine_Engine', 0.038735386), (1801, 'Cygnus cygnus_Whooper Swan', 0.03319444)]","{'temperature': 23.78, 'pressure': 927.6, 'humidity': 39.45}"
2026-02-09,12:52:23,"Chunk 0 from recording_20260209_125214.wav: [(727, 'Branta canadensis_Canada Goose', 0.4067045), (3491, 'Meleagris gallopavo_Wild Turkey', 0.049215473), (4862, 'Power tools_Power tools', 0.027274763), (2820, 'Human whistle_Human whistle', 0.025060099), (322, 'Anthochaera chrysoptera_Little Wattlebird', 0.021424096)]","{'temperature': 23.79, 'pressure': 927.61, 'humidity': 39.45}"
2026-02-09,12:52:26,"Chunk 0 from recording_20260209_125220.wav: [(727, 'Branta canadensis_Canada Goose', 0.31357205), (2373, 'Fulica americana_American Coot', 0.04352712), (306, 'Anser albifrons_Greater White-fronted Goose', 0.03664553), (1616, 'Coscoroba coscoroba_Coscoroba Swan', 0.02488956), (3491, 'Meleagris gallopavo_Wild Turkey', 0.021998093)]","{'temperature': 23.79, 'pressure': 927.61, 'humidity': 39.53}"
2026-02-09,12:52:39,"Chunk 0 from recording_20260209_125232.wav: [(3491, 'Meleagris gallopavo_Wild Turkey', 0.27985922), (2598, 'Grus japonensis_Red-crowned Crane', 0.04043475), (4862, 'Power tools_Power tools', 0.03942951), (2819, 'Human vocal_Human vocal', 0.03364923), (727, 'Branta canadensis_Canada Goose', 0.02902854)]","{'temperature': 23.8, 'pressure': 927.58, 'humidity': 39.52}"
2026-02-09,12:52:58,"Chunk 0 from recording_20260209_125250.wav: [(1801, 'Cygnus cygnus_Whooper Swan', 0.4119405), (2819, 'Human vocal_Human vocal', 0.027285043), (727, 'Branta canadensis_Canada Goose', 0.021969043), (4862, 'Power tools_Power tools', 0.017005289), (3491, 'Meleagris gallopavo_Wild Turkey', 0.014216417)]","{'temperature': 23.8, 'pressure': 927.59, 'humidity': 39.48}"
2026-02-09,12:53:27,"Chunk 0 from recording_20260209_125320.wav: [(726, 'Branta bernicla_Brant', 0.6197811), (3243, 'Lithobates sylvaticus_Wood Frog', 0.093642704), (4862, 'Power tools_Power tools', 0.06385078), (5882, 'Tadorna ferruginea_Ruddy Shelduck', 0.03138923), (2609, 'Gun_Gun', 0.015436991)]","{'temperature': 23.81, 'pressure': 927.56, 'humidity': 39.38}"
2026-02-09,12:53:40,"Chunk 0 from recording_20260209_125332.wav: [(2819, 'Human vocal_Human vocal', 0.219834), (4862, 'Power tools_Power tools', 0.07051764), (2609, 'Gun_Gun', 0.053382702), (2143, 'Engine_Engine', 0.045960773), (727, 'Branta canadensis_Canada Goose', 0.03266411)]","{'temperature': 23.81, 'pressure': 927.57, 'humidity': 39.44}"
2026-02-09,12:55:03,"Chunk 0 from recording_20260209_125457.wav: [(1801, 'Cygnus cygnus_Whooper Swan', 0.2440111), (727, 'Branta canadensis_Canada Goose', 0.12211098), (3491, 'Meleagris gallopavo_Wild Turkey', 0.03973597), (2373, 'Fulica americana_American Coot', 0.031691194), (2376, 'Fulica atra_Eurasian Coot', 0.014437699)]","{'temperature': 23.83, 'pressure': 927.57, 'humidity': 39.38}"
2026-02-09,12:55:16,"Chunk 0 from recording_20260209_125509.wav: [(3692, 'Mustelirallus albicollis_Ash-throated Crake', 0.62771463), (5748, 'Streptopelia decipiens_Mourning Collared-Dove', 0.07203352), (727, 'Branta canadensis_Canada Goose', 0.042946093), (3491, 'Meleagris gallopavo_Wild Turkey', 0.028810525), (368, 'Antigone canadensis_Sandhill Crane', 0.018956073)]","{'temperature': 23.83, 'pressure': 927.54, 'humidity': 39.31}"
2026-02-09,12:55:23,"Chunk 0 from recording_20260209_125515.wav: [(3491, 'Meleagris gallopavo_Wild Turkey', 0.38012448), (2819, 'Human vocal_Human vocal', 0.02284649), (1949, 'Dog_Dog', 0.021031583), (5162, 'Pygoscelis papua_Gentoo Penguin', 0.018886471), (6459, 'Zapornia parva_Little Crake', 0.012688978)]","{'temperature': 23.84, 'pressure': 927.54, 'humidity': 39.31}"
2026-02-09,12:55:48,"Chunk 0 from recording_20260209_125539.wav: [(3491, 'Meleagris gallopavo_Wild Turkey', 0.23354939), (1801, 'Cygnus cygnus_Whooper Swan', 0.044441696), (727, 'Branta canadensis_Canada Goose', 0.04015), (885, ""Callipepla gambelii_Gambel's Quail"", 0.03874775), (2609, 'Gun_Gun', 0.034068108)]","{'temperature': 23.84, 'pressure': 927.56, 'humidity': 39.28}"
2026-02-09,12:55:52,"Chunk 0 from recording_20260209_125545.wav: [(1801, 'Cygnus cygnus_Whooper Swan', 0.25087592), (727, 'Branta canadensis_Canada Goose', 0.09799502), (3491, 'Meleagris gallopavo_Wild Turkey', 0.05416011), (2820, 'Human whistle_Human whistle', 0.023047086), (2818, 'Human non-vocal_Human non-vocal', 0.018792931)]","{'temperature': 23.85, 'pressure': 927.54, 'humidity': 39.33}"
2026-02-09,12:58:00,"Chunk 0 from recording_20260209_125752.wav: [(3491, 'Meleagris gallopavo_Wild Turkey', 0.20862326), (4862, 'Power tools_Power tools', 0.030820685), (2609, 'Gun_Gun', 0.019705694), (2143, 'Engine_Engine', 0.013199349), (727, 'Branta canadensis_Canada Goose', 0.013146932)]","{'temperature': 23.9, 'pressure': 927.58, 'humidity': 39.05}"
2026-02-09,12:58:35,"Chunk 0 from recording_20260209_125828.wav: [(3243, 'Lithobates sylvaticus_Wood Frog', 0.34992155), (2819, 'Human vocal_Human vocal', 0.15131804), (4862, 'Power tools_Power tools', 0.113088936), (3491, 'Meleagris gallopavo_Wild Turkey', 0.0641579), (2143, 'Engine_Engine', 0.05379887)]","{'temperature': 23.91, 'pressure': 927.56, 'humidity': 39.27}"
2026-02-09,12:58:54,"Chunk 0 from recording_20260209_125846.wav: [(6459, 'Zapornia parva_Little Crake', 0.21217765), (4862, 'Power tools_Power tools', 0.08091965), (2143, 'Engine_Engine', 0.02175025), (322, 'Anthochaera chrysoptera_Little Wattlebird', 0.02102478), (2609, 'Gun_Gun', 0.018574903)]","{'temperature': 23.92, 'pressure': 927.58, 'humidity': 39.4}"
2026-02-09,12:59:07,"Chunk 0 from recording_20260209_125858.wav: [(2609, 'Gun_Gun', 0.24822797), (3491, 'Meleagris gallopavo_Wild Turkey', 0.14397159), (4862, 'Power tools_Power tools', 0.104401395), (2820, 'Human whistle_Human whistle', 0.071876645), (2819, 'Human vocal_Human vocal', 0.043364275)]","{'temperature': 23.92, 'pressure': 927.59, 'humidity': 39.25}"
2026-02-09,13:00:08,"Chunk 0 from recording_20260209_125958.wav: [(3491, 'Meleagris gallopavo_Wild Turkey', 0.36276388), (306, 'Anser albifrons_Greater White-fronted Goose', 0.056508943), (1616, 'Coscoroba coscoroba_Coscoroba Swan', 0.036434885), (2628, 'Gyps fulvus_Eurasian Griffon', 0.027600648), (2449, 'Gavia immer_Common Loon', 0.0257149)]","{'temperature': 23.94, 'pressure': 927.64, 'humidity': 39.15}"
2026-02-09,13:01:05,"Chunk 0 from recording_20260209_130059.wav: [(1801, 'Cygnus cygnus_Whooper Swan', 0.40823764), (727, 'Branta canadensis_Canada Goose', 0.110471345), (2820, 'Human whistle_Human whistle', 0.0340433), (2819, 'Human vocal_Human vocal', 0.02341533), (1949, 'Dog_Dog', 0.016854139)]","{'temperature': 23.95, 'pressure': 927.65, 'humidity': 38.92}"
2026-02-09,13:01:37,"Chunk 0 from recording_20260209_130129.wav: [(3243, 'Lithobates sylvaticus_Wood Frog', 0.28358287), (2819, 'Human vocal_Human vocal', 0.18116108), (727, 'Branta canadensis_Canada Goose', 0.023455042), (1799, 'Cygnus buccinator_Trumpeter Swan', 0.023333713), (4862, 'Power tools_Power tools', 0.018728541)]","{'temperature': 23.96, 'pressure': 927.67, 'humidity': 39.2}"
2026-02-09,13:01:50,"Chunk 0 from recording_20260209_130141.wav: [(1801, 'Cygnus cygnus_Whooper Swan', 0.3024944), (727, 'Branta canadensis_Canada Goose', 0.065100394), (3491, 'Meleagris gallopavo_Wild Turkey', 0.0384264), (4862, 'Power tools_Power tools', 0.03219696), (2820, 'Human whistle_Human whistle', 0.022659676)]","{'temperature': 23.97, 'pressure': 927.64, 'humidity': 39.2}"
2026-02-09,13:01:54,"Chunk 0 from recording_20260209_130147.wav: [(1801, 'Cygnus cygnus_Whooper Swan', 0.41470692), (727, 'Branta canadensis_Canada Goose', 0.08087363), (4971, 'Psilopogon chrysopogon_Gold-whiskered Barbet', 0.07789456), (3491, 'Meleagris gallopavo_Wild Turkey', 0.045786407), (184, 'Alouatta pigra_Mexican Black Howler Monkey', 0.027460324)]","{'temperature': 23.97, 'pressure': 927.64, 'humidity': 39.19}"
2026-02-09,13:02:48,"Chunk 0 from recording_20260209_130241.wav: [(3491, 'Meleagris gallopavo_Wild Turkey', 0.23461115), (2609, 'Gun_Gun', 0.057493303), (1801, 'Cygnus cygnus_Whooper Swan', 0.049372695), (4862, 'Power tools_Power tools', 0.043813463), (2143, 'Engine_Engine', 0.037132904)]","{'temperature': 23.99, 'pressure': 927.66, 'humidity': 38.98}"
2026-02-09,13:03:01,"Chunk 0 from recording_20260209_130253.wav: [(727, 'Branta canadensis_Canada Goose', 0.23361208), (3491, 'Meleagris gallopavo_Wild Turkey', 0.17173736), (1801, 'Cygnus cygnus_Whooper Swan', 0.044943165), (2598, 'Grus japonensis_Red-crowned Crane', 0.027350858), (4862, 'Power tools_Power tools', 0.017355755)]","{'temperature': 24.0, 'pressure': 927.68, 'humidity': 39.08}"
2026-02-09,13:03:14,"Chunk 0 from recording_20260209_130305.wav: [(2819, 'Human vocal_Human vocal', 0.25453922), (2609, 'Gun_Gun', 0.05399804), (3491, 'Meleagris gallopavo_Wild Turkey', 0.046399817), (2820, 'Human whistle_Human whistle', 0.037530378), (2818, 'Human non-vocal_Human non-vocal', 0.03375983)]","{'temperature': 24.01, 'pressure': 927.67, 'humidity': 39.2}"
2026-02-09,13:03:30,"Chunk 0 from recording_20260209_130323.wav: [(3243, 'Lithobates sylvaticus_Wood Frog', 0.22779056), (2819, 'Human vocal_Human vocal', 0.068678774), (4862, 'Power tools_Power tools', 0.044456895), (2143, 'Engine_Engine', 0.0430138), (727, 'Branta canadensis_Canada Goose', 0.041039)]","{'temperature': 24.01, 'pressure': 927.67, 'humidity': 39.17}"
2026-02-09,13:04:15,"Chunk 0 from recording_20260209_130406.wav: [(3491, 'Meleagris gallopavo_Wild Turkey', 0.41071534), (2819, 'Human vocal_Human vocal', 0.09966458), (727, 'Branta canadensis_Canada Goose', 0.024004607), (322, 'Anthochaera chrysoptera_Little Wattlebird', 0.017084885), (2820, 'Human whistle_Human whistle', 0.012533725)]","{'temperature': 24.03, 'pressure': 927.69, 'humidity': 39.08}"
2026-02-09,13:04:50,"Chunk 0 from recording_20260209_130442.wav: [(3491, 'Meleagris gallopavo_Wild Turkey', 0.34712836), (1801, 'Cygnus cygnus_Whooper Swan', 0.065871455), (727, 'Branta canadensis_Canada Goose', 0.02889342), (4862, 'Power tools_Power tools', 0.02756252), (2818, 'Human non-vocal_Human non-vocal', 0.026210379)]","{'temperature': 24.03, 'pressure': 927.68, 'humidity': 38.95}"
2026-02-09,13:05:25,"Chunk 0 from recording_20260209_130518.wav: [(727, 'Branta canadensis_Canada Goose', 0.257885), (1801, 'Cygnus cygnus_Whooper Swan', 0.18651558), (3491, 'Meleagris gallopavo_Wild Turkey', 0.050609294), (2819, 'Human vocal_Human vocal', 0.04581578), (4862, 'Power tools_Power tools', 0.03679674)]","{'temperature': 24.04, 'pressure': 927.71, 'humidity': 39.19}"
2026-02-09,13:05:44,"Chunk 0 from recording_20260209_130536.wav: [(3243, 'Lithobates sylvaticus_Wood Frog', 0.21592414), (2819, 'Human vocal_Human vocal', 0.07752355), (4862, 'Power tools_Power tools', 0.033483338), (2609, 'Gun_Gun', 0.019394312), (2143, 'Engine_Engine', 0.013655448)]","{'temperature': 24.05, 'pressure': 927.69, 'humidity': 39.21}"
2026-02-09,13:06:20,"Chunk 0 from recording_20260209_130612.wav: [(3491, 'Meleagris gallopavo_Wild Turkey', 0.40715286), (4862, 'Power tools_Power tools', 0.016047658), (2609, 'Gun_Gun', 0.01516105), (1801, 'Cygnus cygnus_Whooper Swan', 0.012335079), (727, 'Branta canadensis_Canada Goose', 0.011524548)]","{'temperature': 24.06, 'pressure': 927.7, 'humidity': 38.98}"
2026-02-09,13:07:40,"Chunk 0 from recording_20260209_130731.wav: [(3491, 'Meleagris gallopavo_Wild Turkey', 0.21616457), (727, 'Branta canadensis_Canada Goose', 0.07546725), (3243, 'Lithobates sylvaticus_Wood Frog', 0.063103855), (1577, 'Corvus corax_Common Raven', 0.04527431), (2820, 'Human whistle_Human whistle', 0.03504019)]","{'temperature': 24.08, 'pressure': 927.73, 'humidity': 38.84}"
2026-02-09,13:07:46,"Chunk 0 from recording_20260209_130737.wav: [(3491, 'Meleagris gallopavo_Wild Turkey', 0.21434972), (727, 'Branta canadensis_Canada Goose', 0.018491732), (4862, 'Power tools_Power tools', 0.016714936), (2143, 'Engine_Engine', 0.016458934), (6073, 'Tockus rufirostris_Southern Red-billed Hornbill', 0.016411275)]","{'temperature': 24.08, 'pressure': 927.73, 'humidity': 38.81}"
2026-02-09,13:07:49,"Chunk 0 from recording_20260209_130743.wav: [(3491, 'Meleagris gallopavo_Wild Turkey', 0.29746115), (1801, 'Cygnus cygnus_Whooper Swan', 0.057452366), (727, 'Branta canadensis_Canada Goose', 0.056184918), (5162, 'Pygoscelis papua_Gentoo Penguin', 0.026395088), (3243, 'Lithobates sylvaticus_Wood Frog', 0.02533859)]","{'temperature': 24.09, 'pressure': 927.73, 'humidity': 38.84}"
2026-02-09,13:09:03,"Chunk 0 from recording_20260209_130855.wav: [(727, 'Branta canadensis_Canada Goose', 0.36479878), (1801, 'Cygnus cygnus_Whooper Swan', 0.12876968), (3491, 'Meleagris gallopavo_Wild Turkey', 0.06816937), (2820, 'Human whistle_Human whistle', 0.022327097), (4862, 'Power tools_Power tools', 0.01993524)]","{'temperature': 24.1, 'pressure': 927.73, 'humidity': 38.89}"
2026-02-09,13:09:09,"Chunk 0 from recording_20260209_130901.wav: [(3015, 'Lagopus lagopus_Willow Ptarmigan', 0.5564389), (2819, 'Human vocal_Human vocal', 0.10906379), (2609, 'Gun_Gun', 0.05883969), (3243, 'Lithobates sylvaticus_Wood Frog', 0.0415786), (4862, 'Power tools_Power tools', 0.032529138)]","{'temperature': 24.1, 'pressure': 927.74, 'humidity': 38.84}"
2026-02-09,13:09:29,"Chunk 0 from recording_20260209_130919.wav: [(727, 'Branta canadensis_Canada Goose', 0.42819116), (1801, 'Cygnus cygnus_Whooper Swan', 0.33568245), (4862, 'Power tools_Power tools', 0.05302441), (5882, 'Tadorna ferruginea_Ruddy Shelduck', 0.030107021), (306, 'Anser albifrons_Greater White-fronted Goose', 0.029381668)]","{'temperature': 24.1, 'pressure': 927.73, 'humidity': 39.0}"
2026-02-09,13:09:32,"Chunk 0 from recording_20260209_130925.wav: [(727, 'Branta canadensis_Canada Goose', 0.43492144), (2609, 'Gun_Gun', 0.08921917), (1801, 'Cygnus cygnus_Whooper Swan', 0.06555687), (1799, 'Cygnus buccinator_Trumpeter Swan', 0.040112033), (3491, 'Meleagris gallopavo_Wild Turkey', 0.02512412)]","{'temperature': 24.11, 'pressure': 927.71, 'humidity': 38.95}"
2026-02-09,13:10:58,"Chunk 0 from recording_20260209_131050.wav: [(1801, 'Cygnus cygnus_Whooper Swan', 0.26504603), (3491, 'Meleagris gallopavo_Wild Turkey', 0.07804331), (2819, 'Human vocal_Human vocal', 0.04650634), (727, 'Branta canadensis_Canada Goose', 0.0457181), (4862, 'Power tools_Power tools', 0.019667553)]","{'temperature': 24.12, 'pressure': 927.71, 'humidity': 38.68}"
2026-02-09,13:12:09,"Chunk 0 from recording_20260209_131202.wav: [(3491, 'Meleagris gallopavo_Wild Turkey', 0.23983169), (2819, 'Human vocal_Human vocal', 0.11785055), (2820, 'Human whistle_Human whistle', 0.05922481), (945, 'Canis lupus_Gray Wolf', 0.04750669), (2609, 'Gun_Gun', 0.04179744)]","{'temperature': 24.13, 'pressure': 927.67, 'humidity': 38.65}"
2026-02-09,13:12:15,"Chunk 0 from recording_20260209_131208.wav: [(3491, 'Meleagris gallopavo_Wild Turkey', 0.23164552), (2818, 'Human non-vocal_Human non-vocal', 0.03254039), (5748, 'Streptopelia decipiens_Mourning Collared-Dove', 0.025628937), (3692, 'Mustelirallus albicollis_Ash-throated Crake', 0.021975512), (2421, 'Gallinula galeata_Common Gallinule', 0.018235942)]","{'temperature': 24.13, 'pressure': 927.68, 'humidity': 38.62}"
2026-02-09,13:12:28,"Chunk 0 from recording_20260209_131220.wav: [(3491, 'Meleagris gallopavo_Wild Turkey', 0.26761812), (2609, 'Gun_Gun', 0.13500585), (727, 'Branta canadensis_Canada Goose', 0.07503081), (4862, 'Power tools_Power tools', 0.060695842), (2143, 'Engine_Engine', 0.04078597)]","{'temperature': 24.13, 'pressure': 927.68, 'humidity': 38.68}"
2026-02-09,13:13:03,"Chunk 0 from recording_20260209_131256.wav: [(727, 'Branta canadensis_Canada Goose', 0.5374371), (2609, 'Gun_Gun', 0.13290396), (4862, 'Power tools_Power tools', 0.081340864), (1801, 'Cygnus cygnus_Whooper Swan', 0.057580985), (2325, 'Fireworks_Fireworks', 0.046145245)]","{'temperature': 24.13, 'pressure': 927.66, 'humidity': 38.69}"
2026-02-09,13:13:35,"Chunk 0 from recording_20260209_131326.wav: [(3491, 'Meleagris gallopavo_Wild Turkey', 0.22734109), (727, 'Branta canadensis_Canada Goose', 0.14286302), (2609, 'Gun_Gun', 0.072838806), (2820, 'Human whistle_Human whistle', 0.05481796), (2819, 'Human vocal_Human vocal', 0.034910966)]","{'temperature': 24.14, 'pressure': 927.68, 'humidity': 38.91}"
2026-02-09,13:13:58,"Chunk 0 from recording_20260209_131351.wav: [(3491, 'Meleagris gallopavo_Wild Turkey', 0.30053928), (727, 'Branta canadensis_Canada Goose', 0.037832707), (2609, 'Gun_Gun', 0.02960241), (1801, 'Cygnus cygnus_Whooper Swan', 0.018713977), (2143, 'Engine_Engine', 0.014201403)]","{'temperature': 24.16, 'pressure': 927.73, 'humidity': 38.74}"
2026-02-09,13:14:17,"Chunk 0 from recording_20260209_131409.wav: [(727, 'Branta canadensis_Canada Goose', 0.31804723), (1801, 'Cygnus cygnus_Whooper Swan', 0.050502542), (2819, 'Human vocal_Human vocal', 0.04904056), (5882, 'Tadorna ferruginea_Ruddy Shelduck', 0.04848058), (1799, 'Cygnus buccinator_Trumpeter Swan', 0.039081004)]","{'temperature': 24.16, 'pressure': 927.75, 'humidity': 38.7}"
2026-02-09,13:14:46,"Chunk 0 from recording_20260209_131439.wav: [(3491, 'Meleagris gallopavo_Wild Turkey', 0.2341425), (1801, 'Cygnus cygnus_Whooper Swan', 0.08282885), (727, 'Branta canadensis_Canada Goose', 0.04676766), (3243, 'Lithobates sylvaticus_Wood Frog', 0.038384326), (5162, 'Pygoscelis papua_Gentoo Penguin', 0.032970756)]","{'temperature': 24.17, 'pressure': 927.73, 'humidity': 38.68}"
2026-02-09,13:16:12,"Chunk 0 from recording_20260209_131603.wav: [(3491, 'Meleagris gallopavo_Wild Turkey', 0.2254881), (730, 'Branta sandvicensis_Hawaiian Goose', 0.032114238), (727, 'Branta canadensis_Canada Goose', 0.025099857), (945, 'Canis lupus_Gray Wolf', 0.019346306), (3310, 'Lybius bidentatus_Double-toothed Barbet', 0.01923869)]","{'temperature': 24.17, 'pressure': 927.73, 'humidity': 38.66}"
2026-02-09,13:16:22,"Chunk 0 from recording_20260209_131615.wav: [(1801, 'Cygnus cygnus_Whooper Swan', 0.47722414), (3491, 'Meleagris gallopavo_Wild Turkey', 0.038121358), (727, 'Branta canadensis_Canada Goose', 0.035119575), (2143, 'Engine_Engine', 0.03155864), (2820, 'Human whistle_Human whistle', 0.02247957)]","{'temperature': 24.18, 'pressure': 927.72, 'humidity': 38.68}"
2026-02-09,13:16:54,"Chunk 0 from recording_20260209_131645.wav: [(3491, 'Meleagris gallopavo_Wild Turkey', 0.3346999), (885, ""Callipepla gambelii_Gambel's Quail"", 0.04334079), (727, 'Branta canadensis_Canada Goose', 0.029502574), (5310, 'Rhynchopsitta terrisi_Maroon-fronted Parrot', 0.020070072), (1800, 'Cygnus columbianus_Tundra Swan', 0.017793735)]","{'temperature': 24.19, 'pressure': 927.73, 'humidity': 38.8}"
2026-02-09,13:17:10,"Chunk 0 from recording_20260209_131704.wav: [(1801, 'Cygnus cygnus_Whooper Swan', 0.2051353), (2609, 'Gun_Gun', 0.19729488), (4862, 'Power tools_Power tools', 0.1024515), (727, 'Branta canadensis_Canada Goose', 0.08199899), (2143, 'Engine_Engine', 0.0709671)]","{'temperature': 24.19, 'pressure': 927.72, 'humidity': 38.69}"
2026-02-09,13:17:16,"Chunk 0 from recording_20260209_131710.wav: [(3491, 'Meleagris gallopavo_Wild Turkey', 0.25099328), (4862, 'Power tools_Power tools', 0.055351738), (1801, 'Cygnus cygnus_Whooper Swan', 0.05492146), (727, 'Branta canadensis_Canada Goose', 0.05402999), (2819, 'Human vocal_Human vocal', 0.037516125)]","{'temperature': 24.18, 'pressure': 927.73, 'humidity': 38.67}"
2026-02-09,13:17:23,"Chunk 0 from recording_20260209_131716.wav: [(1801, 'Cygnus cygnus_Whooper Swan', 0.20116882), (3491, 'Meleagris gallopavo_Wild Turkey', 0.081438355), (2820, 'Human whistle_Human whistle', 0.041378364), (1949, 'Dog_Dog', 0.038748857), (2609, 'Gun_Gun', 0.035321243)]","{'temperature': 24.18, 'pressure': 927.73, 'humidity': 38.63}"
2026-02-09,13:17:42,"Chunk 0 from recording_20260209_131734.wav: [(2818, 'Human non-vocal_Human non-vocal', 0.44585764), (3491, 'Meleagris gallopavo_Wild Turkey', 0.16427204), (2819, 'Human vocal_Human vocal', 0.04709788), (4862, 'Power tools_Power tools', 0.03588842), (5697, 'Steatornis caripensis_Oilbird', 0.027606938)]","{'temperature': 24.18, 'pressure': 927.74, 'humidity': 38.67}"
2026-02-09,13:17:48,"Chunk 0 from recording_20260209_131740.wav: [(3491, 'Meleagris gallopavo_Wild Turkey', 0.2853109), (2819, 'Human vocal_Human vocal', 0.032615155), (1577, 'Corvus corax_Common Raven', 0.030721525), (2818, 'Human non-vocal_Human non-vocal', 0.027418278), (5310, 'Rhynchopsitta terrisi_Maroon-fronted Parrot', 0.024163276)]","{'temperature': 24.19, 'pressure': 927.74, 'humidity': 38.67}"
2026-02-09,13:18:11,"Chunk 0 from recording_20260209_131804.wav: [(3491, 'Meleagris gallopavo_Wild Turkey', 0.40263802), (4862, 'Power tools_Power tools', 0.059454046), (2598, 'Grus japonensis_Red-crowned Crane', 0.04174962), (2819, 'Human vocal_Human vocal', 0.019205), (1801, 'Cygnus cygnus_Whooper Swan', 0.018197317)]","{'temperature': 24.2, 'pressure': 927.74, 'humidity': 38.77}"
2026-02-09,13:19:05,"Chunk 0 from recording_20260209_131858.wav: [(3491, 'Meleagris gallopavo_Wild Turkey', 0.29483905), (322, 'Anthochaera chrysoptera_Little Wattlebird', 0.042240527), (4862, 'Power tools_Power tools', 0.02699862), (727, 'Branta canadensis_Canada Goose', 0.019420873), (2819, 'Human vocal_Human vocal', 0.011985456)]","{'temperature': 24.21, 'pressure': 927.77, 'humidity': 38.63}"
2026-02-09,13:20:06,"Chunk 0 from recording_20260209_131958.wav: [(3491, 'Meleagris gallopavo_Wild Turkey', 0.44511306), (368, 'Antigone canadensis_Sandhill Crane', 0.1484762), (4862, 'Power tools_Power tools', 0.034152128), (322, 'Anthochaera chrysoptera_Little Wattlebird', 0.020656545), (3692, 'Mustelirallus albicollis_Ash-throated Crake', 0.01729294)]","{'temperature': 24.22, 'pressure': 927.77, 'humidity': 38.62}"
2026-02-09,13:20:19,"Chunk 0 from recording_20260209_132010.wav: [(3491, 'Meleagris gallopavo_Wild Turkey', 0.23649953), (885, ""Callipepla gambelii_Gambel's Quail"", 0.039676595), (1949, 'Dog_Dog', 0.038915485), (1644, 'Cracticus quoyi_Black Butcherbird', 0.02056407), (2143, 'Engine_Engine', 0.020534016)]","{'temperature': 24.22, 'pressure': 927.79, 'humidity': 38.66}"
2026-02-09,13:20:26,"Chunk 0 from recording_20260209_132016.wav: [(3491, 'Meleagris gallopavo_Wild Turkey', 0.284967), (1801, 'Cygnus cygnus_Whooper Swan', 0.05262007), (727, 'Branta canadensis_Canada Goose', 0.040654495), (2819, 'Human vocal_Human vocal', 0.02831515), (2820, 'Human whistle_Human whistle', 0.025639085)]","{'temperature': 24.22, 'pressure': 927.8, 'humidity': 38.65}"
2026-02-09,13:20:48,"Chunk 0 from recording_20260209_132041.wav: [(3491, 'Meleagris gallopavo_Wild Turkey', 0.42740822), (2628, 'Gyps fulvus_Eurasian Griffon', 0.023164235), (2609, 'Gun_Gun', 0.021950306), (5310, 'Rhynchopsitta terrisi_Maroon-fronted Parrot', 0.01875082), (727, 'Branta canadensis_Canada Goose', 0.017955849)]","{'temperature': 24.22, 'pressure': 927.78, 'humidity': 38.59}"
2026-02-09,13:21:30,"Chunk 0 from recording_20260209_132123.wav: [(3491, 'Meleagris gallopavo_Wild Turkey', 0.23080246), (4862, 'Power tools_Power tools', 0.03371545), (727, 'Branta canadensis_Canada Goose', 0.015577958), (1998, 'Dryocopus pileatus_Pileated Woodpecker', 0.012504347), (2143, 'Engine_Engine', 0.011859438)]","{'temperature': 24.22, 'pressure': 927.78, 'humidity': 38.7}"
2026-02-09,13:21:36,"Chunk 0 from recording_20260209_132129.wav: [(3491, 'Meleagris gallopavo_Wild Turkey', 0.26858142), (2449, 'Gavia immer_Common Loon', 0.045622926), (727, 'Branta canadensis_Canada Goose', 0.037574176), (3692, 'Mustelirallus albicollis_Ash-throated Crake', 0.0231105), (5743, 'Strepera graculina_Pied Currawong', 0.011288616)]","{'temperature': 24.22, 'pressure': 927.78, 'humidity': 38.72}"
2026-02-09,13:21:43,"Chunk 0 from recording_20260209_132135.wav: [(3491, 'Meleagris gallopavo_Wild Turkey', 0.6510369), (4862, 'Power tools_Power tools', 0.05319803), (1998, 'Dryocopus pileatus_Pileated Woodpecker', 0.018764675), (885, ""Callipepla gambelii_Gambel's Quail"", 0.018077333), (727, 'Branta canadensis_Canada Goose', 0.01578399)]","{'temperature': 24.23, 'pressure': 927.77, 'humidity': 38.72}"
2026-02-09,13:21:49,"Chunk 0 from recording_20260209_132141.wav: [(3491, 'Meleagris gallopavo_Wild Turkey', 0.6159682), (885, ""Callipepla gambelii_Gambel's Quail"", 0.036199287), (5867, 'Tachybaptus ruficollis_Little Grebe', 0.018939378), (5310, 'Rhynchopsitta terrisi_Maroon-fronted Parrot', 0.015463095), (4446, 'Philemon corniculatus_Noisy Friarbird', 0.014584648)]","{'temperature': 24.23, 'pressure': 927.77, 'humidity': 38.72}"
2026-02-09,13:21:55,"Chunk 0 from recording_20260209_132147.wav: [(4862, 'Power tools_Power tools', 0.28712496), (2609, 'Gun_Gun', 0.12374473), (727, 'Branta canadensis_Canada Goose', 0.083640955), (2143, 'Engine_Engine', 0.038193773), (1801, 'Cygnus cygnus_Whooper Swan', 0.012983211)]","{'temperature': 24.23, 'pressure': 927.77, 'humidity': 38.75}"
2026-02-09,13:22:02,"Chunk 0 from recording_20260209_132153.wav: [(885, ""Callipepla gambelii_Gambel's Quail"", 0.22644664), (1949, 'Dog_Dog', 0.05443778), (4862, 'Power tools_Power tools', 0.051290464), (1801, 'Cygnus cygnus_Whooper Swan', 0.047237974), (3491, 'Meleagris gallopavo_Wild Turkey', 0.041134417)]","{'temperature': 24.23, 'pressure': 927.79, 'humidity': 38.71}"
2026-02-09,13:22:31,"Chunk 0 from recording_20260209_132223.wav: [(3243, 'Lithobates sylvaticus_Wood Frog', 0.40205565), (4862, 'Power tools_Power tools', 0.18913719), (2819, 'Human vocal_Human vocal', 0.082718685), (2143, 'Engine_Engine', 0.05254662), (2609, 'Gun_Gun', 0.02941224)]","{'temperature': 24.23, 'pressure': 927.78, 'humidity': 38.75}"
2026-02-09,13:23:12,"Chunk 0 from recording_20260209_132305.wav: [(3491, 'Meleagris gallopavo_Wild Turkey', 0.4838482), (727, 'Branta canadensis_Canada Goose', 0.07949874), (322, 'Anthochaera chrysoptera_Little Wattlebird', 0.027280247), (2143, 'Engine_Engine', 0.017643116), (1644, 'Cracticus quoyi_Black Butcherbird', 0.015955139)]","{'temperature': 24.22, 'pressure': 927.79, 'humidity': 38.6}"
2026-02-09,13:23:25,"Chunk 0 from recording_20260209_132317.wav: [(885, ""Callipepla gambelii_Gambel's Quail"", 0.57127446), (3491, 'Meleagris gallopavo_Wild Turkey', 0.1271945), (1801, 'Cygnus cygnus_Whooper Swan', 0.10550904), (4862, 'Power tools_Power tools', 0.06061196), (2598, 'Grus japonensis_Red-crowned Crane', 0.051198535)]","{'temperature': 24.23, 'pressure': 927.82, 'humidity': 38.69}"
2026-02-09,13:23:44,"Chunk 0 from recording_20260209_132335.wav: [(2609, 'Gun_Gun', 0.33692935), (4862, 'Power tools_Power tools', 0.13426244), (727, 'Branta canadensis_Canada Goose', 0.0715409), (2598, 'Grus japonensis_Red-crowned Crane', 0.036662947), (2820, 'Human whistle_Human whistle', 0.026419973)]","{'temperature': 24.24, 'pressure': 927.81, 'humidity': 38.77}"
2026-02-09,13:23:54,"Chunk 0 from recording_20260209_132348.wav: [(727, 'Branta canadensis_Canada Goose', 0.23179966), (1801, 'Cygnus cygnus_Whooper Swan', 0.17214154), (2609, 'Gun_Gun', 0.041465323), (4862, 'Power tools_Power tools', 0.03189318), (2820, 'Human whistle_Human whistle', 0.020752603)]","{'temperature': 24.25, 'pressure': 927.8, 'humidity': 38.75}"
2026-02-09,13:24:01,"Chunk 0 from recording_20260209_132354.wav: [(3491, 'Meleagris gallopavo_Wild Turkey', 0.47587228), (6073, 'Tockus rufirostris_Southern Red-billed Hornbill', 0.07655183), (1265, 'Chordeiles acutipennis_Lesser Nighthawk', 0.035960287), (184, 'Alouatta pigra_Mexican Black Howler Monkey', 0.02297594), (1949, 'Dog_Dog', 0.020158816)]","{'temperature': 24.25, 'pressure': 927.82, 'humidity': 38.71}"
2026-02-09,13:24:07,"Chunk 0 from recording_20260209_132400.wav: [(1801, 'Cygnus cygnus_Whooper Swan', 0.26750487), (727, 'Branta canadensis_Canada Goose', 0.13351572), (2609, 'Gun_Gun', 0.052893706), (2449, 'Gavia immer_Common Loon', 0.05004499), (2820, 'Human whistle_Human whistle', 0.041662384)]","{'temperature': 24.25, 'pressure': 927.83, 'humidity': 38.69}"
2026-02-09,13:24:20,"Chunk 0 from recording_20260209_132412.wav: [(3491, 'Meleagris gallopavo_Wild Turkey', 0.5505111), (1998, 'Dryocopus pileatus_Pileated Woodpecker', 0.050442107), (2449, 'Gavia immer_Common Loon', 0.04974388), (2818, 'Human non-vocal_Human non-vocal', 0.036662593), (2819, 'Human vocal_Human vocal', 0.034110308)]","{'temperature': 24.24, 'pressure': 927.84, 'humidity': 38.62}"
2026-02-09,13:24:33,"Chunk 0 from recording_20260209_132424.wav: [(1801, 'Cygnus cygnus_Whooper Swan', 0.40471584), (727, 'Branta canadensis_Canada Goose', 0.13469447), (2820, 'Human whistle_Human whistle', 0.094948), (3491, 'Meleagris gallopavo_Wild Turkey', 0.044104863), (6071, 'Tockus kempi_Western Red-billed Hornbill', 0.030624041)]","{'temperature': 24.24, 'pressure': 927.83, 'humidity': 38.63}"
2026-02-09,13:24:36,"Chunk 0 from recording_20260209_132430.wav: [(727, 'Branta canadensis_Canada Goose', 0.25558013), (3491, 'Meleagris gallopavo_Wild Turkey', 0.15089674), (2609, 'Gun_Gun', 0.050681867), (4862, 'Power tools_Power tools', 0.048352193), (756, 'Bucephala albeola_Bufflehead', 0.030632967)]","{'temperature': 24.24, 'pressure': 927.84, 'humidity': 38.63}"
2026-02-09,13:24:43,"Chunk 0 from recording_20260209_132436.wav: [(3491, 'Meleagris gallopavo_Wild Turkey', 0.23054534), (2819, 'Human vocal_Human vocal', 0.10921887), (727, 'Branta canadensis_Canada Goose', 0.09285652), (2609, 'Gun_Gun', 0.08376245), (4862, 'Power tools_Power tools', 0.050687503)]","{'temperature': 24.23, 'pressure': 927.83, 'humidity': 38.64}"
2026-02-09,13:25:02,"Chunk 0 from recording_20260209_132454.wav: [(727, 'Branta canadensis_Canada Goose', 0.22532243), (1801, 'Cygnus cygnus_Whooper Swan', 0.16249412), (3491, 'Meleagris gallopavo_Wild Turkey', 0.054185327), (1949, 'Dog_Dog', 0.039851174), (2143, 'Engine_Engine', 0.03193037)]","{'temperature': 24.24, 'pressure': 927.84, 'humidity': 38.66}"
2026-02-09,13:25:15,"Chunk 0 from recording_20260209_132506.wav: [(727, 'Branta canadensis_Canada Goose', 0.35953754), (4862, 'Power tools_Power tools', 0.059271734), (2609, 'Gun_Gun', 0.024072366), (2819, 'Human vocal_Human vocal', 0.019346518), (2143, 'Engine_Engine', 0.019016365)]","{'temperature': 24.25, 'pressure': 927.83, 'humidity': 38.68}"
2026-02-09,13:26:15,"Chunk 0 from recording_20260209_132606.wav: [(3491, 'Meleagris gallopavo_Wild Turkey', 0.56215835), (727, 'Branta canadensis_Canada Goose', 0.05467064), (885, ""Callipepla gambelii_Gambel's Quail"", 0.01967038), (1998, 'Dryocopus pileatus_Pileated Woodpecker', 0.015053095), (1801, 'Cygnus cygnus_Whooper Swan', 0.014971136)]","{'temperature': 24.23, 'pressure': 927.84, 'humidity': 38.63}"
2026-02-09,13:26:25,"Chunk 0 from recording_20260209_132618.wav: [(1801, 'Cygnus cygnus_Whooper Swan', 0.3567291), (727, 'Branta canadensis_Canada Goose', 0.11623406), (885, ""Callipepla gambelii_Gambel's Quail"", 0.048055872), (1949, 'Dog_Dog', 0.044702012), (2609, 'Gun_Gun', 0.037395813)]","{'temperature': 24.23, 'pressure': 927.82, 'humidity': 38.6}"
2026-02-09,13:26:32,"Chunk 0 from recording_20260209_132624.wav: [(3491, 'Meleagris gallopavo_Wild Turkey', 0.2728675), (727, 'Branta canadensis_Canada Goose', 0.05838638), (4862, 'Power tools_Power tools', 0.02510418), (1801, 'Cygnus cygnus_Whooper Swan', 0.01952031), (322, 'Anthochaera chrysoptera_Little Wattlebird', 0.012296638)]","{'temperature': 24.23, 'pressure': 927.8, 'humidity': 38.57}"
2026-02-09,13:26:38,"Chunk 0 from recording_20260209_132630.wav: [(3491, 'Meleagris gallopavo_Wild Turkey', 0.24380669), (727, 'Branta canadensis_Canada Goose', 0.013983901), (322, 'Anthochaera chrysoptera_Little Wattlebird', 0.010735086), (2820, 'Human whistle_Human whistle', 0.0058797193), (4862, 'Power tools_Power tools', 0.004900869)]","{'temperature': 24.22, 'pressure': 927.81, 'humidity': 38.57}"
2026-02-09,13:26:44,"Chunk 0 from recording_20260209_132636.wav: [(3491, 'Meleagris gallopavo_Wild Turkey', 0.28018546), (2449, 'Gavia immer_Common Loon', 0.05507557), (727, 'Branta canadensis_Canada Goose', 0.05389909), (4862, 'Power tools_Power tools', 0.028175214), (2820, 'Human whistle_Human whistle', 0.020365195)]","{'temperature': 24.22, 'pressure': 927.83, 'humidity': 38.62}"
2026-02-09,13:27:58,"Chunk 0 from recording_20260209_132749.wav: [(1801, 'Cygnus cygnus_Whooper Swan', 0.34607297), (727, 'Branta canadensis_Canada Goose', 0.11453553), (2819, 'Human vocal_Human vocal', 0.07707073), (4862, 'Power tools_Power tools', 0.05300447), (2609, 'Gun_Gun', 0.048075635)]","{'temperature': 24.24, 'pressure': 927.85, 'humidity': 38.59}"
2026-02-09,13:28:50,"Chunk 0 from recording_20260209_132843.wav: [(3491, 'Meleagris gallopavo_Wild Turkey', 0.28240132), (1801, 'Cygnus cygnus_Whooper Swan', 0.06801477), (2819, 'Human vocal_Human vocal', 0.021081839), (4862, 'Power tools_Power tools', 0.017697645), (2818, 'Human non-vocal_Human non-vocal', 0.017368868)]","{'temperature': 24.25, 'pressure': 927.85, 'humidity': 38.48}"
2026-02-09,13:29:38,"Chunk 0 from recording_20260209_132931.wav: [(3491, 'Meleagris gallopavo_Wild Turkey', 0.3166226), (4862, 'Power tools_Power tools', 0.13247927), (2818, 'Human non-vocal_Human non-vocal', 0.052767076), (2143, 'Engine_Engine', 0.051748887), (2819, 'Human vocal_Human vocal', 0.03773719)]","{'temperature': 24.25, 'pressure': 927.79, 'humidity': 38.54}"
2026-02-09,13:29:44,"Chunk 0 from recording_20260209_132937.wav: [(2819, 'Human vocal_Human vocal', 0.26428577), (3243, 'Lithobates sylvaticus_Wood Frog', 0.11747773), (4862, 'Power tools_Power tools', 0.08993467), (2609, 'Gun_Gun', 0.05661685), (2143, 'Engine_Engine', 0.052518103)]","{'temperature': 24.25, 'pressure': 927.79, 'humidity': 38.55}"
2026-02-09,13:29:50,"Chunk 0 from recording_20260209_132943.wav: [(3491, 'Meleagris gallopavo_Wild Turkey', 0.45717743), (3015, 'Lagopus lagopus_Willow Ptarmigan', 0.16273703), (700, 'Bonasa umbellus_Ruffed Grouse', 0.074819475), (2819, 'Human vocal_Human vocal', 0.01978427), (2818, 'Human non-vocal_Human non-vocal', 0.016647538)]","{'temperature': 24.25, 'pressure': 927.79, 'humidity': 38.55}"
2026-02-09,13:30:16,"Chunk 0 from recording_20260209_133007.wav: [(2819, 'Human vocal_Human vocal', 0.22184929), (2143, 'Engine_Engine', 0.044295724), (3243, 'Lithobates sylvaticus_Wood Frog', 0.036017627), (4862, 'Power tools_Power tools', 0.03089213), (2818, 'Human non-vocal_Human non-vocal', 0.019919397)]","{'temperature': 24.25, 'pressure': 927.79, 'humidity': 38.63}"
2026-02-09,13:30:22,"Chunk 0 from recording_20260209_133013.wav: [(2819, 'Human vocal_Human vocal', 0.21927223), (3491, 'Meleagris gallopavo_Wild Turkey', 0.15689725), (3243, 'Lithobates sylvaticus_Wood Frog', 0.07786172), (4862, 'Power tools_Power tools', 0.06462039), (5162, 'Pygoscelis papua_Gentoo Penguin', 0.047004823)]","{'temperature': 24.25, 'pressure': 927.79, 'humidity': 38.67}"
                                                                                                                                                                                                                                                                                                                                                                                                                                                                                                                                                                                                                                                                                                                                                                                                                                                                                                                                                                                                                                                                                                                                                                                                                                                                                                                                                              2026-02-09,13:31:46,"Chunk 0 from recording_20260209_133128.wav: [(6465, 'Zeledonia coronata_Wrenthrush', 0.6909189), (656, 'Basileuterus melanogenys_Black-cheeked Warbler', 0.23204401), (3243, 'Lithobates sylvaticus_Wood Frog', 0.164667), (3632, 'Molothrus ater_Brown-headed Cowbird', 0.15396725), (2819, 'Human vocal_Human vocal', 0.03783683)]","{'temperature': 24.33, 'pressure': 927.81, 'humidity': 39.0}"
2026-02-09,13:31:47,"Chunk 0 from recording_20260209_133134.wav: [(6465, 'Zeledonia coronata_Wrenthrush', 0.5259289), (532, 'Asemospiza obscura_Dull-colored Grassquit', 0.27920172), (2819, 'Human vocal_Human vocal', 0.075545415), (3632, 'Molothrus ater_Brown-headed Cowbird', 0.049237326), (1031, 'Catharus gracilirostris_Black-billed Nightingale-Thrush', 0.039655033)]","{'temperature': 24.33, 'pressure': 927.81, 'humidity': 39.03}"
2026-02-09,13:32:00,"Chunk 0 from recording_20260209_133152.wav: [(532, 'Asemospiza obscura_Dull-colored Grassquit', 0.9720811), (3243, 'Lithobates sylvaticus_Wood Frog', 0.17815782), (6406, 'Volatinia jacarina_Blue-black Grassquit', 0.07654595), (2819, 'Human vocal_Human vocal', 0.036044024), (1086, 'Cercibis oxycerca_Sharp-tailed Ibis', 0.013411076)]","{'temperature': 24.33, 'pressure': 927.81, 'humidity': 38.97}"
2026-02-09,13:32:06,"Chunk 0 from recording_20260209_133158.wav: [(532, 'Asemospiza obscura_Dull-colored Grassquit', 0.5707127), (3243, 'Lithobates sylvaticus_Wood Frog', 0.2659342), (6465, 'Zeledonia coronata_Wrenthrush', 0.18719679), (5162, 'Pygoscelis papua_Gentoo Penguin', 0.028202306), (6034, 'Threnetes leucurus_Pale-tailed Barbthroat', 0.022174291)]","{'temperature': 24.33, 'pressure': 927.81, 'humidity': 38.96}"
2026-02-09,13:32:25,"Chunk 0 from recording_20260209_133216.wav: [(532, 'Asemospiza obscura_Dull-colored Grassquit', 0.24762003), (1838, 'Dacelo novaeguineae_Laughing Kookaburra', 0.037678942), (531, 'Asemospiza fuliginosa_Sooty Grassquit', 0.016067248), (3491, 'Meleagris gallopavo_Wild Turkey', 0.011198505), (6073, 'Tockus rufirostris_Southern Red-billed Hornbill', 0.009385264)]","{'temperature': 24.31, 'pressure': 927.78, 'humidity': 38.92}"
2026-02-09,13:32:48,"Chunk 0 from recording_20260209_133240.wav: [(698, 'Bombycilla garrulus_Bohemian Waxwing', 0.35952446), (3680, 'Muscicapa dauurica_Asian Brown Flycatcher', 0.040974624), (3491, 'Meleagris gallopavo_Wild Turkey', 0.0336398), (3243, 'Lithobates sylvaticus_Wood Frog', 0.0257964), (5162, 'Pygoscelis papua_Gentoo Penguin', 0.021114204)]","{'temperature': 24.31, 'pressure': 927.76, 'humidity': 38.88}"
2026-02-09,13:32:54,"Chunk 0 from recording_20260209_133246.wav: [(532, 'Asemospiza obscura_Dull-colored Grassquit', 0.6468038), (6465, 'Zeledonia coronata_Wrenthrush', 0.118132785), (4446, 'Philemon corniculatus_Noisy Friarbird', 0.08867416), (531, 'Asemospiza fuliginosa_Sooty Grassquit', 0.08062533), (3491, 'Meleagris gallopavo_Wild Turkey', 0.069071494)]","{'temperature': 24.31, 'pressure': 927.78, 'humidity': 38.9}"
2026-02-09,13:33:01,"Chunk 0 from recording_20260209_133252.wav: [(3491, 'Meleagris gallopavo_Wild Turkey', 0.7545816), (4335, 'Periparus venustulus_Yellow-bellied Tit', 0.024090827), (5255, 'Regulus regulus_Goldcrest', 0.011340673), (3632, 'Molothrus ater_Brown-headed Cowbird', 0.010189554), (4400, 'Phaethornis rupurumii_Streak-throated Hermit', 0.0095006535)]","{'temperature': 24.31, 'pressure': 927.77, 'humidity': 38.98}"
2026-02-09,13:33:17,"Chunk 0 from recording_20260209_133310.wav: [(532, 'Asemospiza obscura_Dull-colored Grassquit', 0.90947765), (3491, 'Meleagris gallopavo_Wild Turkey', 0.04471965), (1928, 'Diglossa baritula_Cinnamon-bellied Flowerpiercer', 0.039779987), (3692, 'Mustelirallus albicollis_Ash-throated Crake', 0.013242484), (1938, 'Diglossa plumbea_Slaty Flowerpiercer', 0.009547813)]","{'temperature': 24.32, 'pressure': 927.78, 'humidity': 39.08}"
2026-02-09,13:33:43,"Chunk 0 from recording_20260209_133334.wav: [(3491, 'Meleagris gallopavo_Wild Turkey', 0.5727991), (368, 'Antigone canadensis_Sandhill Crane', 0.39425963), (1904, 'Dicaeum ignipectus_Fire-breasted Flowerpecker', 0.062845044), (17, 'Acanthiza reguloides_Buff-rumped Thornbill', 0.060176983), (1345, 'Cinnyris chalybeus_Southern Double-collared Sunbird', 0.030002737)]","{'temperature': 24.29, 'pressure': 927.79, 'humidity': 38.85}"
2026-02-09,13:34:05,"Chunk 0 from recording_20260209_133359.wav: [(3491, 'Meleagris gallopavo_Wild Turkey', 0.2996517), (727, 'Branta canadensis_Canada Goose', 0.039968114), (1904, 'Dicaeum ignipectus_Fire-breasted Flowerpecker', 0.023701368), (2094, 'Emberiza cia_Rock Bunting', 0.018743956), (368, 'Antigone canadensis_Sandhill Crane', 0.013044478)]","{'temperature': 24.3, 'pressure': 927.79, 'humidity': 39.39}"
2026-02-09,13:34:31,"Chunk 0 from recording_20260209_133423.wav: [(3491, 'Meleagris gallopavo_Wild Turkey', 0.5514124), (885, ""Callipepla gambelii_Gambel's Quail"", 0.0110890055), (306, 'Anser albifrons_Greater White-fronted Goose', 0.01039673), (3692, 'Mustelirallus albicollis_Ash-throated Crake', 0.010056858), (3016, 'Lagopus leucura_White-tailed Ptarmigan', 0.010019117)]","{'temperature': 24.29, 'pressure': 927.8, 'humidity': 39.08}"
2026-02-09,13:35:55,"Chunk 0 from recording_20260209_133547.wav: [(3692, 'Mustelirallus albicollis_Ash-throated Crake', 0.32813406), (532, 'Asemospiza obscura_Dull-colored Grassquit', 0.01523249), (3491, 'Meleagris gallopavo_Wild Turkey', 0.015042388), (1450, 'Coeligena iris_Rainbow Starfrontlet', 0.013027331), (531, 'Asemospiza fuliginosa_Sooty Grassquit', 0.009369977)]","{'temperature': 24.29, 'pressure': 927.76, 'humidity': 38.99}"
2026-02-09,13:36:43,"Chunk 0 from recording_20260209_133635.wav: [(3491, 'Meleagris gallopavo_Wild Turkey', 0.25547194), (5882, 'Tadorna ferruginea_Ruddy Shelduck', 0.06759359), (2819, 'Human vocal_Human vocal', 0.01992026), (5162, 'Pygoscelis papua_Gentoo Penguin', 0.016221344), (4862, 'Power tools_Power tools', 0.0142352)]",
2026-02-09,13:37:37,"Chunk 0 from recording_20260209_133730.wav: [(1801, 'Cygnus cygnus_Whooper Swan', 0.21255136), (727, 'Branta canadensis_Canada Goose', 0.053471707), (2609, 'Gun_Gun', 0.023522684), (2820, 'Human whistle_Human whistle', 0.021238748), (2376, 'Fulica atra_Eurasian Coot', 0.020158647)]",
2026-02-09,13:37:56,"Chunk 0 from recording_20260209_133748.wav: [(1801, 'Cygnus cygnus_Whooper Swan', 0.40077934), (3491, 'Meleagris gallopavo_Wild Turkey', 0.10208703), (727, 'Branta canadensis_Canada Goose', 0.09908766), (306, 'Anser albifrons_Greater White-fronted Goose', 0.061931837), (2609, 'Gun_Gun', 0.024536472)]",
2026-02-09,13:39:38,"Chunk 0 from recording_20260209_133930.wav: [(3491, 'Meleagris gallopavo_Wild Turkey', 0.5749006), (1801, 'Cygnus cygnus_Whooper Swan', 0.055027448), (6073, 'Tockus rufirostris_Southern Red-billed Hornbill', 0.02578181), (5162, 'Pygoscelis papua_Gentoo Penguin', 0.02228948), (5748, 'Streptopelia decipiens_Mourning Collared-Dove', 0.021032102)]",
2026-02-09,13:40:01,"Chunk 0 from recording_20260209_133954.wav: [(3491, 'Meleagris gallopavo_Wild Turkey', 0.39614332), (2609, 'Gun_Gun', 0.04900927), (2819, 'Human vocal_Human vocal', 0.040169843), (4862, 'Power tools_Power tools', 0.025379136), (2820, 'Human whistle_Human whistle', 0.024315773)]",
2026-02-09,13:40:39,"Chunk 0 from recording_20260209_134031.wav: [(2818, 'Human non-vocal_Human non-vocal', 0.33237943), (2819, 'Human vocal_Human vocal', 0.1077392), (4862, 'Power tools_Power tools', 0.061766703), (2820, 'Human whistle_Human whistle', 0.04742249), (2609, 'Gun_Gun', 0.042856332)]",
2026-02-09,13:40:45,"Chunk 0 from recording_20260209_134037.wav: [(3491, 'Meleagris gallopavo_Wild Turkey', 0.29812202), (2819, 'Human vocal_Human vocal', 0.040539663), (2818, 'Human non-vocal_Human non-vocal', 0.032755073), (1949, 'Dog_Dog', 0.03206236), (6073, 'Tockus rufirostris_Southern Red-billed Hornbill', 0.029908149)]",
2026-02-09,13:41:21,"Chunk 0 from recording_20260209_134113.wav: [(727, 'Branta canadensis_Canada Goose', 0.48900613), (1801, 'Cygnus cygnus_Whooper Swan', 0.08796329), (3491, 'Meleagris gallopavo_Wild Turkey', 0.06608478), (2609, 'Gun_Gun', 0.035144456), (628, 'Aythya americana_Redhead', 0.017894989)]",
2026-02-09,13:41:46,"Chunk 0 from recording_20260209_134137.wav: [(3491, 'Meleagris gallopavo_Wild Turkey', 0.31897047), (2818, 'Human non-vocal_Human non-vocal', 0.02067547), (4862, 'Power tools_Power tools', 0.018420093), (2597, 'Grus grus_Common Crane', 0.016312506), (1949, 'Dog_Dog', 0.009025379)]",
2026-02-09,13:41:50,"Chunk 0 from recording_20260209_134143.wav: [(3243, 'Lithobates sylvaticus_Wood Frog', 0.44790047), (3491, 'Meleagris gallopavo_Wild Turkey', 0.1064175), (6073, 'Tockus rufirostris_Southern Red-billed Hornbill', 0.0451738), (727, 'Branta canadensis_Canada Goose', 0.03351237), (4862, 'Power tools_Power tools', 0.014412107)]",
2026-02-09,13:42:02,"Chunk 0 from recording_20260209_134155.wav: [(2818, 'Human non-vocal_Human non-vocal', 0.2715436), (4862, 'Power tools_Power tools', 0.18371604), (2819, 'Human vocal_Human vocal', 0.06546788), (2609, 'Gun_Gun', 0.058735825), (2143, 'Engine_Engine', 0.051543396)]",
2026-02-09,13:43:38,"Chunk 0 from recording_20260209_134331.wav: [(3491, 'Meleagris gallopavo_Wild Turkey', 0.21402156), (4862, 'Power tools_Power tools', 0.10652129), (2818, 'Human non-vocal_Human non-vocal', 0.03193712), (2143, 'Engine_Engine', 0.031522896), (2609, 'Gun_Gun', 0.018371822)]",
2026-02-09,13:43:51,"Chunk 0 from recording_20260209_134344.wav: [(2818, 'Human non-vocal_Human non-vocal', 0.38563746), (4862, 'Power tools_Power tools', 0.13601415), (2819, 'Human vocal_Human vocal', 0.04138464), (2143, 'Engine_Engine', 0.022442942), (2609, 'Gun_Gun', 0.018249962)]",
2026-02-09,13:44:26,"Chunk 0 from recording_20260209_134420.wav: [(4862, 'Power tools_Power tools', 0.2756051), (2609, 'Gun_Gun', 0.07055622), (2143, 'Engine_Engine', 0.04419736), (2818, 'Human non-vocal_Human non-vocal', 0.025688125), (2325, 'Fireworks_Fireworks', 0.023427378)]",
2026-02-09,13:44:39,"Chunk 0 from recording_20260209_134432.wav: [(3243, 'Lithobates sylvaticus_Wood Frog', 0.26369536), (2609, 'Gun_Gun', 0.095072724), (4862, 'Power tools_Power tools', 0.071422994), (2819, 'Human vocal_Human vocal', 0.07115563), (2143, 'Engine_Engine', 0.045156445)]",
2026-02-09,13:45:11,"Chunk 0 from recording_20260209_134502.wav: [(3491, 'Meleagris gallopavo_Wild Turkey', 0.46631196), (727, 'Branta canadensis_Canada Goose', 0.07139623), (322, 'Anthochaera chrysoptera_Little Wattlebird', 0.033271387), (2819, 'Human vocal_Human vocal', 0.027688822), (1801, 'Cygnus cygnus_Whooper Swan', 0.024909183)]",
2026-02-09,13:45:40,"Chunk 0 from recording_20260209_134532.wav: [(3491, 'Meleagris gallopavo_Wild Turkey', 0.3390044), (2819, 'Human vocal_Human vocal', 0.054443017), (2628, 'Gyps fulvus_Eurasian Griffon', 0.03734899), (4862, 'Power tools_Power tools', 0.018856414), (727, 'Branta canadensis_Canada Goose', 0.017759891)]",
2026-02-09,13:45:53,"Chunk 0 from recording_20260209_134544.wav: [(3243, 'Lithobates sylvaticus_Wood Frog', 0.2719565), (3491, 'Meleagris gallopavo_Wild Turkey', 0.1501435), (727, 'Branta canadensis_Canada Goose', 0.026195195), (4862, 'Power tools_Power tools', 0.02425547), (1577, 'Corvus corax_Common Raven', 0.024016289)]",
2026-02-09,13:46:05,"Chunk 0 from recording_20260209_134556.wav: [(3491, 'Meleagris gallopavo_Wild Turkey', 0.60594), (1949, 'Dog_Dog', 0.014916023), (4862, 'Power tools_Power tools', 0.014009672), (1838, 'Dacelo novaeguineae_Laughing Kookaburra', 0.013723513), (6073, 'Tockus rufirostris_Southern Red-billed Hornbill', 0.012420451)]",
2026-02-09,13:46:15,"Chunk 0 from recording_20260209_134608.wav: [(3491, 'Meleagris gallopavo_Wild Turkey', 0.20402133), (2819, 'Human vocal_Human vocal', 0.076228954), (2143, 'Engine_Engine', 0.03917751), (2818, 'Human non-vocal_Human non-vocal', 0.039154194), (4862, 'Power tools_Power tools', 0.03880714)]",
2026-02-09,13:46:47,"Chunk 0 from recording_20260209_134638.wav: [(2819, 'Human vocal_Human vocal', 0.26456153), (3243, 'Lithobates sylvaticus_Wood Frog', 0.111382216), (2609, 'Gun_Gun', 0.110825635), (4862, 'Power tools_Power tools', 0.081134565), (2143, 'Engine_Engine', 0.053322252)]",
2026-02-09,13:47:03,"Chunk 0 from recording_20260209_134656.wav: [(3491, 'Meleagris gallopavo_Wild Turkey', 0.37803385), (2818, 'Human non-vocal_Human non-vocal', 0.02610954), (727, 'Branta canadensis_Canada Goose', 0.02014851), (2819, 'Human vocal_Human vocal', 0.016222425), (2449, 'Gavia immer_Common Loon', 0.013431451)]",
2026-02-09,13:47:22,"Chunk 0 from recording_20260209_134715.wav: [(2819, 'Human vocal_Human vocal', 0.2655482), (2609, 'Gun_Gun', 0.13596694), (4862, 'Power tools_Power tools', 0.08880592), (2820, 'Human whistle_Human whistle', 0.08147514), (3491, 'Meleagris gallopavo_Wild Turkey', 0.05026806)]",
2026-02-09,13:47:35,"Chunk 0 from recording_20260209_134727.wav: [(2819, 'Human vocal_Human vocal', 0.20371051), (4862, 'Power tools_Power tools', 0.055250846), (2143, 'Engine_Engine', 0.037796192), (3243, 'Lithobates sylvaticus_Wood Frog', 0.024188599), (2609, 'Gun_Gun', 0.021844858)]",
2026-02-09,13:47:42,"Chunk 0 from recording_20260209_134733.wav: [(3243, 'Lithobates sylvaticus_Wood Frog', 0.54594046), (4862, 'Power tools_Power tools', 0.08958074), (2819, 'Human vocal_Human vocal', 0.029451897), (2143, 'Engine_Engine', 0.019248778), (2820, 'Human whistle_Human whistle', 0.013397733)]",
2026-02-09,13:47:48,"Chunk 0 from recording_20260209_134739.wav: [(3243, 'Lithobates sylvaticus_Wood Frog', 0.29249582), (2819, 'Human vocal_Human vocal', 0.09866379), (6073, 'Tockus rufirostris_Southern Red-billed Hornbill', 0.029528867), (3491, 'Meleagris gallopavo_Wild Turkey', 0.024722666), (2820, 'Human whistle_Human whistle', 0.02430304)]",
2026-02-09,13:48:10,"Chunk 0 from recording_20260209_134803.wav: [(2819, 'Human vocal_Human vocal', 0.39517087), (2818, 'Human non-vocal_Human non-vocal', 0.11809367), (3243, 'Lithobates sylvaticus_Wood Frog', 0.10163746), (2820, 'Human whistle_Human whistle', 0.0391305), (3491, 'Meleagris gallopavo_Wild Turkey', 0.035849575)]",
2026-02-09,13:48:17,"Chunk 0 from recording_20260209_134809.wav: [(3243, 'Lithobates sylvaticus_Wood Frog', 0.4950043), (2819, 'Human vocal_Human vocal', 0.029055303), (4862, 'Power tools_Power tools', 0.018820371), (2143, 'Engine_Engine', 0.017872319), (1086, 'Cercibis oxycerca_Sharp-tailed Ibis', 0.012077987)]",
2026-02-09,13:48:52,"Chunk 0 from recording_20260209_134845.wav: [(3243, 'Lithobates sylvaticus_Wood Frog', 0.5054247), (2609, 'Gun_Gun', 0.052623224), (2819, 'Human vocal_Human vocal', 0.0516368), (1086, 'Cercibis oxycerca_Sharp-tailed Ibis', 0.037951455), (5162, 'Pygoscelis papua_Gentoo Penguin', 0.033080637)]",
2026-02-09,13:49:11,"Chunk 0 from recording_20260209_134903.wav: [(3243, 'Lithobates sylvaticus_Wood Frog', 0.4625548), (2819, 'Human vocal_Human vocal', 0.20760134), (4862, 'Power tools_Power tools', 0.07958265), (2820, 'Human whistle_Human whistle', 0.05638166), (2143, 'Engine_Engine', 0.04092281)]",
2026-02-09,13:49:24,"Chunk 0 from recording_20260209_134915.wav: [(3243, 'Lithobates sylvaticus_Wood Frog', 0.21644765), (2819, 'Human vocal_Human vocal', 0.12445264), (4862, 'Power tools_Power tools', 0.060368195), (2609, 'Gun_Gun', 0.043106146), (2143, 'Engine_Engine', 0.03316151)]",
2026-02-09,13:49:30,"Chunk 0 from recording_20260209_134921.wav: [(2819, 'Human vocal_Human vocal', 0.23869659), (2609, 'Gun_Gun', 0.07389883), (4862, 'Power tools_Power tools', 0.055256963), (2818, 'Human non-vocal_Human non-vocal', 0.054004468), (2143, 'Engine_Engine', 0.03674792)]",
2026-02-09,13:49:34,"Chunk 0 from recording_20260209_134927.wav: [(2819, 'Human vocal_Human vocal', 0.24064088), (4862, 'Power tools_Power tools', 0.028836517), (2609, 'Gun_Gun', 0.019894324), (2818, 'Human non-vocal_Human non-vocal', 0.01674694), (2820, 'Human whistle_Human whistle', 0.015100473)]",
2026-02-09,13:49:40,"Chunk 0 from recording_20260209_134933.wav: [(2819, 'Human vocal_Human vocal', 0.3375141), (2609, 'Gun_Gun', 0.095430434), (3243, 'Lithobates sylvaticus_Wood Frog', 0.08003222), (4862, 'Power tools_Power tools', 0.06566768), (1086, 'Cercibis oxycerca_Sharp-tailed Ibis', 0.034551874)]",
2026-02-09,13:49:53,"Chunk 0 from recording_20260209_134945.wav: [(2819, 'Human vocal_Human vocal', 0.2492276), (4862, 'Power tools_Power tools', 0.16135971), (2609, 'Gun_Gun', 0.14195554), (2818, 'Human non-vocal_Human non-vocal', 0.08898464), (2820, 'Human whistle_Human whistle', 0.0657526)]",
2026-02-09,13:50:12,"Chunk 0 from recording_20260209_135003.wav: [(3243, 'Lithobates sylvaticus_Wood Frog', 0.25194427), (2819, 'Human vocal_Human vocal', 0.043717466), (4862, 'Power tools_Power tools', 0.040268514), (2820, 'Human whistle_Human whistle', 0.009285574), (2609, 'Gun_Gun', 0.0079548005)]",
2026-02-09,13:50:28,"Chunk 0 from recording_20260209_135021.wav: [(2819, 'Human vocal_Human vocal', 0.30909875), (2609, 'Gun_Gun', 0.040985316), (2143, 'Engine_Engine', 0.019460851), (2820, 'Human whistle_Human whistle', 0.0141986655), (4862, 'Power tools_Power tools', 0.013451256)]",
2026-02-09,13:50:54,"Chunk 0 from recording_20260209_135046.wav: [(727, 'Branta canadensis_Canada Goose', 0.37167355), (4862, 'Power tools_Power tools', 0.044966657), (2609, 'Gun_Gun', 0.034301836), (1801, 'Cygnus cygnus_Whooper Swan', 0.03309813), (2820, 'Human whistle_Human whistle', 0.029449329)]",
2026-02-09,13:51:00,"Chunk 0 from recording_20260209_135052.wav: [(2819, 'Human vocal_Human vocal', 0.24100469), (2609, 'Gun_Gun', 0.22776075), (3243, 'Lithobates sylvaticus_Wood Frog', 0.10103504), (4862, 'Power tools_Power tools', 0.066557266), (2143, 'Engine_Engine', 0.041045662)]",
2026-02-09,13:51:16,"Chunk 0 from recording_20260209_135110.wav: [(3243, 'Lithobates sylvaticus_Wood Frog', 0.20606385), (2819, 'Human vocal_Human vocal', 0.07157913), (4862, 'Power tools_Power tools', 0.04734075), (2820, 'Human whistle_Human whistle', 0.038254146), (3491, 'Meleagris gallopavo_Wild Turkey', 0.036419336)]",
2026-02-09,13:52:01,"Chunk 0 from recording_20260209_135152.wav: [(3491, 'Meleagris gallopavo_Wild Turkey', 0.58288246), (727, 'Branta canadensis_Canada Goose', 0.07337234), (368, 'Antigone canadensis_Sandhill Crane', 0.014597873), (3692, 'Mustelirallus albicollis_Ash-throated Crake', 0.012183896), (6073, 'Tockus rufirostris_Southern Red-billed Hornbill', 0.011202581)]",
2026-02-09,13:52:04,"Chunk 0 from recording_20260209_135158.wav: [(3491, 'Meleagris gallopavo_Wild Turkey', 0.41470134), (2820, 'Human whistle_Human whistle', 0.023724545), (727, 'Branta canadensis_Canada Goose', 0.02129559), (1577, 'Corvus corax_Common Raven', 0.019765655), (4862, 'Power tools_Power tools', 0.01807855)]",
2026-02-09,13:52:36,"Chunk 0 from recording_20260209_135228.wav: [(2819, 'Human vocal_Human vocal', 0.23243684), (2609, 'Gun_Gun', 0.13469942), (4862, 'Power tools_Power tools', 0.08118159), (3491, 'Meleagris gallopavo_Wild Turkey', 0.07157223), (3243, 'Lithobates sylvaticus_Wood Frog', 0.06918076)]",
2026-02-09,13:52:43,"Chunk 0 from recording_20260209_135234.wav: [(2819, 'Human vocal_Human vocal', 0.22236949), (727, 'Branta canadensis_Canada Goose', 0.04677886), (2143, 'Engine_Engine', 0.044354808), (4862, 'Power tools_Power tools', 0.041781392), (5882, 'Tadorna ferruginea_Ruddy Shelduck', 0.035995316)]",
2026-02-09,13:54:06,"Chunk 0 from recording_20260209_135359.wav: [(2819, 'Human vocal_Human vocal', 0.25365943), (2609, 'Gun_Gun', 0.1040126), (4862, 'Power tools_Power tools', 0.049270973), (2143, 'Engine_Engine', 0.047605164), (2820, 'Human whistle_Human whistle', 0.04215416)]",
2026-02-09,13:54:19,"Chunk 0 from recording_20260209_135411.wav: [(2609, 'Gun_Gun', 0.2556652), (3243, 'Lithobates sylvaticus_Wood Frog', 0.07651608), (727, 'Branta canadensis_Canada Goose', 0.03968022), (4862, 'Power tools_Power tools', 0.034573544), (2143, 'Engine_Engine', 0.029904801)]",
2026-02-09,13:54:25,"Chunk 0 from recording_20260209_135417.wav: [(3491, 'Meleagris gallopavo_Wild Turkey', 0.34818932), (4862, 'Power tools_Power tools', 0.039873235), (2819, 'Human vocal_Human vocal', 0.029426254), (2818, 'Human non-vocal_Human non-vocal', 0.028251592), (1949, 'Dog_Dog', 0.018292073)]",
2026-02-09,13:55:00,"Chunk 0 from recording_20260209_135453.wav: [(3243, 'Lithobates sylvaticus_Wood Frog', 0.22544518), (2819, 'Human vocal_Human vocal', 0.017292736), (4862, 'Power tools_Power tools', 0.011363745), (2143, 'Engine_Engine', 0.008962707), (2609, 'Gun_Gun', 0.006630944)]",
2026-02-09,13:56:49,"Chunk 0 from recording_20260209_135641.wav: [(727, 'Branta canadensis_Canada Goose', 0.225483), (3491, 'Meleagris gallopavo_Wild Turkey', 0.15554042), (2609, 'Gun_Gun', 0.11350013), (4862, 'Power tools_Power tools', 0.11217454), (2143, 'Engine_Engine', 0.04205719)]",
2026-02-09,13:57:02,"Chunk 0 from recording_20260209_135653.wav: [(1801, 'Cygnus cygnus_Whooper Swan', 0.23008399), (727, 'Branta canadensis_Canada Goose', 0.15667813), (2609, 'Gun_Gun', 0.06659728), (4862, 'Power tools_Power tools', 0.058816496), (306, 'Anser albifrons_Greater White-fronted Goose', 0.030520465)]",
2026-02-09,13:57:31,"Chunk 0 from recording_20260209_135724.wav: [(3491, 'Meleagris gallopavo_Wild Turkey', 0.25346208), (2609, 'Gun_Gun', 0.0285091), (4862, 'Power tools_Power tools', 0.02544073), (2143, 'Engine_Engine', 0.023438027), (3243, 'Lithobates sylvaticus_Wood Frog', 0.018789731)]",
2026-02-09,13:57:43,"Chunk 0 from recording_20260209_135736.wav: [(3491, 'Meleagris gallopavo_Wild Turkey', 0.39672786), (368, 'Antigone canadensis_Sandhill Crane', 0.049985237), (727, 'Branta canadensis_Canada Goose', 0.025577445), (2628, 'Gyps fulvus_Eurasian Griffon', 0.021261493), (3243, 'Lithobates sylvaticus_Wood Frog', 0.01423872)]",
2026-02-09,13:57:56,"Chunk 0 from recording_20260209_135748.wav: [(727, 'Branta canadensis_Canada Goose', 0.25684476), (2609, 'Gun_Gun', 0.049505197), (2819, 'Human vocal_Human vocal', 0.03603422), (2143, 'Engine_Engine', 0.022461308), (1799, 'Cygnus buccinator_Trumpeter Swan', 0.020182602)]",
2026-02-09,13:58:19,"Chunk 0 from recording_20260209_135812.wav: [(727, 'Branta canadensis_Canada Goose', 0.22008228), (4862, 'Power tools_Power tools', 0.06358357), (2819, 'Human vocal_Human vocal', 0.04587333), (2609, 'Gun_Gun', 0.03196548), (3491, 'Meleagris gallopavo_Wild Turkey', 0.026005704)]",
2026-02-09,13:58:25,"Chunk 0 from recording_20260209_135818.wav: [(3243, 'Lithobates sylvaticus_Wood Frog', 0.36399776), (3491, 'Meleagris gallopavo_Wild Turkey', 0.32939196), (4862, 'Power tools_Power tools', 0.0726149), (2819, 'Human vocal_Human vocal', 0.054342575), (2818, 'Human non-vocal_Human non-vocal', 0.028539576)]",
2026-02-09,13:59:39,"Chunk 0 from recording_20260209_135930.wav: [(3491, 'Meleagris gallopavo_Wild Turkey', 0.33330104), (2819, 'Human vocal_Human vocal', 0.049070965), (2143, 'Engine_Engine', 0.047630478), (1801, 'Cygnus cygnus_Whooper Swan', 0.045074347), (4862, 'Power tools_Power tools', 0.03714682)]",
2026-02-09,14:00:33,"Chunk 0 from recording_20260209_140024.wav: [(3491, 'Meleagris gallopavo_Wild Turkey', 0.72326815), (322, 'Anthochaera chrysoptera_Little Wattlebird', 0.03091148), (5162, 'Pygoscelis papua_Gentoo Penguin', 0.023430318), (727, 'Branta canadensis_Canada Goose', 0.012598069), (2820, 'Human whistle_Human whistle', 0.012461988)]",
2026-02-09,14:01:37,"Chunk 0 from recording_20260209_140131.wav: [(3491, 'Meleagris gallopavo_Wild Turkey', 0.23502176), (2818, 'Human non-vocal_Human non-vocal', 0.06467806), (2819, 'Human vocal_Human vocal', 0.03354701), (4862, 'Power tools_Power tools', 0.032715432), (2609, 'Gun_Gun', 0.02891064)]",
2026-02-09,14:02:09,"Chunk 0 from recording_20260209_140201.wav: [(3243, 'Lithobates sylvaticus_Wood Frog', 0.3133735), (4862, 'Power tools_Power tools', 0.060921457), (3491, 'Meleagris gallopavo_Wild Turkey', 0.04645441), (2819, 'Human vocal_Human vocal', 0.034079432), (5162, 'Pygoscelis papua_Gentoo Penguin', 0.030491266)]",
2026-02-09,14:02:15,"Chunk 0 from recording_20260209_140207.wav: [(3491, 'Meleagris gallopavo_Wild Turkey', 0.63503003), (6073, 'Tockus rufirostris_Southern Red-billed Hornbill', 0.031188684), (2819, 'Human vocal_Human vocal', 0.024629606), (727, 'Branta canadensis_Canada Goose', 0.02385428), (4862, 'Power tools_Power tools', 0.0151839005)]",
2026-02-09,14:02:57,"Chunk 0 from recording_20260209_140249.wav: [(2609, 'Gun_Gun', 0.25178766), (727, 'Branta canadensis_Canada Goose', 0.16445138), (4862, 'Power tools_Power tools', 0.110685505), (2819, 'Human vocal_Human vocal', 0.09446875), (2143, 'Engine_Engine', 0.08382519)]",
2026-02-09,14:03:03,"Chunk 0 from recording_20260209_140255.wav: [(3491, 'Meleagris gallopavo_Wild Turkey', 0.2607729), (2819, 'Human vocal_Human vocal', 0.09754388), (727, 'Branta canadensis_Canada Goose', 0.050348256), (2820, 'Human whistle_Human whistle', 0.033269126), (1949, 'Dog_Dog', 0.02811848)]",
2026-02-09,14:03:26,"Chunk 0 from recording_20260209_140319.wav: [(3491, 'Meleagris gallopavo_Wild Turkey', 0.27837443), (4862, 'Power tools_Power tools', 0.0280497), (2819, 'Human vocal_Human vocal', 0.022698445), (727, 'Branta canadensis_Canada Goose', 0.022210645), (2609, 'Gun_Gun', 0.019533714)]",
2026-02-09,14:03:39,"Chunk 0 from recording_20260209_140331.wav: [(2819, 'Human vocal_Human vocal', 0.24887758), (2609, 'Gun_Gun', 0.07524102), (4862, 'Power tools_Power tools', 0.056368623), (2143, 'Engine_Engine', 0.056116544), (2820, 'Human whistle_Human whistle', 0.029795982)]",
2026-02-09,14:06:09,"Chunk 0 from recording_20260209_140602.wav: [(3243, 'Lithobates sylvaticus_Wood Frog', 0.58576417), (2819, 'Human vocal_Human vocal', 0.08446961), (4862, 'Power tools_Power tools', 0.060874604), (2609, 'Gun_Gun', 0.055284098), (2143, 'Engine_Engine', 0.024763824)]",
2026-02-09,14:06:35,"Chunk 0 from recording_20260209_140626.wav: [(3491, 'Meleagris gallopavo_Wild Turkey', 0.28749105), (727, 'Branta canadensis_Canada Goose', 0.04243114), (306, 'Anser albifrons_Greater White-fronted Goose', 0.036414526), (4862, 'Power tools_Power tools', 0.023897454), (2609, 'Gun_Gun', 0.021800468)]",
2026-02-09,14:06:57,"Chunk 0 from recording_20260209_140650.wav: [(2819, 'Human vocal_Human vocal', 0.22063556), (727, 'Branta canadensis_Canada Goose', 0.06438208), (4862, 'Power tools_Power tools', 0.0622052), (2609, 'Gun_Gun', 0.060092375), (2820, 'Human whistle_Human whistle', 0.050259456)]",
2026-02-09,14:09:11,"Chunk 0 from recording_20260209_140903.wav: [(727, 'Branta canadensis_Canada Goose', 0.2552007), (306, 'Anser albifrons_Greater White-fronted Goose', 0.048933174), (1801, 'Cygnus cygnus_Whooper Swan', 0.042904556), (5310, 'Rhynchopsitta terrisi_Maroon-fronted Parrot', 0.027231986), (728, 'Branta hutchinsii_Cackling Goose', 0.022943914)]",
2026-02-09,14:09:24,"Chunk 0 from recording_20260209_140915.wav: [(2819, 'Human vocal_Human vocal', 0.3155382), (2609, 'Gun_Gun', 0.10691779), (2143, 'Engine_Engine', 0.0389105), (2820, 'Human whistle_Human whistle', 0.025241077), (4862, 'Power tools_Power tools', 0.022706512)]",
2026-02-09,14:10:12,"Chunk 0 from recording_20260209_141003.wav: [(727, 'Branta canadensis_Canada Goose', 0.37103105), (1801, 'Cygnus cygnus_Whooper Swan', 0.05060532), (3491, 'Meleagris gallopavo_Wild Turkey', 0.03985524), (2819, 'Human vocal_Human vocal', 0.030730499), (2143, 'Engine_Engine', 0.029095607)]",
2026-02-09,14:10:41,"Chunk 0 from recording_20260209_141033.wav: [(727, 'Branta canadensis_Canada Goose', 0.21605246), (2819, 'Human vocal_Human vocal', 0.08370142), (1801, 'Cygnus cygnus_Whooper Swan', 0.053181678), (2609, 'Gun_Gun', 0.04895473), (2820, 'Human whistle_Human whistle', 0.04515266)]",
2026-02-09,14:11:48,"Chunk 0 from recording_20260209_141140.wav: [(3491, 'Meleagris gallopavo_Wild Turkey', 0.34842095), (727, 'Branta canadensis_Canada Goose', 0.03820214), (4862, 'Power tools_Power tools', 0.02217348), (1998, 'Dryocopus pileatus_Pileated Woodpecker', 0.017372701), (2609, 'Gun_Gun', 0.015647931)]",
2026-02-09,14:12:04,"Chunk 0 from recording_20260209_141158.wav: [(3243, 'Lithobates sylvaticus_Wood Frog', 0.5212583), (2609, 'Gun_Gun', 0.08912498), (4862, 'Power tools_Power tools', 0.053227723), (2819, 'Human vocal_Human vocal', 0.04860413), (2143, 'Engine_Engine', 0.021409635)]",
2026-02-09,14:12:24,"Chunk 0 from recording_20260209_141216.wav: [(3491, 'Meleagris gallopavo_Wild Turkey', 0.2687199), (2819, 'Human vocal_Human vocal', 0.01546327), (4862, 'Power tools_Power tools', 0.015105205), (2598, 'Grus japonensis_Red-crowned Crane', 0.0088948775), (3243, 'Lithobates sylvaticus_Wood Frog', 0.008152651)]",
2026-02-09,14:13:12,"Chunk 0 from recording_20260209_141304.wav: [(727, 'Branta canadensis_Canada Goose', 0.27573586), (3243, 'Lithobates sylvaticus_Wood Frog', 0.04540855), (5310, 'Rhynchopsitta terrisi_Maroon-fronted Parrot', 0.030303737), (1801, 'Cygnus cygnus_Whooper Swan', 0.018477272), (4862, 'Power tools_Power tools', 0.017554559)]",
2026-02-09,14:13:37,"Chunk 0 from recording_20260209_141328.wav: [(727, 'Branta canadensis_Canada Goose', 0.21098669), (1801, 'Cygnus cygnus_Whooper Swan', 0.082033075), (3491, 'Meleagris gallopavo_Wild Turkey', 0.058455538), (2819, 'Human vocal_Human vocal', 0.041966204), (2609, 'Gun_Gun', 0.024541756)]",
2026-02-09,14:13:47,"Chunk 0 from recording_20260209_141340.wav: [(3243, 'Lithobates sylvaticus_Wood Frog', 0.5401636), (4862, 'Power tools_Power tools', 0.1437321), (2819, 'Human vocal_Human vocal', 0.09614706), (727, 'Branta canadensis_Canada Goose', 0.049559448), (2609, 'Gun_Gun', 0.037998557)]",
2026-02-09,14:14:00,"Chunk 0 from recording_20260209_141352.wav: [(2819, 'Human vocal_Human vocal', 0.44519782), (2609, 'Gun_Gun', 0.09897946), (2143, 'Engine_Engine', 0.083333835), (4862, 'Power tools_Power tools', 0.06621526), (2820, 'Human whistle_Human whistle', 0.0659028)]",
2026-02-09,14:14:06,"Chunk 0 from recording_20260209_141358.wav: [(2819, 'Human vocal_Human vocal', 0.3369921), (2820, 'Human whistle_Human whistle', 0.06745854), (2818, 'Human non-vocal_Human non-vocal', 0.05749147), (4862, 'Power tools_Power tools', 0.054819144), (2143, 'Engine_Engine', 0.051386382)]",
2026-02-09,14:14:38,"Chunk 0 from recording_20260209_141429.wav: [(3491, 'Meleagris gallopavo_Wild Turkey', 0.31987664), (2819, 'Human vocal_Human vocal', 0.06254311), (2820, 'Human whistle_Human whistle', 0.035847425), (1949, 'Dog_Dog', 0.01825305), (945, 'Canis lupus_Gray Wolf', 0.010333047)]",
2026-02-09,14:15:13,"Chunk 0 from recording_20260209_141505.wav: [(3491, 'Meleagris gallopavo_Wild Turkey', 0.24554975), (727, 'Branta canadensis_Canada Goose', 0.06976436), (1577, 'Corvus corax_Common Raven', 0.033019327), (2609, 'Gun_Gun', 0.018398121), (6073, 'Tockus rufirostris_Southern Red-billed Hornbill', 0.018030312)]",
2026-02-09,14:15:42,"Chunk 0 from recording_20260209_141535.wav: [(3491, 'Meleagris gallopavo_Wild Turkey', 0.22872135), (5310, 'Rhynchopsitta terrisi_Maroon-fronted Parrot', 0.061782207), (727, 'Branta canadensis_Canada Goose', 0.049178816), (4862, 'Power tools_Power tools', 0.037573263), (2609, 'Gun_Gun', 0.0303837)]",
2026-02-09,14:16:49,"Chunk 0 from recording_20260209_141641.wav: [(3491, 'Meleagris gallopavo_Wild Turkey', 0.27714774), (5310, 'Rhynchopsitta terrisi_Maroon-fronted Parrot', 0.02571424), (727, 'Branta canadensis_Canada Goose', 0.024084102), (1577, 'Corvus corax_Common Raven', 0.021713087), (2598, 'Grus japonensis_Red-crowned Crane', 0.019019663)]",
2026-02-09,14:16:56,"Chunk 0 from recording_20260209_141647.wav: [(3243, 'Lithobates sylvaticus_Wood Frog', 0.4031433), (4862, 'Power tools_Power tools', 0.08089256), (5697, 'Steatornis caripensis_Oilbird', 0.049844548), (2819, 'Human vocal_Human vocal', 0.0261588), (2628, 'Gyps fulvus_Eurasian Griffon', 0.019716289)]",
2026-02-09,14:17:02,"Chunk 0 from recording_20260209_141653.wav: [(3491, 'Meleagris gallopavo_Wild Turkey', 0.43601027), (4862, 'Power tools_Power tools', 0.036406647), (6073, 'Tockus rufirostris_Southern Red-billed Hornbill', 0.03243129), (3243, 'Lithobates sylvaticus_Wood Frog', 0.031570923), (1838, 'Dacelo novaeguineae_Laughing Kookaburra', 0.025802322)]",
2026-02-09,14:17:31,"Chunk 0 from recording_20260209_141723.wav: [(3491, 'Meleagris gallopavo_Wild Turkey', 0.7836297), (2609, 'Gun_Gun', 0.036300305), (1577, 'Corvus corax_Common Raven', 0.03563497), (4862, 'Power tools_Power tools', 0.021771206), (2818, 'Human non-vocal_Human non-vocal', 0.01655043)]",
2026-02-09,14:17:44,"Chunk 0 from recording_20260209_141735.wav: [(3491, 'Meleagris gallopavo_Wild Turkey', 0.5051296), (2818, 'Human non-vocal_Human non-vocal', 0.06590711), (1949, 'Dog_Dog', 0.056896105), (1577, 'Corvus corax_Common Raven', 0.03979114), (4862, 'Power tools_Power tools', 0.025047373)]",
2026-02-09,14:17:50,"Chunk 0 from recording_20260209_141741.wav: [(3243, 'Lithobates sylvaticus_Wood Frog', 0.4430172), (3491, 'Meleagris gallopavo_Wild Turkey', 0.26662263), (4862, 'Power tools_Power tools', 0.070853405), (2628, 'Gyps fulvus_Eurasian Griffon', 0.04027994), (2819, 'Human vocal_Human vocal', 0.025360566)]",
2026-02-09,14:17:56,"Chunk 0 from recording_20260209_141748.wav: [(3491, 'Meleagris gallopavo_Wild Turkey', 0.4439566), (2609, 'Gun_Gun', 0.15652464), (2820, 'Human whistle_Human whistle', 0.10003949), (2819, 'Human vocal_Human vocal', 0.06399276), (4862, 'Power tools_Power tools', 0.05872396)]",
2026-02-09,14:18:06,"Chunk 0 from recording_20260209_141800.wav: [(3491, 'Meleagris gallopavo_Wild Turkey', 0.7203667), (2819, 'Human vocal_Human vocal', 0.036781136), (2609, 'Gun_Gun', 0.025408225), (4862, 'Power tools_Power tools', 0.024015328), (2143, 'Engine_Engine', 0.02234858)]",
2026-02-09,14:18:13,"Chunk 0 from recording_20260209_141806.wav: [(3491, 'Meleagris gallopavo_Wild Turkey', 0.21150167), (2820, 'Human whistle_Human whistle', 0.06682535), (727, 'Branta canadensis_Canada Goose', 0.057445392), (2818, 'Human non-vocal_Human non-vocal', 0.05176488), (4862, 'Power tools_Power tools', 0.044452332)]",
2026-02-09,14:18:25,"Chunk 0 from recording_20260209_141818.wav: [(3491, 'Meleagris gallopavo_Wild Turkey', 0.9698702), (727, 'Branta canadensis_Canada Goose', 0.09055943), (3411, 'Megapodius reinwardt_Orange-footed Scrubfowl', 0.068461366), (2628, 'Gyps fulvus_Eurasian Griffon', 0.03808215), (2819, 'Human vocal_Human vocal', 0.022225792)]",
2026-02-09,14:18:45,"Chunk 0 from recording_20260209_141836.wav: [(3491, 'Meleagris gallopavo_Wild Turkey', 0.57766545), (2598, 'Grus japonensis_Red-crowned Crane', 0.0200476), (4862, 'Power tools_Power tools', 0.01917094), (1800, 'Cygnus columbianus_Tundra Swan', 0.015811585), (5310, 'Rhynchopsitta terrisi_Maroon-fronted Parrot', 0.014460928)]",
2026-02-09,14:19:20,"Chunk 0 from recording_20260209_141912.wav: [(1086, 'Cercibis oxycerca_Sharp-tailed Ibis', 0.2096098), (2819, 'Human vocal_Human vocal', 0.08042239), (6020, 'Theristicus melanopis_Black-faced Ibis', 0.043269083), (6019, 'Theristicus caudatus_Buff-necked Ibis', 0.026390903), (3491, 'Meleagris gallopavo_Wild Turkey', 0.022713978)]",
2026-02-09,14:19:33,"Chunk 0 from recording_20260209_141924.wav: [(3243, 'Lithobates sylvaticus_Wood Frog', 0.47378778), (3491, 'Meleagris gallopavo_Wild Turkey', 0.15459743), (4862, 'Power tools_Power tools', 0.04306229), (2819, 'Human vocal_Human vocal', 0.039944883), (2818, 'Human non-vocal_Human non-vocal', 0.023901114)]",
2026-02-09,14:19:49,"Chunk 0 from recording_20260209_141942.wav: [(3491, 'Meleagris gallopavo_Wild Turkey', 0.30778772), (368, 'Antigone canadensis_Sandhill Crane', 0.052547973), (306, 'Anser albifrons_Greater White-fronted Goose', 0.03132307), (727, 'Branta canadensis_Canada Goose', 0.026909137), (2820, 'Human whistle_Human whistle', 0.025144046)]",
2026-02-09,14:20:43,"Chunk 0 from recording_20260209_142036.wav: [(3491, 'Meleagris gallopavo_Wild Turkey', 0.45652637), (368, 'Antigone canadensis_Sandhill Crane', 0.08854454), (727, 'Branta canadensis_Canada Goose', 0.06273855), (1577, 'Corvus corax_Common Raven', 0.02453892), (4862, 'Power tools_Power tools', 0.020517144)]",
2026-02-09,14:21:15,"Chunk 0 from recording_20260209_142106.wav: [(2819, 'Human vocal_Human vocal', 0.22379927), (2820, 'Human whistle_Human whistle', 0.07880648), (3491, 'Meleagris gallopavo_Wild Turkey', 0.045335077), (5882, 'Tadorna ferruginea_Ruddy Shelduck', 0.03939612), (727, 'Branta canadensis_Canada Goose', 0.03399951)]",
2026-02-09,14:22:51,"Chunk 0 from recording_20260209_142243.wav: [(2819, 'Human vocal_Human vocal', 0.20284545), (4862, 'Power tools_Power tools', 0.08478262), (2609, 'Gun_Gun', 0.07391091), (2820, 'Human whistle_Human whistle', 0.03437404), (2143, 'Engine_Engine', 0.027514325)]",
2026-02-09,14:24:14,"Chunk 0 from recording_20260209_142407.wav: [(3243, 'Lithobates sylvaticus_Wood Frog', 0.42212367), (727, 'Branta canadensis_Canada Goose', 0.06739798), (6073, 'Tockus rufirostris_Southern Red-billed Hornbill', 0.04637596), (4862, 'Power tools_Power tools', 0.040665526), (2819, 'Human vocal_Human vocal', 0.029698692)]",
2026-02-09,14:24:27,"Chunk 0 from recording_20260209_142419.wav: [(3243, 'Lithobates sylvaticus_Wood Frog', 0.20124276), (2819, 'Human vocal_Human vocal', 0.12871623), (4862, 'Power tools_Power tools', 0.08282718), (2609, 'Gun_Gun', 0.06816522), (2143, 'Engine_Engine', 0.06748377)]",
2026-02-09,14:24:34,"Chunk 0 from recording_20260209_142425.wav: [(727, 'Branta canadensis_Canada Goose', 0.21761623), (1799, 'Cygnus buccinator_Trumpeter Swan', 0.06757912), (4862, 'Power tools_Power tools', 0.032791797), (2609, 'Gun_Gun', 0.030822441), (308, 'Anser brachyrhynchus_Pink-footed Goose', 0.019507004)]",
2026-02-09,14:25:22,"Chunk 0 from recording_20260209_142514.wav: [(316, 'Anser serrirostris_Tundra Bean-Goose', 0.21399716), (308, 'Anser brachyrhynchus_Pink-footed Goose', 0.17267448), (727, 'Branta canadensis_Canada Goose', 0.052403867), (5030, 'Pternistis adspersus_Red-billed Francolin', 0.044441644), (313, 'Anser fabalis_Taiga Bean-Goose', 0.041548584)]",
2026-02-09,14:25:47,"Chunk 0 from recording_20260209_142538.wav: [(727, 'Branta canadensis_Canada Goose', 0.21911858), (3491, 'Meleagris gallopavo_Wild Turkey', 0.07036329), (1801, 'Cygnus cygnus_Whooper Swan', 0.058847383), (3310, 'Lybius bidentatus_Double-toothed Barbet', 0.047930464), (2598, 'Grus japonensis_Red-crowned Crane', 0.032028332)]",
2026-02-09,14:27:04,"Chunk 0 from recording_20260209_142656.wav: [(1595, 'Corvus ossifragus_Fish Crow', 0.20009884), (3968, 'Nycticorax nycticorax_Black-crowned Night-Heron', 0.066249594), (306, 'Anser albifrons_Greater White-fronted Goose', 0.043578394), (4409, 'Phalaenoptilus nuttallii_Common Poorwill', 0.027678115), (729, 'Branta leucopsis_Barnacle Goose', 0.027558835)]",
2026-02-09,14:27:58,"Chunk 0 from recording_20260209_142750.wav: [(3243, 'Lithobates sylvaticus_Wood Frog', 0.36674622), (4862, 'Power tools_Power tools', 0.03959647), (2628, 'Gyps fulvus_Eurasian Griffon', 0.038058642), (727, 'Branta canadensis_Canada Goose', 0.016760899), (2609, 'Gun_Gun', 0.0154030165)]",
2026-02-09,14:28:27,"Chunk 0 from recording_20260209_142821.wav: [(308, 'Anser brachyrhynchus_Pink-footed Goose', 0.24599369), (316, 'Anser serrirostris_Tundra Bean-Goose', 0.23221914), (4475, 'Phoeniculus purpureus_Green Woodhoopoe', 0.04233647), (5030, 'Pternistis adspersus_Red-billed Francolin', 0.03864348), (313, 'Anser fabalis_Taiga Bean-Goose', 0.03578055)]",
2026-02-09,14:28:40,"Chunk 0 from recording_20260209_142833.wav: [(1801, 'Cygnus cygnus_Whooper Swan', 0.40873313), (313, 'Anser fabalis_Taiga Bean-Goose', 0.027804593), (316, 'Anser serrirostris_Tundra Bean-Goose', 0.025532924), (308, 'Anser brachyrhynchus_Pink-footed Goose', 0.018884873), (306, 'Anser albifrons_Greater White-fronted Goose', 0.011745541)]",
2026-02-09,14:29:06,"Chunk 0 from recording_20260209_142857.wav: [(1801, 'Cygnus cygnus_Whooper Swan', 0.27419558), (727, 'Branta canadensis_Canada Goose', 0.17765497), (3491, 'Meleagris gallopavo_Wild Turkey', 0.03358255), (306, 'Anser albifrons_Greater White-fronted Goose', 0.021465376), (2376, 'Fulica atra_Eurasian Coot', 0.018313317)]",
2026-02-09,14:29:12,"Chunk 0 from recording_20260209_142903.wav: [(3491, 'Meleagris gallopavo_Wild Turkey', 0.3113797), (727, 'Branta canadensis_Canada Goose', 0.036508705), (306, 'Anser albifrons_Greater White-fronted Goose', 0.02259884), (1801, 'Cygnus cygnus_Whooper Swan', 0.02249765), (368, 'Antigone canadensis_Sandhill Crane', 0.017151749)]",
2026-02-09,14:29:28,"Chunk 0 from recording_20260209_142921.wav: [(3491, 'Meleagris gallopavo_Wild Turkey', 0.3344244), (727, 'Branta canadensis_Canada Goose', 0.09073735), (2609, 'Gun_Gun', 0.080198474), (4862, 'Power tools_Power tools', 0.061396487), (2819, 'Human vocal_Human vocal', 0.03620715)]",
2026-02-09,14:29:35,"Chunk 0 from recording_20260209_142927.wav: [(3243, 'Lithobates sylvaticus_Wood Frog', 0.2987147), (2819, 'Human vocal_Human vocal', 0.051968757), (4862, 'Power tools_Power tools', 0.020467235), (2609, 'Gun_Gun', 0.019150231), (2820, 'Human whistle_Human whistle', 0.013881496)]",
2026-02-09,14:30:00,"Chunk 0 from recording_20260209_142951.wav: [(1801, 'Cygnus cygnus_Whooper Swan', 0.33993012), (2609, 'Gun_Gun', 0.18971255), (727, 'Branta canadensis_Canada Goose', 0.1413013), (3491, 'Meleagris gallopavo_Wild Turkey', 0.06937384), (4862, 'Power tools_Power tools', 0.06236813)]",
2026-02-09,14:30:16,"Chunk 0 from recording_20260209_143009.wav: [(3491, 'Meleagris gallopavo_Wild Turkey', 0.24298263), (1801, 'Cygnus cygnus_Whooper Swan', 0.089081585), (2820, 'Human whistle_Human whistle', 0.025752794), (2819, 'Human vocal_Human vocal', 0.02289159), (2609, 'Gun_Gun', 0.01659815)]",
2026-02-09,14:30:55,"Chunk 0 from recording_20260209_143045.wav: [(1595, 'Corvus ossifragus_Fish Crow', 0.20287703), (2819, 'Human vocal_Human vocal', 0.028958928), (2609, 'Gun_Gun', 0.023874113), (4862, 'Power tools_Power tools', 0.014936846), (3968, 'Nycticorax nycticorax_Black-crowned Night-Heron', 0.010912925)]",
2026-02-09,14:31:23,"Chunk 0 from recording_20260209_143115.wav: [(3491, 'Meleagris gallopavo_Wild Turkey', 0.20713519), (6073, 'Tockus rufirostris_Southern Red-billed Hornbill', 0.045719165), (5162, 'Pygoscelis papua_Gentoo Penguin', 0.039671272), (1577, 'Corvus corax_Common Raven', 0.029343743), (727, 'Branta canadensis_Canada Goose', 0.02646833)]",
2026-02-09,14:31:30,"Chunk 0 from recording_20260209_143121.wav: [(3243, 'Lithobates sylvaticus_Wood Frog', 0.3470766), (3491, 'Meleagris gallopavo_Wild Turkey', 0.053481836), (727, 'Branta canadensis_Canada Goose', 0.052995186), (6073, 'Tockus rufirostris_Southern Red-billed Hornbill', 0.047536302), (5162, 'Pygoscelis papua_Gentoo Penguin', 0.026474265)]",
2026-02-09,14:31:49,"Chunk 0 from recording_20260209_143140.wav: [(3491, 'Meleagris gallopavo_Wild Turkey', 0.44312903), (2628, 'Gyps fulvus_Eurasian Griffon', 0.029459702), (727, 'Branta canadensis_Canada Goose', 0.029308071), (2819, 'Human vocal_Human vocal', 0.029006572), (1801, 'Cygnus cygnus_Whooper Swan', 0.02276131)]",
2026-02-09,14:32:05,"Chunk 0 from recording_20260209_143158.wav: [(727, 'Branta canadensis_Canada Goose', 0.22161645), (1801, 'Cygnus cygnus_Whooper Swan', 0.037270796), (4862, 'Power tools_Power tools', 0.035324518), (5882, 'Tadorna ferruginea_Ruddy Shelduck', 0.0250091), (2609, 'Gun_Gun', 0.024522575)]",
2026-02-09,14:32:59,"Chunk 0 from recording_20260209_143252.wav: [(3491, 'Meleagris gallopavo_Wild Turkey', 0.45452866), (727, 'Branta canadensis_Canada Goose', 0.024592793), (2820, 'Human whistle_Human whistle', 0.016283097), (6073, 'Tockus rufirostris_Southern Red-billed Hornbill', 0.015400933), (2819, 'Human vocal_Human vocal', 0.014313183)]",
2026-02-09,14:33:06,"Chunk 0 from recording_20260209_143258.wav: [(3491, 'Meleagris gallopavo_Wild Turkey', 0.6045832), (1801, 'Cygnus cygnus_Whooper Swan', 0.017559756), (727, 'Branta canadensis_Canada Goose', 0.017013924), (2597, 'Grus grus_Common Crane', 0.01263272), (2598, 'Grus japonensis_Red-crowned Crane', 0.012358494)]",
2026-02-09,14:33:12,"Chunk 0 from recording_20260209_143304.wav: [(3243, 'Lithobates sylvaticus_Wood Frog', 0.33360982), (3491, 'Meleagris gallopavo_Wild Turkey', 0.10387211), (727, 'Branta canadensis_Canada Goose', 0.08558993), (6073, 'Tockus rufirostris_Southern Red-billed Hornbill', 0.06713205), (2628, 'Gyps fulvus_Eurasian Griffon', 0.029006116)]",
2026-02-09,14:33:31,"Chunk 0 from recording_20260209_143322.wav: [(5882, 'Tadorna ferruginea_Ruddy Shelduck', 0.2236988), (308, 'Anser brachyrhynchus_Pink-footed Goose', 0.10045787), (727, 'Branta canadensis_Canada Goose', 0.050412018), (2819, 'Human vocal_Human vocal', 0.04926576), (313, 'Anser fabalis_Taiga Bean-Goose', 0.03147644)]",
2026-02-09,14:33:35,"Chunk 0 from recording_20260209_143328.wav: [(3491, 'Meleagris gallopavo_Wild Turkey', 0.2769198), (727, 'Branta canadensis_Canada Goose', 0.10940244), (2609, 'Gun_Gun', 0.080446795), (2819, 'Human vocal_Human vocal', 0.042580903), (2820, 'Human whistle_Human whistle', 0.036419496)]",
2026-02-09,14:33:47,"Chunk 0 from recording_20260209_143340.wav: [(3491, 'Meleagris gallopavo_Wild Turkey', 0.21002491), (2819, 'Human vocal_Human vocal', 0.038060434), (4862, 'Power tools_Power tools', 0.036447577), (2818, 'Human non-vocal_Human non-vocal', 0.027909176), (2182, 'Erythrogenys hypoleucos_Large Scimitar-Babbler', 0.011833244)]",
2026-02-09,14:34:00,"Chunk 0 from recording_20260209_143352.wav: [(2819, 'Human vocal_Human vocal', 0.23388408), (2609, 'Gun_Gun', 0.03270181), (727, 'Branta canadensis_Canada Goose', 0.03176457), (2143, 'Engine_Engine', 0.021338534), (4862, 'Power tools_Power tools', 0.013466717)]",
2026-02-09,14:34:19,"Chunk 0 from recording_20260209_143410.wav: [(3491, 'Meleagris gallopavo_Wild Turkey', 0.28166556), (727, 'Branta canadensis_Canada Goose', 0.025635201), (2819, 'Human vocal_Human vocal', 0.023961935), (2820, 'Human whistle_Human whistle', 0.01713743), (2818, 'Human non-vocal_Human non-vocal', 0.015295915)]",
2026-02-09,14:34:55,"Chunk 0 from recording_20260209_143447.wav: [(3491, 'Meleagris gallopavo_Wild Turkey', 0.30570772), (4862, 'Power tools_Power tools', 0.07700698), (2818, 'Human non-vocal_Human non-vocal', 0.04041413), (2609, 'Gun_Gun', 0.028490754), (2819, 'Human vocal_Human vocal', 0.023770133)]",
2026-02-09,14:35:36,"Chunk 0 from recording_20260209_143529.wav: [(3491, 'Meleagris gallopavo_Wild Turkey', 0.25412437), (3243, 'Lithobates sylvaticus_Wood Frog', 0.08015701), (2819, 'Human vocal_Human vocal', 0.06941809), (2628, 'Gyps fulvus_Eurasian Griffon', 0.036488663), (2820, 'Human whistle_Human whistle', 0.032064945)]",
2026-02-09,14:36:02,"Chunk 0 from recording_20260209_143553.wav: [(3491, 'Meleagris gallopavo_Wild Turkey', 0.22091669), (885, ""Callipepla gambelii_Gambel's Quail"", 0.041341797), (322, 'Anthochaera chrysoptera_Little Wattlebird', 0.026543112), (6071, 'Tockus kempi_Western Red-billed Hornbill', 0.02438707), (944, 'Canis latrans_Coyote', 0.020559374)]",
2026-02-09,14:36:56,"Chunk 0 from recording_20260209_143647.wav: [(727, 'Branta canadensis_Canada Goose', 0.22564657), (3491, 'Meleagris gallopavo_Wild Turkey', 0.1029369), (2609, 'Gun_Gun', 0.025991257), (2819, 'Human vocal_Human vocal', 0.024168916), (4862, 'Power tools_Power tools', 0.017662797)]",
2026-02-09,14:37:12,"Chunk 0 from recording_20260209_143705.wav: [(4862, 'Power tools_Power tools', 0.3508851), (2609, 'Gun_Gun', 0.16411257), (3015, 'Lagopus lagopus_Willow Ptarmigan', 0.05246497), (2143, 'Engine_Engine', 0.029373374), (2818, 'Human non-vocal_Human non-vocal', 0.02130388)]",
2026-02-09,14:37:38,"Chunk 0 from recording_20260209_143729.wav: [(727, 'Branta canadensis_Canada Goose', 0.20236689), (3491, 'Meleagris gallopavo_Wild Turkey', 0.058041524), (1801, 'Cygnus cygnus_Whooper Swan', 0.039480474), (2609, 'Gun_Gun', 0.025477683), (4862, 'Power tools_Power tools', 0.016493348)]",
2026-02-09,14:37:51,"Chunk 0 from recording_20260209_143741.wav: [(3491, 'Meleagris gallopavo_Wild Turkey', 0.24491113), (2609, 'Gun_Gun', 0.013157739), (2820, 'Human whistle_Human whistle', 0.010869914), (1949, 'Dog_Dog', 0.010181886), (1575, 'Corvus brachyrhynchos_American Crow', 0.009742115)]",
2026-02-09,14:38:13,"Chunk 0 from recording_20260209_143805.wav: [(4862, 'Power tools_Power tools', 0.23065467), (2143, 'Engine_Engine', 0.035807002), (2818, 'Human non-vocal_Human non-vocal', 0.030922871), (2819, 'Human vocal_Human vocal', 0.030094672), (2609, 'Gun_Gun', 0.026040928)]",
2026-02-09,14:38:55,"Chunk 0 from recording_20260209_143848.wav: [(316, 'Anser serrirostris_Tundra Bean-Goose', 0.26512796), (313, 'Anser fabalis_Taiga Bean-Goose', 0.063564196), (308, 'Anser brachyrhynchus_Pink-footed Goose', 0.04842506), (2628, 'Gyps fulvus_Eurasian Griffon', 0.045902554), (306, 'Anser albifrons_Greater White-fronted Goose', 0.027209938)]",
2026-02-09,14:39:01,"Chunk 0 from recording_20260209_143854.wav: [(3243, 'Lithobates sylvaticus_Wood Frog', 0.37261537), (2819, 'Human vocal_Human vocal', 0.15077281), (2609, 'Gun_Gun', 0.04779315), (2143, 'Engine_Engine', 0.04023662), (2820, 'Human whistle_Human whistle', 0.026986856)]",
2026-02-09,14:39:14,"Chunk 0 from recording_20260209_143906.wav: [(3243, 'Lithobates sylvaticus_Wood Frog', 0.22758025), (4862, 'Power tools_Power tools', 0.016171744), (3491, 'Meleagris gallopavo_Wild Turkey', 0.015809426), (2819, 'Human vocal_Human vocal', 0.015141262), (6073, 'Tockus rufirostris_Southern Red-billed Hornbill', 0.014155195)]",
2026-02-09,14:40:02,"Chunk 0 from recording_20260209_143954.wav: [(1595, 'Corvus ossifragus_Fish Crow', 0.2111086), (308, 'Anser brachyrhynchus_Pink-footed Goose', 0.018404184), (316, 'Anser serrirostris_Tundra Bean-Goose', 0.018253354), (2263, 'Eupodotis senegalensis_White-bellied Bustard', 0.016395964), (5045, 'Pterocles senegallus_Spotted Sandgrouse', 0.014521815)]",
2026-02-09,14:41:09,"Chunk 0 from recording_20260209_144100.wav: [(3243, 'Lithobates sylvaticus_Wood Frog', 0.41692817), (4862, 'Power tools_Power tools', 0.030154075), (727, 'Branta canadensis_Canada Goose', 0.013048413), (2609, 'Gun_Gun', 0.012798541), (2819, 'Human vocal_Human vocal', 0.01238017)]",
2026-02-09,14:42:10,"Chunk 0 from recording_20260209_144201.wav: [(727, 'Branta canadensis_Canada Goose', 0.2470039), (2609, 'Gun_Gun', 0.12677899), (4862, 'Power tools_Power tools', 0.07491437), (2820, 'Human whistle_Human whistle', 0.03186409), (184, 'Alouatta pigra_Mexican Black Howler Monkey', 0.029588874)]",
2026-02-09,14:42:32,"Chunk 0 from recording_20260209_144225.wav: [(3491, 'Meleagris gallopavo_Wild Turkey', 0.20171002), (4862, 'Power tools_Power tools', 0.06536478), (2143, 'Engine_Engine', 0.04494384), (2609, 'Gun_Gun', 0.026044799), (3243, 'Lithobates sylvaticus_Wood Frog', 0.025310917)]",
2026-02-09,14:43:07,"Chunk 0 from recording_20260209_144301.wav: [(3243, 'Lithobates sylvaticus_Wood Frog', 0.41929513), (2819, 'Human vocal_Human vocal', 0.04933661), (2609, 'Gun_Gun', 0.03563891), (4862, 'Power tools_Power tools', 0.020839795), (2143, 'Engine_Engine', 0.012891254)]",
2026-02-09,14:43:46,"Chunk 0 from recording_20260209_144337.wav: [(3491, 'Meleagris gallopavo_Wild Turkey', 0.51801056), (4862, 'Power tools_Power tools', 0.050940003), (2819, 'Human vocal_Human vocal', 0.043418884), (2609, 'Gun_Gun', 0.042761296), (3243, 'Lithobates sylvaticus_Wood Frog', 0.02951305)]",
2026-02-09,14:43:59,"Chunk 0 from recording_20260209_144349.wav: [(3491, 'Meleagris gallopavo_Wild Turkey', 0.22654197), (2609, 'Gun_Gun', 0.04902327), (306, 'Anser albifrons_Greater White-fronted Goose', 0.048813835), (944, 'Canis latrans_Coyote', 0.04114216), (4862, 'Power tools_Power tools', 0.040820345)]",
2026-02-09,14:44:08,"Chunk 0 from recording_20260209_144401.wav: [(3491, 'Meleagris gallopavo_Wild Turkey', 0.30212405), (3243, 'Lithobates sylvaticus_Wood Frog', 0.068453915), (727, 'Branta canadensis_Canada Goose', 0.022847822), (2609, 'Gun_Gun', 0.02067276), (6073, 'Tockus rufirostris_Southern Red-billed Hornbill', 0.017065326)]",
2026-02-09,14:44:21,"Chunk 0 from recording_20260209_144413.wav: [(3491, 'Meleagris gallopavo_Wild Turkey', 0.35350987), (1801, 'Cygnus cygnus_Whooper Swan', 0.2288299), (2820, 'Human whistle_Human whistle', 0.051206842), (727, 'Branta canadensis_Canada Goose', 0.0450252), (306, 'Anser albifrons_Greater White-fronted Goose', 0.035624944)]",
2026-02-09,14:45:09,"Chunk 0 from recording_20260209_144502.wav: [(3243, 'Lithobates sylvaticus_Wood Frog', 0.20964533), (2819, 'Human vocal_Human vocal', 0.1406837), (2143, 'Engine_Engine', 0.034018286), (727, 'Branta canadensis_Canada Goose', 0.020934407), (4862, 'Power tools_Power tools', 0.018006451)]",
2026-02-09,14:45:44,"Chunk 0 from recording_20260209_144538.wav: [(2819, 'Human vocal_Human vocal', 0.23295057), (5882, 'Tadorna ferruginea_Ruddy Shelduck', 0.066989586), (2820, 'Human whistle_Human whistle', 0.03934416), (3243, 'Lithobates sylvaticus_Wood Frog', 0.033030055), (726, 'Branta bernicla_Brant', 0.022795536)]",
2026-02-09,14:46:29,"Chunk 0 from recording_20260209_144620.wav: [(3491, 'Meleagris gallopavo_Wild Turkey', 0.3763355), (727, 'Branta canadensis_Canada Goose', 0.101812385), (2609, 'Gun_Gun', 0.026854405), (2819, 'Human vocal_Human vocal', 0.018930702), (2143, 'Engine_Engine', 0.017481623)]",
2026-02-09,14:46:58,"Chunk 0 from recording_20260209_144650.wav: [(2819, 'Human vocal_Human vocal', 0.20786081), (2818, 'Human non-vocal_Human non-vocal', 0.15365663), (2609, 'Gun_Gun', 0.081886835), (2143, 'Engine_Engine', 0.056320477), (4862, 'Power tools_Power tools', 0.055655796)]",
2026-02-09,14:47:11,"Chunk 0 from recording_20260209_144702.wav: [(3243, 'Lithobates sylvaticus_Wood Frog', 0.21059504), (3491, 'Meleagris gallopavo_Wild Turkey', 0.17553872), (4862, 'Power tools_Power tools', 0.04549664), (2819, 'Human vocal_Human vocal', 0.023251178), (2143, 'Engine_Engine', 0.018932255)]",
2026-02-09,14:47:33,"Chunk 0 from recording_20260209_144726.wav: [(3491, 'Meleagris gallopavo_Wild Turkey', 0.64750576), (727, 'Branta canadensis_Canada Goose', 0.042917684), (2628, 'Gyps fulvus_Eurasian Griffon', 0.04277655), (4862, 'Power tools_Power tools', 0.041316688), (2818, 'Human non-vocal_Human non-vocal', 0.034402903)]",
2026-02-09,14:47:52,"Chunk 0 from recording_20260209_144744.wav: [(3243, 'Lithobates sylvaticus_Wood Frog', 0.89023787), (4862, 'Power tools_Power tools', 0.030126415), (3491, 'Meleagris gallopavo_Wild Turkey', 0.021920362), (2819, 'Human vocal_Human vocal', 0.009301634), (6073, 'Tockus rufirostris_Southern Red-billed Hornbill', 0.0077678356)]",
2026-02-09,14:48:21,"Chunk 0 from recording_20260209_144814.wav: [(727, 'Branta canadensis_Canada Goose', 0.29550257), (4862, 'Power tools_Power tools', 0.14648342), (2609, 'Gun_Gun', 0.13946834), (1801, 'Cygnus cygnus_Whooper Swan', 0.067272164), (2819, 'Human vocal_Human vocal', 0.060586017)]",
2026-02-09,14:48:27,"Chunk 0 from recording_20260209_144821.wav: [(727, 'Branta canadensis_Canada Goose', 0.33400592), (1801, 'Cygnus cygnus_Whooper Swan', 0.045987587), (2609, 'Gun_Gun', 0.030038007), (3491, 'Meleagris gallopavo_Wild Turkey', 0.026062345), (2820, 'Human whistle_Human whistle', 0.020622158)]",
2026-02-09,14:48:59,"Chunk 0 from recording_20260209_144851.wav: [(3491, 'Meleagris gallopavo_Wild Turkey', 0.5898154), (5310, 'Rhynchopsitta terrisi_Maroon-fronted Parrot', 0.044990517), (3243, 'Lithobates sylvaticus_Wood Frog', 0.038130537), (727, 'Branta canadensis_Canada Goose', 0.024928398), (2628, 'Gyps fulvus_Eurasian Griffon', 0.019084854)]",
2026-02-09,14:49:15,"Chunk 0 from recording_20260209_144909.wav: [(3243, 'Lithobates sylvaticus_Wood Frog', 0.23619592), (4862, 'Power tools_Power tools', 0.1197402), (3491, 'Meleagris gallopavo_Wild Turkey', 0.034764033), (727, 'Branta canadensis_Canada Goose', 0.02603438), (2143, 'Engine_Engine', 0.016422948)]",
2026-02-09,14:49:47,"Chunk 0 from recording_20260209_144939.wav: [(2819, 'Human vocal_Human vocal', 0.32530117), (727, 'Branta canadensis_Canada Goose', 0.08360585), (3491, 'Meleagris gallopavo_Wild Turkey', 0.08266031), (2818, 'Human non-vocal_Human non-vocal', 0.039894335), (2143, 'Engine_Engine', 0.037759665)]",
2026-02-09,14:50:10,"Chunk 0 from recording_20260209_145003.wav: [(3491, 'Meleagris gallopavo_Wild Turkey', 0.23822464), (727, 'Branta canadensis_Canada Goose', 0.107136786), (944, 'Canis latrans_Coyote', 0.028585773), (1949, 'Dog_Dog', 0.025421323), (6071, 'Tockus kempi_Western Red-billed Hornbill', 0.023264859)]",
2026-02-09,14:50:16,"Chunk 0 from recording_20260209_145009.wav: [(727, 'Branta canadensis_Canada Goose', 0.35301763), (1801, 'Cygnus cygnus_Whooper Swan', 0.11960453), (2609, 'Gun_Gun', 0.08364078), (2819, 'Human vocal_Human vocal', 0.054957394), (2820, 'Human whistle_Human whistle', 0.048111543)]",
2026-02-09,14:50:35,"Chunk 0 from recording_20260209_145027.wav: [(3491, 'Meleagris gallopavo_Wild Turkey', 0.3367915), (368, 'Antigone canadensis_Sandhill Crane', 0.17166144), (3243, 'Lithobates sylvaticus_Wood Frog', 0.0684673), (5162, 'Pygoscelis papua_Gentoo Penguin', 0.063626826), (1577, 'Corvus corax_Common Raven', 0.041652787)]",
2026-02-09,14:50:42,"Chunk 0 from recording_20260209_145033.wav: [(3243, 'Lithobates sylvaticus_Wood Frog', 0.47990736), (2819, 'Human vocal_Human vocal', 0.051158603), (4862, 'Power tools_Power tools', 0.037708424), (2143, 'Engine_Engine', 0.018962737), (2818, 'Human non-vocal_Human non-vocal', 0.018036162)]",
2026-02-09,14:51:17,"Chunk 0 from recording_20260209_145109.wav: [(2819, 'Human vocal_Human vocal', 0.2486342), (2818, 'Human non-vocal_Human non-vocal', 0.03085969), (2820, 'Human whistle_Human whistle', 0.029020699), (4862, 'Power tools_Power tools', 0.024737203), (2143, 'Engine_Engine', 0.023755478)]",
2026-02-09,14:51:46,"Chunk 0 from recording_20260209_145139.wav: [(3491, 'Meleagris gallopavo_Wild Turkey', 0.20674184), (1577, 'Corvus corax_Common Raven', 0.04140082), (727, 'Branta canadensis_Canada Goose', 0.032551184), (6073, 'Tockus rufirostris_Southern Red-billed Hornbill', 0.017062232), (1949, 'Dog_Dog', 0.013056178)]",
2026-02-09,14:52:31,"Chunk 0 from recording_20260209_145222.wav: [(3243, 'Lithobates sylvaticus_Wood Frog', 0.24817075), (2819, 'Human vocal_Human vocal', 0.025768608), (6073, 'Tockus rufirostris_Southern Red-billed Hornbill', 0.015079893), (4862, 'Power tools_Power tools', 0.013102403), (2143, 'Engine_Engine', 0.013060763)]",
2026-02-09,14:52:37,"Chunk 0 from recording_20260209_145228.wav: [(2819, 'Human vocal_Human vocal', 0.21355931), (2820, 'Human whistle_Human whistle', 0.098711275), (3243, 'Lithobates sylvaticus_Wood Frog', 0.07817003), (2609, 'Gun_Gun', 0.03503753), (4862, 'Power tools_Power tools', 0.022502294)]",
2026-02-09,14:52:59,"Chunk 0 from recording_20260209_145252.wav: [(3243, 'Lithobates sylvaticus_Wood Frog', 0.2970033), (3491, 'Meleagris gallopavo_Wild Turkey', 0.04310542), (4862, 'Power tools_Power tools', 0.033036187), (2609, 'Gun_Gun', 0.017168099), (2143, 'Engine_Engine', 0.016869664)]",
2026-02-09,14:53:54,"Chunk 0 from recording_20260209_145346.wav: [(3243, 'Lithobates sylvaticus_Wood Frog', 0.90269953), (4862, 'Power tools_Power tools', 0.027931066), (2819, 'Human vocal_Human vocal', 0.025618175), (2143, 'Engine_Engine', 0.010965874), (3491, 'Meleagris gallopavo_Wild Turkey', 0.010020432)]",
2026-02-09,14:54:13,"Chunk 0 from recording_20260209_145404.wav: [(3491, 'Meleagris gallopavo_Wild Turkey', 0.26909676), (2820, 'Human whistle_Human whistle', 0.05467166), (2819, 'Human vocal_Human vocal', 0.040248588), (3243, 'Lithobates sylvaticus_Wood Frog', 0.031983253), (4862, 'Power tools_Power tools', 0.016916452)]",
2026-02-09,14:54:35,"Chunk 0 from recording_20260209_145428.wav: [(3491, 'Meleagris gallopavo_Wild Turkey', 0.79474556), (1577, 'Corvus corax_Common Raven', 0.038399864), (1801, 'Cygnus cygnus_Whooper Swan', 0.027032256), (2818, 'Human non-vocal_Human non-vocal', 0.016961863), (727, 'Branta canadensis_Canada Goose', 0.012649635)]",
2026-02-09,14:54:42,"Chunk 0 from recording_20260209_145434.wav: [(727, 'Branta canadensis_Canada Goose', 0.22534889), (1801, 'Cygnus cygnus_Whooper Swan', 0.047817353), (3491, 'Meleagris gallopavo_Wild Turkey', 0.03692406), (1577, 'Corvus corax_Common Raven', 0.030376792), (4862, 'Power tools_Power tools', 0.03005056)]",
2026-02-09,14:54:55,"Chunk 0 from recording_20260209_145446.wav: [(3243, 'Lithobates sylvaticus_Wood Frog', 0.3876558), (4862, 'Power tools_Power tools', 0.036802437), (2819, 'Human vocal_Human vocal', 0.03225924), (2143, 'Engine_Engine', 0.01665073), (2609, 'Gun_Gun', 0.012858403)]",
2026-02-09,14:55:14,"Chunk 0 from recording_20260209_145504.wav: [(3491, 'Meleagris gallopavo_Wild Turkey', 0.4338001), (3243, 'Lithobates sylvaticus_Wood Frog', 0.0173907), (2449, 'Gavia immer_Common Loon', 0.014234283), (727, 'Branta canadensis_Canada Goose', 0.008844082), (2818, 'Human non-vocal_Human non-vocal', 0.00791048)]",
2026-02-09,14:55:17,"Chunk 0 from recording_20260209_145511.wav: [(2609, 'Gun_Gun', 0.20688754), (2819, 'Human vocal_Human vocal', 0.116236255), (4862, 'Power tools_Power tools', 0.10734169), (3243, 'Lithobates sylvaticus_Wood Frog', 0.08181735), (2820, 'Human whistle_Human whistle', 0.05574493)]",
2026-02-09,14:55:23,"Chunk 0 from recording_20260209_145517.wav: [(3491, 'Meleagris gallopavo_Wild Turkey', 0.22414187), (3243, 'Lithobates sylvaticus_Wood Frog', 0.15094854), (727, 'Branta canadensis_Canada Goose', 0.083038636), (4862, 'Power tools_Power tools', 0.04762998), (2819, 'Human vocal_Human vocal', 0.033957604)]",
2026-02-09,14:55:30,"Chunk 0 from recording_20260209_145523.wav: [(3243, 'Lithobates sylvaticus_Wood Frog', 0.58946335), (2819, 'Human vocal_Human vocal', 0.08093733), (4862, 'Power tools_Power tools', 0.022003561), (2820, 'Human whistle_Human whistle', 0.020900516), (727, 'Branta canadensis_Canada Goose', 0.015913446)]",
2026-02-09,14:55:49,"Chunk 0 from recording_20260209_145541.wav: [(3491, 'Meleagris gallopavo_Wild Turkey', 0.33480185), (727, 'Branta canadensis_Canada Goose', 0.028704826), (885, ""Callipepla gambelii_Gambel's Quail"", 0.025591537), (2373, 'Fulica americana_American Coot', 0.010280327), (1801, 'Cygnus cygnus_Whooper Swan', 0.0075826324)]",
2026-02-09,14:56:31,"Chunk 0 from recording_20260209_145623.wav: [(1801, 'Cygnus cygnus_Whooper Swan', 0.23712398), (727, 'Branta canadensis_Canada Goose', 0.09732402), (2609, 'Gun_Gun', 0.058659345), (3491, 'Meleagris gallopavo_Wild Turkey', 0.047617283), (6073, 'Tockus rufirostris_Southern Red-billed Hornbill', 0.037859175)]",
2026-02-09,14:57:06,"Chunk 0 from recording_20260209_145659.wav: [(3491, 'Meleagris gallopavo_Wild Turkey', 0.50163424), (2819, 'Human vocal_Human vocal', 0.022351373), (1949, 'Dog_Dog', 0.018294802), (1577, 'Corvus corax_Common Raven', 0.012723164), (3243, 'Lithobates sylvaticus_Wood Frog', 0.012648693)]",
2026-02-09,14:57:54,"Chunk 0 from recording_20260209_145747.wav: [(306, 'Anser albifrons_Greater White-fronted Goose', 0.24310891), (3491, 'Meleagris gallopavo_Wild Turkey', 0.10763057), (2819, 'Human vocal_Human vocal', 0.063143715), (2609, 'Gun_Gun', 0.055955824), (944, 'Canis latrans_Coyote', 0.04314777)]",
2026-02-09,14:58:13,"Chunk 0 from recording_20260209_145805.wav: [(3491, 'Meleagris gallopavo_Wild Turkey', 0.32860932), (2628, 'Gyps fulvus_Eurasian Griffon', 0.045130227), (2819, 'Human vocal_Human vocal', 0.023703046), (3978, 'Nyctyornis athertoni_Blue-bearded Bee-eater', 0.017083324), (2818, 'Human non-vocal_Human non-vocal', 0.012034919)]",
2026-02-09,14:58:32,"Chunk 0 from recording_20260209_145823.wav: [(3243, 'Lithobates sylvaticus_Wood Frog', 0.22734272), (726, 'Branta bernicla_Brant', 0.041508198), (3015, 'Lagopus lagopus_Willow Ptarmigan', 0.030481584), (2819, 'Human vocal_Human vocal', 0.021197738), (3001, 'Ketupa zeylonensis_Brown Fish-Owl', 0.013455407)]",
2026-02-09,14:58:48,"Chunk 0 from recording_20260209_145842.wav: [(2819, 'Human vocal_Human vocal', 0.21480635), (2820, 'Human whistle_Human whistle', 0.04542353), (727, 'Branta canadensis_Canada Goose', 0.028134193), (2609, 'Gun_Gun', 0.026312083), (1801, 'Cygnus cygnus_Whooper Swan', 0.022142293)]",
2026-02-09,14:58:55,"Chunk 0 from recording_20260209_145848.wav: [(2819, 'Human vocal_Human vocal', 0.26057848), (4862, 'Power tools_Power tools', 0.09940482), (2609, 'Gun_Gun', 0.08624314), (3243, 'Lithobates sylvaticus_Wood Frog', 0.052758157), (2143, 'Engine_Engine', 0.04545689)]",
2026-02-09,14:59:01,"Chunk 0 from recording_20260209_145854.wav: [(3243, 'Lithobates sylvaticus_Wood Frog', 0.35806406), (2819, 'Human vocal_Human vocal', 0.0500407), (6073, 'Tockus rufirostris_Southern Red-billed Hornbill', 0.04967474), (2609, 'Gun_Gun', 0.020925133), (4862, 'Power tools_Power tools', 0.015929174)]",
2026-02-09,15:00:27,"Chunk 0 from recording_20260209_150018.wav: [(3491, 'Meleagris gallopavo_Wild Turkey', 0.2440152), (4862, 'Power tools_Power tools', 0.030147983), (2819, 'Human vocal_Human vocal', 0.012757698), (1949, 'Dog_Dog', 0.008666579), (2421, 'Gallinula galeata_Common Gallinule', 0.007811223)]",
2026-02-09,15:00:37,"Chunk 0 from recording_20260209_150030.wav: [(727, 'Branta canadensis_Canada Goose', 0.22260028), (2820, 'Human whistle_Human whistle', 0.1286328), (1801, 'Cygnus cygnus_Whooper Swan', 0.07306275), (3243, 'Lithobates sylvaticus_Wood Frog', 0.06865785), (2819, 'Human vocal_Human vocal', 0.051090505)]",
2026-02-09,15:01:19,"Chunk 0 from recording_20260209_150112.wav: [(2818, 'Human non-vocal_Human non-vocal', 0.34756237), (2820, 'Human whistle_Human whistle', 0.28768748), (1949, 'Dog_Dog', 0.14251803), (2609, 'Gun_Gun', 0.11943549), (2819, 'Human vocal_Human vocal', 0.044492804)]",
2026-02-09,15:01:51,"Chunk 0 from recording_20260209_150142.wav: [(3491, 'Meleagris gallopavo_Wild Turkey', 0.2706783), (2628, 'Gyps fulvus_Eurasian Griffon', 0.04332154), (2819, 'Human vocal_Human vocal', 0.034750767), (2609, 'Gun_Gun', 0.034237552), (4862, 'Power tools_Power tools', 0.027976183)]",
2026-02-09,15:02:39,"Chunk 0 from recording_20260209_150231.wav: [(3243, 'Lithobates sylvaticus_Wood Frog', 0.6416169), (4862, 'Power tools_Power tools', 0.022206908), (2609, 'Gun_Gun', 0.016755398), (2819, 'Human vocal_Human vocal', 0.013470659), (2820, 'Human whistle_Human whistle', 0.0064071687)]",
