Date,Time,AI Output,Weather
2026-02-05,12:22:40,"Chunk 0 from recording_20260205_122232.wav: [(3243, 'Lithobates sylvaticus_Wood Frog', 0.21398982), (2819, 'Human vocal_Human vocal', 0.060890518), (1086, 'Cercibis oxycerca_Sharp-tailed Ibis', 0.031990618), (1595, 'Corvus ossifragus_Fish Crow', 0.029600406), (2818, 'Human non-vocal_Human non-vocal', 0.02154294)]",
2026-02-05,12:24:48,"Chunk 0 from recording_20260205_122439.wav: [(531, 'Asemospiza fuliginosa_Sooty Grassquit', 0.3515536), (532, 'Asemospiza obscura_Dull-colored Grassquit', 0.11068855), (5162, 'Pygoscelis papua_Gentoo Penguin', 0.06263675), (6185, 'Troglodytes solstitialis_Mountain Wren', 0.03954827), (1345, 'Cinnyris chalybeus_Southern Double-collared Sunbird', 0.037297376)]",
2026-02-05,12:24:52,"Chunk 0 from recording_20260205_122445.wav: [(531, 'Asemospiza fuliginosa_Sooty Grassquit', 0.79455477), (1031, 'Catharus gracilirostris_Black-billed Nightingale-Thrush', 0.15461713), (6465, 'Zeledonia coronata_Wrenthrush', 0.15287414), (532, 'Asemospiza obscura_Dull-colored Grassquit', 0.07656572), (3491, 'Meleagris gallopavo_Wild Turkey', 0.033662245)]",
2026-02-05,12:25:11,"Chunk 0 from recording_20260205_122503.wav: [(531, 'Asemospiza fuliginosa_Sooty Grassquit', 0.7929687), (532, 'Asemospiza obscura_Dull-colored Grassquit', 0.1474329), (5162, 'Pygoscelis papua_Gentoo Penguin', 0.046379324), (3632, 'Molothrus ater_Brown-headed Cowbird', 0.03990364), (5882, 'Tadorna ferruginea_Ruddy Shelduck', 0.029359728)]",
2026-02-05,12:25:17,"Chunk 0 from recording_20260205_122509.wav: [(5160, 'Pygoscelis adeliae_Adelie Penguin', 0.50491947), (4396, 'Phaethornis malaris_Great-billed Hermit', 0.20669653), (6465, 'Zeledonia coronata_Wrenthrush', 0.12163241), (5162, 'Pygoscelis papua_Gentoo Penguin', 0.10535221), (5882, 'Tadorna ferruginea_Ruddy Shelduck', 0.037589267)]",
2026-02-05,12:25:24,"Chunk 0 from recording_20260205_122515.wav: [(5491, 'Sephanoides sephaniodes_Green-backed Firecrown', 0.30310822), (3243, 'Lithobates sylvaticus_Wood Frog', 0.07013306), (2263, 'Eupodotis senegalensis_White-bellied Bustard', 0.05176809), (6185, 'Troglodytes solstitialis_Mountain Wren', 0.03390124), (1031, 'Catharus gracilirostris_Black-billed Nightingale-Thrush', 0.024438705)]",
2026-02-05,12:25:36,"Chunk 0 from recording_20260205_122527.wav: [(6465, 'Zeledonia coronata_Wrenthrush', 0.50456476), (3632, 'Molothrus ater_Brown-headed Cowbird', 0.07780904), (951, ""Cantorchilus modestus_Cabanis's Wren"", 0.06854885), (500, 'Arremon aurantiirostris_Orange-billed Sparrow', 0.016999368), (4335, 'Periparus venustulus_Yellow-bellied Tit', 0.016397163)]",
2026-02-05,12:25:59,"Chunk 0 from recording_20260205_122551.wav: [(6185, 'Troglodytes solstitialis_Mountain Wren', 0.20390281), (3326, 'Machetornis rixosa_Cattle Tyrant', 0.05017959), (531, 'Asemospiza fuliginosa_Sooty Grassquit', 0.025280414), (6257, 'Turdus nigriceps_Andean Slaty Thrush', 0.023287483), (6298, 'Tympanuchus phasianellus_Sharp-tailed Grouse', 0.01391451)]",
2026-02-05,12:26:05,"Chunk 0 from recording_20260205_122557.wav: [(4396, 'Phaethornis malaris_Great-billed Hermit', 0.8128801), (4390, 'Phaethornis eurynome_Scale-throated Hermit', 0.15073709), (6185, 'Troglodytes solstitialis_Mountain Wren', 0.08255921), (4395, 'Phaethornis longuemareus_Little Hermit', 0.05411446), (5162, 'Pygoscelis papua_Gentoo Penguin', 0.019443152)]",
2026-02-05,12:26:12,"Chunk 0 from recording_20260205_122603.wav: [(532, 'Asemospiza obscura_Dull-colored Grassquit', 0.5307206), (6185, 'Troglodytes solstitialis_Mountain Wren', 0.058491997), (531, 'Asemospiza fuliginosa_Sooty Grassquit', 0.031951644), (3491, 'Meleagris gallopavo_Wild Turkey', 0.02829899), (2818, 'Human non-vocal_Human non-vocal', 0.011432233)]",
2026-02-05,12:26:18,"Chunk 0 from recording_20260205_122609.wav: [(6465, 'Zeledonia coronata_Wrenthrush', 0.34616482), (6185, 'Troglodytes solstitialis_Mountain Wren', 0.1279263), (3243, 'Lithobates sylvaticus_Wood Frog', 0.12649293), (3632, 'Molothrus ater_Brown-headed Cowbird', 0.06747425), (6073, 'Tockus rufirostris_Southern Red-billed Hornbill', 0.030769859)]",
2026-02-05,12:26:24,"Chunk 0 from recording_20260205_122615.wav: [(6185, 'Troglodytes solstitialis_Mountain Wren', 0.30706748), (5162, 'Pygoscelis papua_Gentoo Penguin', 0.11776129), (532, 'Asemospiza obscura_Dull-colored Grassquit', 0.08862755), (1345, 'Cinnyris chalybeus_Southern Double-collared Sunbird', 0.031772327), (3491, 'Meleagris gallopavo_Wild Turkey', 0.019636944)]",
2026-02-05,12:26:31,"Chunk 0 from recording_20260205_122621.wav: [(532, 'Asemospiza obscura_Dull-colored Grassquit', 0.5387528), (531, 'Asemospiza fuliginosa_Sooty Grassquit', 0.21014276), (6465, 'Zeledonia coronata_Wrenthrush', 0.0604858), (6185, 'Troglodytes solstitialis_Mountain Wren', 0.01202077), (6257, 'Turdus nigriceps_Andean Slaty Thrush', 0.006009167)]",
2026-02-05,12:26:34,"Chunk 0 from recording_20260205_122627.wav: [(532, 'Asemospiza obscura_Dull-colored Grassquit', 0.24058339), (531, 'Asemospiza fuliginosa_Sooty Grassquit', 0.12074559), (1031, 'Catharus gracilirostris_Black-billed Nightingale-Thrush', 0.010657649), (1928, 'Diglossa baritula_Cinnamon-bellied Flowerpiercer', 0.007544545), (1938, 'Diglossa plumbea_Slaty Flowerpiercer', 0.007314866)]",
2026-02-05,12:26:47,"Chunk 0 from recording_20260205_122639.wav: [(532, 'Asemospiza obscura_Dull-colored Grassquit', 0.47849047), (531, 'Asemospiza fuliginosa_Sooty Grassquit', 0.038597234), (6465, 'Zeledonia coronata_Wrenthrush', 0.03724807), (3632, 'Molothrus ater_Brown-headed Cowbird', 0.023420315), (1031, 'Catharus gracilirostris_Black-billed Nightingale-Thrush', 0.022760257)]",
2026-02-05,12:27:00,"Chunk 0 from recording_20260205_122652.wav: [(6465, 'Zeledonia coronata_Wrenthrush', 0.6608406), (6185, 'Troglodytes solstitialis_Mountain Wren', 0.11289089), (1211, 'Chlorestes cyanus_White-chinned Sapphire', 0.07728927), (3243, 'Lithobates sylvaticus_Wood Frog', 0.06762859), (532, 'Asemospiza obscura_Dull-colored Grassquit', 0.057205588)]",
2026-02-05,12:27:06,"Chunk 0 from recording_20260205_122658.wav: [(6185, 'Troglodytes solstitialis_Mountain Wren', 0.24788046), (4585, 'Phylloscopus trivirgatus_Mountain Leaf Warbler', 0.031464618), (3326, 'Machetornis rixosa_Cattle Tyrant', 0.019339627), (6465, 'Zeledonia coronata_Wrenthrush', 0.011702983), (3632, 'Molothrus ater_Brown-headed Cowbird', 0.010813765)]",
2026-02-05,12:27:29,"Chunk 0 from recording_20260205_122722.wav: [(3243, 'Lithobates sylvaticus_Wood Frog', 0.4854757), (532, 'Asemospiza obscura_Dull-colored Grassquit', 0.0933283), (3632, 'Molothrus ater_Brown-headed Cowbird', 0.08078724), (6465, 'Zeledonia coronata_Wrenthrush', 0.056336533), (531, 'Asemospiza fuliginosa_Sooty Grassquit', 0.04928194)]",
2026-02-05,12:28:01,"Chunk 0 from recording_20260205_122752.wav: [(3243, 'Lithobates sylvaticus_Wood Frog', 0.3712812), (532, 'Asemospiza obscura_Dull-colored Grassquit', 0.23013382), (531, 'Asemospiza fuliginosa_Sooty Grassquit', 0.14481577), (5162, 'Pygoscelis papua_Gentoo Penguin', 0.05820239), (6257, 'Turdus nigriceps_Andean Slaty Thrush', 0.04406622)]",
2026-02-05,12:28:07,"Chunk 0 from recording_20260205_122758.wav: [(532, 'Asemospiza obscura_Dull-colored Grassquit', 0.5924093), (6298, 'Tympanuchus phasianellus_Sharp-tailed Grouse', 0.05169327), (5882, 'Tadorna ferruginea_Ruddy Shelduck', 0.034117118), (531, 'Asemospiza fuliginosa_Sooty Grassquit', 0.03141451), (1031, 'Catharus gracilirostris_Black-billed Nightingale-Thrush', 0.023734475)]",
2026-02-05,12:28:10,"Chunk 0 from recording_20260205_122804.wav: [(3632, 'Molothrus ater_Brown-headed Cowbird', 0.3098758), (4335, 'Periparus venustulus_Yellow-bellied Tit', 0.2949298), (6465, 'Zeledonia coronata_Wrenthrush', 0.18843201), (656, 'Basileuterus melanogenys_Black-cheeked Warbler', 0.07754536), (3603, 'Mionectes striaticollis_Streak-necked Flycatcher', 0.053101692)]",
2026-02-05,12:28:17,"Chunk 0 from recording_20260205_122810.wav: [(6185, 'Troglodytes solstitialis_Mountain Wren', 0.2749905), (6465, 'Zeledonia coronata_Wrenthrush', 0.13712394), (6257, 'Turdus nigriceps_Andean Slaty Thrush', 0.051939346), (1086, 'Cercibis oxycerca_Sharp-tailed Ibis', 0.05169014), (3243, 'Lithobates sylvaticus_Wood Frog', 0.039281905)]",
2026-02-05,12:28:23,"Chunk 0 from recording_20260205_122816.wav: [(6465, 'Zeledonia coronata_Wrenthrush', 0.2885838), (3243, 'Lithobates sylvaticus_Wood Frog', 0.20677531), (6185, 'Troglodytes solstitialis_Mountain Wren', 0.14487635), (6073, 'Tockus rufirostris_Southern Red-billed Hornbill', 0.08688612), (5162, 'Pygoscelis papua_Gentoo Penguin', 0.05789015)]",
2026-02-05,12:28:29,"Chunk 0 from recording_20260205_122822.wav: [(3632, 'Molothrus ater_Brown-headed Cowbird', 0.20606615), (4335, 'Periparus venustulus_Yellow-bellied Tit', 0.14717211), (3491, 'Meleagris gallopavo_Wild Turkey', 0.036036074), (531, 'Asemospiza fuliginosa_Sooty Grassquit', 0.032311745), (1060, ""Centronyx henslowii_Henslow's Sparrow"", 0.014060679)]",
2026-02-05,12:28:36,"Chunk 0 from recording_20260205_122828.wav: [(6257, 'Turdus nigriceps_Andean Slaty Thrush', 0.41488126), (6247, 'Turdus leucops_Pale-eyed Thrush', 0.10187866), (1086, 'Cercibis oxycerca_Sharp-tailed Ibis', 0.035269205), (531, 'Asemospiza fuliginosa_Sooty Grassquit', 0.032849908), (2176, 'Erithacus rubecula_European Robin', 0.022886824)]",
2026-02-05,12:28:42,"Chunk 0 from recording_20260205_122834.wav: [(531, 'Asemospiza fuliginosa_Sooty Grassquit', 0.5995306), (5681, 'Sporophila schistacea_Slate-colored Seedeater', 0.093649246), (3491, 'Meleagris gallopavo_Wild Turkey', 0.08664801), (532, 'Asemospiza obscura_Dull-colored Grassquit', 0.0695662), (656, 'Basileuterus melanogenys_Black-cheeked Warbler', 0.045546252)]",
2026-02-05,12:28:49,"Chunk 0 from recording_20260205_122840.wav: [(531, 'Asemospiza fuliginosa_Sooty Grassquit', 0.31697506), (6465, 'Zeledonia coronata_Wrenthrush', 0.074849695), (532, 'Asemospiza obscura_Dull-colored Grassquit', 0.037639625), (3777, 'Myiothlypis conspicillata_White-lored Warbler', 0.024740567), (4585, 'Phylloscopus trivirgatus_Mountain Leaf Warbler', 0.016227799)]",
2026-02-05,12:28:55,"Chunk 0 from recording_20260205_122846.wav: [(656, 'Basileuterus melanogenys_Black-cheeked Warbler', 0.24139845), (531, 'Asemospiza fuliginosa_Sooty Grassquit', 0.14063248), (532, 'Asemospiza obscura_Dull-colored Grassquit', 0.11321958), (2819, 'Human vocal_Human vocal', 0.059716936), (1506, 'Conirostrum bicolor_Bicolored Conebill', 0.031355605)]",
2026-02-05,12:29:01,"Chunk 0 from recording_20260205_122852.wav: [(6465, 'Zeledonia coronata_Wrenthrush', 0.25516012), (6034, 'Threnetes leucurus_Pale-tailed Barbthroat', 0.074217156), (1086, 'Cercibis oxycerca_Sharp-tailed Ibis', 0.044109005), (2899, 'Ibycter americanus_Red-throated Caracara', 0.026474277), (3491, 'Meleagris gallopavo_Wild Turkey', 0.022842972)]",
2026-02-05,12:29:11,"Chunk 0 from recording_20260205_122904.wav: [(532, 'Asemospiza obscura_Dull-colored Grassquit', 0.7830935), (531, 'Asemospiza fuliginosa_Sooty Grassquit', 0.48661533), (656, 'Basileuterus melanogenys_Black-cheeked Warbler', 0.1343505), (1938, 'Diglossa plumbea_Slaty Flowerpiercer', 0.040652458), (1931, 'Diglossa cyanea_Masked Flowerpiercer', 0.036287207)]",
2026-02-05,12:29:18,"Chunk 0 from recording_20260205_122910.wav: [(531, 'Asemospiza fuliginosa_Sooty Grassquit', 0.38236165), (532, 'Asemospiza obscura_Dull-colored Grassquit', 0.11860402), (1031, 'Catharus gracilirostris_Black-billed Nightingale-Thrush', 0.11546871), (5882, 'Tadorna ferruginea_Ruddy Shelduck', 0.092278145), (6257, 'Turdus nigriceps_Andean Slaty Thrush', 0.066200435)]",
2026-02-05,12:29:30,"Chunk 0 from recording_20260205_122922.wav: [(3632, 'Molothrus ater_Brown-headed Cowbird', 0.32430148), (6465, 'Zeledonia coronata_Wrenthrush', 0.03421268), (531, 'Asemospiza fuliginosa_Sooty Grassquit', 0.020951405), (5681, 'Sporophila schistacea_Slate-colored Seedeater', 0.017685737), (656, 'Basileuterus melanogenys_Black-cheeked Warbler', 0.0072363154)]",
2026-02-05,12:29:43,"Chunk 0 from recording_20260205_122934.wav: [(6465, 'Zeledonia coronata_Wrenthrush', 0.34237048), (656, 'Basileuterus melanogenys_Black-cheeked Warbler', 0.026695259), (5255, 'Regulus regulus_Goldcrest', 0.024600098), (6185, 'Troglodytes solstitialis_Mountain Wren', 0.024510184), (17, 'Acanthiza reguloides_Buff-rumped Thornbill', 0.018164141)]",
2026-02-05,12:29:49,"Chunk 0 from recording_20260205_122940.wav: [(532, 'Asemospiza obscura_Dull-colored Grassquit', 0.33377266), (531, 'Asemospiza fuliginosa_Sooty Grassquit', 0.22029565), (656, 'Basileuterus melanogenys_Black-cheeked Warbler', 0.12267261), (1931, 'Diglossa cyanea_Masked Flowerpiercer', 0.047645725), (5649, 'Sporathraupis cyanocephala_Blue-capped Tanager', 0.033482812)]",
2026-02-05,12:29:53,"Chunk 0 from recording_20260205_122946.wav: [(531, 'Asemospiza fuliginosa_Sooty Grassquit', 0.6242827), (2819, 'Human vocal_Human vocal', 0.09900606), (6257, 'Turdus nigriceps_Andean Slaty Thrush', 0.06868905), (532, 'Asemospiza obscura_Dull-colored Grassquit', 0.054263968), (2818, 'Human non-vocal_Human non-vocal', 0.046039242)]",
2026-02-05,12:29:59,"Chunk 0 from recording_20260205_122952.wav: [(6465, 'Zeledonia coronata_Wrenthrush', 0.27064073), (532, 'Asemospiza obscura_Dull-colored Grassquit', 0.20203085), (6185, 'Troglodytes solstitialis_Mountain Wren', 0.12398402), (656, 'Basileuterus melanogenys_Black-cheeked Warbler', 0.056595404), (531, 'Asemospiza fuliginosa_Sooty Grassquit', 0.046004772)]",
2026-02-05,12:30:38,"Chunk 0 from recording_20260205_123029.wav: [(531, 'Asemospiza fuliginosa_Sooty Grassquit', 0.5135012), (6257, 'Turdus nigriceps_Andean Slaty Thrush', 0.06534148), (6247, 'Turdus leucops_Pale-eyed Thrush', 0.05814855), (500, 'Arremon aurantiirostris_Orange-billed Sparrow', 0.050665557), (5522, 'Setophaga fusca_Blackburnian Warbler', 0.048880905)]",
2026-02-05,12:30:44,"Chunk 0 from recording_20260205_123035.wav: [(531, 'Asemospiza fuliginosa_Sooty Grassquit', 0.32211003), (657, 'Basileuterus melanotis_Costa Rican Warbler', 0.05994558), (532, 'Asemospiza obscura_Dull-colored Grassquit', 0.031214805), (4862, 'Power tools_Power tools', 0.023069832), (3632, 'Molothrus ater_Brown-headed Cowbird', 0.014768871)]",
2026-02-05,12:30:47,"Chunk 0 from recording_20260205_123041.wav: [(531, 'Asemospiza fuliginosa_Sooty Grassquit', 0.37631893), (532, 'Asemospiza obscura_Dull-colored Grassquit', 0.09981137), (6465, 'Zeledonia coronata_Wrenthrush', 0.043665726), (1031, 'Catharus gracilirostris_Black-billed Nightingale-Thrush', 0.039691024), (3632, 'Molothrus ater_Brown-headed Cowbird', 0.021307468)]",
2026-02-05,12:31:00,"Chunk 0 from recording_20260205_123053.wav: [(532, 'Asemospiza obscura_Dull-colored Grassquit', 0.23398302), (1938, 'Diglossa plumbea_Slaty Flowerpiercer', 0.10855856), (5649, 'Sporathraupis cyanocephala_Blue-capped Tanager', 0.02173662), (1928, 'Diglossa baritula_Cinnamon-bellied Flowerpiercer', 0.015388163), (4395, 'Phaethornis longuemareus_Little Hermit', 0.014178004)]",
2026-02-05,12:31:48,"Chunk 0 from recording_20260205_123141.wav: [(532, 'Asemospiza obscura_Dull-colored Grassquit', 0.2761748), (6185, 'Troglodytes solstitialis_Mountain Wren', 0.1407462), (5649, 'Sporathraupis cyanocephala_Blue-capped Tanager', 0.060521338), (4862, 'Power tools_Power tools', 0.054459773), (3488, 'Melanospiza bicolor_Black-faced Grassquit', 0.041440647)]",
2026-02-05,12:32:01,"Chunk 0 from recording_20260205_123153.wav: [(6185, 'Troglodytes solstitialis_Mountain Wren', 0.42663795), (531, 'Asemospiza fuliginosa_Sooty Grassquit', 0.16947363), (5522, 'Setophaga fusca_Blackburnian Warbler', 0.07134748), (1345, 'Cinnyris chalybeus_Southern Double-collared Sunbird', 0.017413106), (6257, 'Turdus nigriceps_Andean Slaty Thrush', 0.012090427)]",
2026-02-05,12:32:14,"Chunk 0 from recording_20260205_123205.wav: [(6185, 'Troglodytes solstitialis_Mountain Wren', 0.27232412), (5882, 'Tadorna ferruginea_Ruddy Shelduck', 0.046658333), (6465, 'Zeledonia coronata_Wrenthrush', 0.04046361), (6298, 'Tympanuchus phasianellus_Sharp-tailed Grouse', 0.0239004), (3326, 'Machetornis rixosa_Cattle Tyrant', 0.01318537)]",
2026-02-05,12:32:20,"Chunk 0 from recording_20260205_123211.wav: [(6185, 'Troglodytes solstitialis_Mountain Wren', 0.621082), (5162, 'Pygoscelis papua_Gentoo Penguin', 0.23878825), (3491, 'Meleagris gallopavo_Wild Turkey', 0.09254389), (4396, 'Phaethornis malaris_Great-billed Hermit', 0.0801193), (573, 'Atlapetes albinucha_White-naped Brushfinch', 0.021962876)]",
2026-02-05,12:32:30,"Chunk 0 from recording_20260205_123223.wav: [(3632, 'Molothrus ater_Brown-headed Cowbird', 0.3843981), (6465, 'Zeledonia coronata_Wrenthrush', 0.018726578), (1450, 'Coeligena iris_Rainbow Starfrontlet', 0.015226254), (6185, 'Troglodytes solstitialis_Mountain Wren', 0.0074730436), (4396, 'Phaethornis malaris_Great-billed Hermit', 0.006018913)]",
2026-02-05,12:32:49,"Chunk 0 from recording_20260205_123241.wav: [(532, 'Asemospiza obscura_Dull-colored Grassquit', 0.4306181), (531, 'Asemospiza fuliginosa_Sooty Grassquit', 0.26835167), (4395, 'Phaethornis longuemareus_Little Hermit', 0.05867925), (4593, 'Phylloscopus xanthoschistos_Gray-hooded Warbler', 0.05294109), (6257, 'Turdus nigriceps_Andean Slaty Thrush', 0.013119499)]",
2026-02-05,12:32:55,"Chunk 0 from recording_20260205_123247.wav: [(6465, 'Zeledonia coronata_Wrenthrush', 0.21697038), (6185, 'Troglodytes solstitialis_Mountain Wren', 0.12072652), (2946, 'Incaspiza ortizi_Gray-winged Inca-Finch', 0.10452115), (3632, 'Molothrus ater_Brown-headed Cowbird', 0.06493518), (573, 'Atlapetes albinucha_White-naped Brushfinch', 0.024288524)]",
2026-02-05,12:33:02,"Chunk 0 from recording_20260205_123253.wav: [(532, 'Asemospiza obscura_Dull-colored Grassquit', 0.6544186), (1345, 'Cinnyris chalybeus_Southern Double-collared Sunbird', 0.57400894), (6034, 'Threnetes leucurus_Pale-tailed Barbthroat', 0.1065947), (6185, 'Troglodytes solstitialis_Mountain Wren', 0.08020972), (4593, 'Phylloscopus xanthoschistos_Gray-hooded Warbler', 0.042404756)]",
2026-02-05,12:33:15,"Chunk 0 from recording_20260205_123305.wav: [(532, 'Asemospiza obscura_Dull-colored Grassquit', 0.599621), (531, 'Asemospiza fuliginosa_Sooty Grassquit', 0.56295776), (6185, 'Troglodytes solstitialis_Mountain Wren', 0.08850078), (1345, 'Cinnyris chalybeus_Southern Double-collared Sunbird', 0.085325055), (6465, 'Zeledonia coronata_Wrenthrush', 0.031430405)]",
2026-02-05,12:33:18,"Chunk 0 from recording_20260205_123311.wav: [(532, 'Asemospiza obscura_Dull-colored Grassquit', 0.85872453), (6465, 'Zeledonia coronata_Wrenthrush', 0.15050472), (531, 'Asemospiza fuliginosa_Sooty Grassquit', 0.07627643), (1606, 'Coryphaspiza melanotis_Black-masked Finch', 0.02926017), (231, 'Ammodramus savannarum_Grasshopper Sparrow', 0.021229872)]",
2026-02-05,12:33:24,"Chunk 0 from recording_20260205_123317.wav: [(3632, 'Molothrus ater_Brown-headed Cowbird', 0.64070714), (6465, 'Zeledonia coronata_Wrenthrush', 0.052379627), (531, 'Asemospiza fuliginosa_Sooty Grassquit', 0.029878387), (2946, 'Incaspiza ortizi_Gray-winged Inca-Finch', 0.020193525), (512, 'Arremon torquatus_White-browed Brushfinch', 0.015985264)]",
2026-02-05,12:33:31,"Chunk 0 from recording_20260205_123323.wav: [(532, 'Asemospiza obscura_Dull-colored Grassquit', 0.55897456), (1060, ""Centronyx henslowii_Henslow's Sparrow"", 0.075343676), (6185, 'Troglodytes solstitialis_Mountain Wren', 0.06615968), (6465, 'Zeledonia coronata_Wrenthrush', 0.06328815), (231, 'Ammodramus savannarum_Grasshopper Sparrow', 0.059631098)]",
2026-02-05,12:33:37,"Chunk 0 from recording_20260205_123329.wav: [(531, 'Asemospiza fuliginosa_Sooty Grassquit', 0.39908278), (6257, 'Turdus nigriceps_Andean Slaty Thrush', 0.06100291), (532, 'Asemospiza obscura_Dull-colored Grassquit', 0.045770306), (6465, 'Zeledonia coronata_Wrenthrush', 0.042416185), (1904, 'Dicaeum ignipectus_Fire-breasted Flowerpecker', 0.027918408)]",
2026-02-05,12:33:44,"Chunk 0 from recording_20260205_123335.wav: [(532, 'Asemospiza obscura_Dull-colored Grassquit', 0.70861435), (6465, 'Zeledonia coronata_Wrenthrush', 0.07693726), (4395, 'Phaethornis longuemareus_Little Hermit', 0.052469436), (531, 'Asemospiza fuliginosa_Sooty Grassquit', 0.038919393), (4396, 'Phaethornis malaris_Great-billed Hermit', 0.02152554)]",
2026-02-05,12:34:03,"Chunk 0 from recording_20260205_123354.wav: [(532, 'Asemospiza obscura_Dull-colored Grassquit', 0.5709983), (531, 'Asemospiza fuliginosa_Sooty Grassquit', 0.108123116), (6465, 'Zeledonia coronata_Wrenthrush', 0.032334812), (2677, 'Haplospiza unicolor_Uniform Finch', 0.022639854), (3632, 'Molothrus ater_Brown-headed Cowbird', 0.015144768)]",
2026-02-05,12:34:32,"Chunk 0 from recording_20260205_123424.wav: [(531, 'Asemospiza fuliginosa_Sooty Grassquit', 0.3086363), (532, 'Asemospiza obscura_Dull-colored Grassquit', 0.11635434), (2677, 'Haplospiza unicolor_Uniform Finch', 0.037574098), (6257, 'Turdus nigriceps_Andean Slaty Thrush', 0.03340505), (6465, 'Zeledonia coronata_Wrenthrush', 0.02007585)]",
2026-02-05,12:34:44,"Chunk 0 from recording_20260205_123436.wav: [(532, 'Asemospiza obscura_Dull-colored Grassquit', 0.60178566), (531, 'Asemospiza fuliginosa_Sooty Grassquit', 0.28793818), (1345, 'Cinnyris chalybeus_Southern Double-collared Sunbird', 0.15640137), (6185, 'Troglodytes solstitialis_Mountain Wren', 0.12072091), (5255, 'Regulus regulus_Goldcrest', 0.03782376)]",
2026-02-05,12:34:57,"Chunk 0 from recording_20260205_123448.wav: [(532, 'Asemospiza obscura_Dull-colored Grassquit', 0.30131996), (6465, 'Zeledonia coronata_Wrenthrush', 0.1470348), (4395, 'Phaethornis longuemareus_Little Hermit', 0.05512847), (2311, 'Ficedula hyperythra_Snowy-browed Flycatcher', 0.03231426), (4862, 'Power tools_Power tools', 0.02152487)]",
2026-02-05,12:35:13,"Chunk 0 from recording_20260205_123506.wav: [(531, 'Asemospiza fuliginosa_Sooty Grassquit', 0.27165997), (532, 'Asemospiza obscura_Dull-colored Grassquit', 0.122431144), (3488, 'Melanospiza bicolor_Black-faced Grassquit', 0.020412557), (6465, 'Zeledonia coronata_Wrenthrush', 0.01255259), (6257, 'Turdus nigriceps_Andean Slaty Thrush', 0.011778242)]",
2026-02-05,12:35:20,"Chunk 0 from recording_20260205_123512.wav: [(532, 'Asemospiza obscura_Dull-colored Grassquit', 0.26607373), (531, 'Asemospiza fuliginosa_Sooty Grassquit', 0.018688494), (6034, 'Threnetes leucurus_Pale-tailed Barbthroat', 0.010720108), (6257, 'Turdus nigriceps_Andean Slaty Thrush', 0.008971983), (3632, 'Molothrus ater_Brown-headed Cowbird', 0.0065086866)]",
2026-02-05,12:35:26,"Chunk 0 from recording_20260205_123518.wav: [(6465, 'Zeledonia coronata_Wrenthrush', 0.45057926), (3632, 'Molothrus ater_Brown-headed Cowbird', 0.13219255), (531, 'Asemospiza fuliginosa_Sooty Grassquit', 0.06174578), (4335, 'Periparus venustulus_Yellow-bellied Tit', 0.034481682), (3626, 'Mniotilta varia_Black-and-white Warbler', 0.01863551)]",
2026-02-05,12:35:33,"Chunk 0 from recording_20260205_123524.wav: [(532, 'Asemospiza obscura_Dull-colored Grassquit', 0.21649894), (531, 'Asemospiza fuliginosa_Sooty Grassquit', 0.2090401), (6185, 'Troglodytes solstitialis_Mountain Wren', 0.02394689), (3326, 'Machetornis rixosa_Cattle Tyrant', 0.017420482), (1345, 'Cinnyris chalybeus_Southern Double-collared Sunbird', 0.010964416)]",
2026-02-05,12:35:39,"Chunk 0 from recording_20260205_123530.wav: [(532, 'Asemospiza obscura_Dull-colored Grassquit', 0.77850986), (531, 'Asemospiza fuliginosa_Sooty Grassquit', 0.24177901), (6465, 'Zeledonia coronata_Wrenthrush', 0.051760115), (6257, 'Turdus nigriceps_Andean Slaty Thrush', 0.049807582), (5504, 'Serinus serinus_European Serin', 0.030658467)]",
2026-02-05,12:35:49,"Chunk 0 from recording_20260205_123542.wav: [(531, 'Asemospiza fuliginosa_Sooty Grassquit', 0.26848355), (532, 'Asemospiza obscura_Dull-colored Grassquit', 0.15653804), (2677, 'Haplospiza unicolor_Uniform Finch', 0.1131418), (6257, 'Turdus nigriceps_Andean Slaty Thrush', 0.05562211), (6465, 'Zeledonia coronata_Wrenthrush', 0.05063998)]",
2026-02-05,12:36:21,"Chunk 0 from recording_20260205_123612.wav: [(6185, 'Troglodytes solstitialis_Mountain Wren', 0.57840073), (532, 'Asemospiza obscura_Dull-colored Grassquit', 0.016229238), (1345, 'Cinnyris chalybeus_Southern Double-collared Sunbird', 0.014350332), (3626, 'Mniotilta varia_Black-and-white Warbler', 0.005801888), (6182, 'Troglodytes ochraceus_Ochraceous Wren', 0.0053290804)]",
2026-02-05,12:36:33,"Chunk 0 from recording_20260205_123624.wav: [(532, 'Asemospiza obscura_Dull-colored Grassquit', 0.37999758), (531, 'Asemospiza fuliginosa_Sooty Grassquit', 0.29808336), (4395, 'Phaethornis longuemareus_Little Hermit', 0.038329635), (6034, 'Threnetes leucurus_Pale-tailed Barbthroat', 0.024939291), (4862, 'Power tools_Power tools', 0.02236854)]",
2026-02-05,12:36:43,"Chunk 0 from recording_20260205_123636.wav: [(531, 'Asemospiza fuliginosa_Sooty Grassquit', 0.25891507), (532, 'Asemospiza obscura_Dull-colored Grassquit', 0.04308157), (6257, 'Turdus nigriceps_Andean Slaty Thrush', 0.021080999), (3632, 'Molothrus ater_Brown-headed Cowbird', 0.009673496), (6465, 'Zeledonia coronata_Wrenthrush', 0.0062552104)]",
2026-02-05,12:36:50,"Chunk 0 from recording_20260205_123642.wav: [(531, 'Asemospiza fuliginosa_Sooty Grassquit', 0.48016086), (4059, 'Orchelimum agile_Agile Meadow Katydid', 0.07847541), (5648, 'Spodiornis rusticus_Slaty Finch', 0.074741796), (231, 'Ammodramus savannarum_Grasshopper Sparrow', 0.05554221), (5522, 'Setophaga fusca_Blackburnian Warbler', 0.044395633)]",
2026-02-05,12:37:02,"Chunk 0 from recording_20260205_123654.wav: [(531, 'Asemospiza fuliginosa_Sooty Grassquit', 0.65017796), (532, 'Asemospiza obscura_Dull-colored Grassquit', 0.52331585), (2677, 'Haplospiza unicolor_Uniform Finch', 0.06607643), (6257, 'Turdus nigriceps_Andean Slaty Thrush', 0.065336995), (3326, 'Machetornis rixosa_Cattle Tyrant', 0.024360543)]",
2026-02-05,12:37:09,"Chunk 0 from recording_20260205_123700.wav: [(532, 'Asemospiza obscura_Dull-colored Grassquit', 0.4808429), (531, 'Asemospiza fuliginosa_Sooty Grassquit', 0.38693887), (3488, 'Melanospiza bicolor_Black-faced Grassquit', 0.06952017), (2311, 'Ficedula hyperythra_Snowy-browed Flycatcher', 0.02228005), (231, 'Ammodramus savannarum_Grasshopper Sparrow', 0.012585079)]",
2026-02-05,12:37:15,"Chunk 0 from recording_20260205_123707.wav: [(6465, 'Zeledonia coronata_Wrenthrush', 0.80639005), (532, 'Asemospiza obscura_Dull-colored Grassquit', 0.0994156), (4396, 'Phaethornis malaris_Great-billed Hermit', 0.036811695), (6257, 'Turdus nigriceps_Andean Slaty Thrush', 0.02796703), (4395, 'Phaethornis longuemareus_Little Hermit', 0.010190083)]",
2026-02-05,12:38:03,"Chunk 0 from recording_20260205_123755.wav: [(532, 'Asemospiza obscura_Dull-colored Grassquit', 0.6383229), (531, 'Asemospiza fuliginosa_Sooty Grassquit', 0.10372393), (1938, 'Diglossa plumbea_Slaty Flowerpiercer', 0.06393491), (4395, 'Phaethornis longuemareus_Little Hermit', 0.0374883), (5649, 'Sporathraupis cyanocephala_Blue-capped Tanager', 0.034220777)]",
2026-02-05,12:38:39,"Chunk 0 from recording_20260205_123831.wav: [(531, 'Asemospiza fuliginosa_Sooty Grassquit', 0.5243258), (532, 'Asemospiza obscura_Dull-colored Grassquit', 0.10684782), (5504, 'Serinus serinus_European Serin', 0.022984395), (4862, 'Power tools_Power tools', 0.022290159), (231, 'Ammodramus savannarum_Grasshopper Sparrow', 0.008144014)]",
2026-02-05,12:38:45,"Chunk 0 from recording_20260205_123837.wav: [(531, 'Asemospiza fuliginosa_Sooty Grassquit', 0.20533192), (532, 'Asemospiza obscura_Dull-colored Grassquit', 0.18620072), (6257, 'Turdus nigriceps_Andean Slaty Thrush', 0.04668303), (1031, 'Catharus gracilirostris_Black-billed Nightingale-Thrush', 0.037483055), (1938, 'Diglossa plumbea_Slaty Flowerpiercer', 0.026608258)]",
2026-02-05,12:39:04,"Chunk 0 from recording_20260205_123855.wav: [(532, 'Asemospiza obscura_Dull-colored Grassquit', 0.9630172), (6465, 'Zeledonia coronata_Wrenthrush', 0.09048602), (4395, 'Phaethornis longuemareus_Little Hermit', 0.08511186), (6185, 'Troglodytes solstitialis_Mountain Wren', 0.08144451), (531, 'Asemospiza fuliginosa_Sooty Grassquit', 0.042892434)]",
2026-02-05,12:39:08,"Chunk 0 from recording_20260205_123901.wav: [(6185, 'Troglodytes solstitialis_Mountain Wren', 0.86030614), (1345, 'Cinnyris chalybeus_Southern Double-collared Sunbird', 0.4254623), (532, 'Asemospiza obscura_Dull-colored Grassquit', 0.27874017), (1938, 'Diglossa plumbea_Slaty Flowerpiercer', 0.13552345), (1928, 'Diglossa baritula_Cinnamon-bellied Flowerpiercer', 0.0914896)]",
2026-02-05,12:39:56,"Chunk 0 from recording_20260205_123949.wav: [(532, 'Asemospiza obscura_Dull-colored Grassquit', 0.29488942), (6465, 'Zeledonia coronata_Wrenthrush', 0.10576428), (1060, ""Centronyx henslowii_Henslow's Sparrow"", 0.0377272), (531, 'Asemospiza fuliginosa_Sooty Grassquit', 0.025508028), (6034, 'Threnetes leucurus_Pale-tailed Barbthroat', 0.018464554)]",
2026-02-05,12:40:02,"Chunk 0 from recording_20260205_123955.wav: [(4335, 'Periparus venustulus_Yellow-bellied Tit', 0.42400423), (4400, 'Phaethornis rupurumii_Streak-throated Hermit', 0.038501523), (656, 'Basileuterus melanogenys_Black-cheeked Warbler', 0.033468664), (3626, 'Mniotilta varia_Black-and-white Warbler', 0.033056464), (2251, 'Euphonia xanthogaster_Orange-bellied Euphonia', 0.025412489)]",
2026-02-05,12:40:21,"Chunk 0 from recording_20260205_124013.wav: [(532, 'Asemospiza obscura_Dull-colored Grassquit', 0.35316908), (531, 'Asemospiza fuliginosa_Sooty Grassquit', 0.1737798), (5504, 'Serinus serinus_European Serin', 0.022621483), (1060, ""Centronyx henslowii_Henslow's Sparrow"", 0.014135114), (231, 'Ammodramus savannarum_Grasshopper Sparrow', 0.013520156)]",
2026-02-05,12:40:34,"Chunk 0 from recording_20260205_124026.wav: [(6185, 'Troglodytes solstitialis_Mountain Wren', 0.24509512), (1938, 'Diglossa plumbea_Slaty Flowerpiercer', 0.18953209), (1031, 'Catharus gracilirostris_Black-billed Nightingale-Thrush', 0.047748227), (4291, 'Pellorneum capistratum_Black-capped Babbler', 0.04274139), (6247, 'Turdus leucops_Pale-eyed Thrush', 0.034579676)]",
2026-02-05,12:40:41,"Chunk 0 from recording_20260205_124032.wav: [(532, 'Asemospiza obscura_Dull-colored Grassquit', 0.26347768), (531, 'Asemospiza fuliginosa_Sooty Grassquit', 0.06668784), (5649, 'Sporathraupis cyanocephala_Blue-capped Tanager', 0.05772648), (3632, 'Molothrus ater_Brown-headed Cowbird', 0.05407491), (1938, 'Diglossa plumbea_Slaty Flowerpiercer', 0.032656908)]",
2026-02-05,12:41:09,"Chunk 0 from recording_20260205_124102.wav: [(532, 'Asemospiza obscura_Dull-colored Grassquit', 0.23060608), (531, 'Asemospiza fuliginosa_Sooty Grassquit', 0.1409154), (6465, 'Zeledonia coronata_Wrenthrush', 0.050189193), (1904, 'Dicaeum ignipectus_Fire-breasted Flowerpecker', 0.02063261), (223, 'Amblycorypha longinicta_Common Virtuoso Katydid', 0.015969714)]",
2026-02-05,12:41:38,"Chunk 0 from recording_20260205_124132.wav: [(532, 'Asemospiza obscura_Dull-colored Grassquit', 0.33545038), (6465, 'Zeledonia coronata_Wrenthrush', 0.1267888), (4395, 'Phaethornis longuemareus_Little Hermit', 0.053975195), (5649, 'Sporathraupis cyanocephala_Blue-capped Tanager', 0.03562614), (1938, 'Diglossa plumbea_Slaty Flowerpiercer', 0.0142025305)]",
2026-02-05,12:41:45,"Chunk 0 from recording_20260205_124138.wav: [(531, 'Asemospiza fuliginosa_Sooty Grassquit', 0.4640116), (532, 'Asemospiza obscura_Dull-colored Grassquit', 0.115179025), (6257, 'Turdus nigriceps_Andean Slaty Thrush', 0.082681134), (6247, 'Turdus leucops_Pale-eyed Thrush', 0.048268653), (6465, 'Zeledonia coronata_Wrenthrush', 0.031652834)]",
2026-02-05,12:41:57,"Chunk 0 from recording_20260205_124150.wav: [(532, 'Asemospiza obscura_Dull-colored Grassquit', 0.4152745), (6465, 'Zeledonia coronata_Wrenthrush', 0.27589792), (531, 'Asemospiza fuliginosa_Sooty Grassquit', 0.17726335), (3632, 'Molothrus ater_Brown-headed Cowbird', 0.02202569), (1606, 'Coryphaspiza melanotis_Black-masked Finch', 0.01720756)]",
2026-02-05,12:42:23,"Chunk 0 from recording_20260205_124214.wav: [(531, 'Asemospiza fuliginosa_Sooty Grassquit', 0.39421865), (3632, 'Molothrus ater_Brown-headed Cowbird', 0.1586158), (6465, 'Zeledonia coronata_Wrenthrush', 0.07168618), (2677, 'Haplospiza unicolor_Uniform Finch', 0.028649937), (1060, ""Centronyx henslowii_Henslow's Sparrow"", 0.026204793)]",
2026-02-05,12:42:29,"Chunk 0 from recording_20260205_124220.wav: [(531, 'Asemospiza fuliginosa_Sooty Grassquit', 0.22546671), (657, 'Basileuterus melanotis_Costa Rican Warbler', 0.12663159), (6257, 'Turdus nigriceps_Andean Slaty Thrush', 0.06095927), (3326, 'Machetornis rixosa_Cattle Tyrant', 0.05941086), (231, 'Ammodramus savannarum_Grasshopper Sparrow', 0.04433275)]",
2026-02-05,12:42:39,"Chunk 0 from recording_20260205_124232.wav: [(531, 'Asemospiza fuliginosa_Sooty Grassquit', 0.43541148), (532, 'Asemospiza obscura_Dull-colored Grassquit', 0.15708242), (5648, 'Spodiornis rusticus_Slaty Finch', 0.024245378), (1931, 'Diglossa cyanea_Masked Flowerpiercer', 0.022254482), (657, 'Basileuterus melanotis_Costa Rican Warbler', 0.016897699)]",
2026-02-05,12:42:58,"Chunk 0 from recording_20260205_124250.wav: [(531, 'Asemospiza fuliginosa_Sooty Grassquit', 0.6870815), (1904, 'Dicaeum ignipectus_Fire-breasted Flowerpecker', 0.022895275), (4862, 'Power tools_Power tools', 0.019467723), (4059, 'Orchelimum agile_Agile Meadow Katydid', 0.01551143), (657, 'Basileuterus melanotis_Costa Rican Warbler', 0.010960471)]",
2026-02-05,12:43:05,"Chunk 0 from recording_20260205_124256.wav: [(656, 'Basileuterus melanogenys_Black-cheeked Warbler', 0.3183018), (573, 'Atlapetes albinucha_White-naped Brushfinch', 0.20697325), (6465, 'Zeledonia coronata_Wrenthrush', 0.16162205), (532, 'Asemospiza obscura_Dull-colored Grassquit', 0.054196496), (5649, 'Sporathraupis cyanocephala_Blue-capped Tanager', 0.03690614)]",
2026-02-05,12:43:21,"Chunk 0 from recording_20260205_124314.wav: [(6465, 'Zeledonia coronata_Wrenthrush', 0.2985833), (3632, 'Molothrus ater_Brown-headed Cowbird', 0.19987501), (231, 'Ammodramus savannarum_Grasshopper Sparrow', 0.06356523), (2677, 'Haplospiza unicolor_Uniform Finch', 0.0342278), (4059, 'Orchelimum agile_Agile Meadow Katydid', 0.030823974)]",
2026-02-05,12:43:27,"Chunk 0 from recording_20260205_124320.wav: [(531, 'Asemospiza fuliginosa_Sooty Grassquit', 0.26047882), (532, 'Asemospiza obscura_Dull-colored Grassquit', 0.18257712), (2124, 'Embernagra platensis_Great Pampa-Finch', 0.13029751), (656, 'Basileuterus melanogenys_Black-cheeked Warbler', 0.07125278), (6406, 'Volatinia jacarina_Blue-black Grassquit', 0.0542443)]",
2026-02-05,12:43:34,"Chunk 0 from recording_20260205_124326.wav: [(531, 'Asemospiza fuliginosa_Sooty Grassquit', 0.49502656), (532, 'Asemospiza obscura_Dull-colored Grassquit', 0.19418277), (6465, 'Zeledonia coronata_Wrenthrush', 0.044445664), (231, 'Ammodramus savannarum_Grasshopper Sparrow', 0.024847673), (223, 'Amblycorypha longinicta_Common Virtuoso Katydid', 0.015744852)]",
2026-02-05,12:44:06,"Chunk 0 from recording_20260205_124357.wav: [(6465, 'Zeledonia coronata_Wrenthrush', 0.45520443), (3632, 'Molothrus ater_Brown-headed Cowbird', 0.18274431), (1060, ""Centronyx henslowii_Henslow's Sparrow"", 0.0696143), (573, 'Atlapetes albinucha_White-naped Brushfinch', 0.023351124), (5907, 'Tangara nigroviridis_Beryl-spangled Tanager', 0.021076428)]",
2026-02-05,12:44:28,"Chunk 0 from recording_20260205_124421.wav: [(6257, 'Turdus nigriceps_Andean Slaty Thrush', 0.2371398), (6247, 'Turdus leucops_Pale-eyed Thrush', 0.11372492), (4059, 'Orchelimum agile_Agile Meadow Katydid', 0.096637025), (656, 'Basileuterus melanogenys_Black-cheeked Warbler', 0.08720147), (531, 'Asemospiza fuliginosa_Sooty Grassquit', 0.07716488)]",
2026-02-05,12:44:35,"Chunk 0 from recording_20260205_124427.wav: [(531, 'Asemospiza fuliginosa_Sooty Grassquit', 0.23848997), (532, 'Asemospiza obscura_Dull-colored Grassquit', 0.08013594), (231, 'Ammodramus savannarum_Grasshopper Sparrow', 0.066332206), (5522, 'Setophaga fusca_Blackburnian Warbler', 0.061216637), (1938, 'Diglossa plumbea_Slaty Flowerpiercer', 0.03920633)]",
2026-02-05,12:44:41,"Chunk 0 from recording_20260205_124433.wav: [(531, 'Asemospiza fuliginosa_Sooty Grassquit', 0.5074247), (2677, 'Haplospiza unicolor_Uniform Finch', 0.2414997), (532, 'Asemospiza obscura_Dull-colored Grassquit', 0.17773277), (1031, 'Catharus gracilirostris_Black-billed Nightingale-Thrush', 0.033734735), (6465, 'Zeledonia coronata_Wrenthrush', 0.028592726)]",
2026-02-05,12:44:54,"Chunk 0 from recording_20260205_124445.wav: [(1938, 'Diglossa plumbea_Slaty Flowerpiercer', 0.35211515), (6185, 'Troglodytes solstitialis_Mountain Wren', 0.12843539), (3626, 'Mniotilta varia_Black-and-white Warbler', 0.04790715), (532, 'Asemospiza obscura_Dull-colored Grassquit', 0.04634444), (5649, 'Sporathraupis cyanocephala_Blue-capped Tanager', 0.04609884)]",
2026-02-05,12:45:00,"Chunk 0 from recording_20260205_124451.wav: [(531, 'Asemospiza fuliginosa_Sooty Grassquit', 0.46157497), (532, 'Asemospiza obscura_Dull-colored Grassquit', 0.02474136), (5522, 'Setophaga fusca_Blackburnian Warbler', 0.01604632), (656, 'Basileuterus melanogenys_Black-cheeked Warbler', 0.009659514), (6185, 'Troglodytes solstitialis_Mountain Wren', 0.009115877)]",
2026-02-05,12:45:03,"Chunk 0 from recording_20260205_124457.wav: [(6465, 'Zeledonia coronata_Wrenthrush', 0.5008773), (1606, 'Coryphaspiza melanotis_Black-masked Finch', 0.36940998), (532, 'Asemospiza obscura_Dull-colored Grassquit', 0.18344095), (3326, 'Machetornis rixosa_Cattle Tyrant', 0.057227936), (4825, 'Polyerata decora_Charming Hummingbird', 0.029218076)]",
2026-02-05,12:45:10,"Chunk 0 from recording_20260205_124503.wav: [(6465, 'Zeledonia coronata_Wrenthrush', 0.34274974), (656, 'Basileuterus melanogenys_Black-cheeked Warbler', 0.19455479), (1031, 'Catharus gracilirostris_Black-billed Nightingale-Thrush', 0.18982142), (531, 'Asemospiza fuliginosa_Sooty Grassquit', 0.17914551), (532, 'Asemospiza obscura_Dull-colored Grassquit', 0.073272504)]",
2026-02-05,12:45:16,"Chunk 0 from recording_20260205_124509.wav: [(656, 'Basileuterus melanogenys_Black-cheeked Warbler', 0.31177798), (3506, 'Mellisuga helenae_Bee Hummingbird', 0.12432017), (6257, 'Turdus nigriceps_Andean Slaty Thrush', 0.06103762), (4335, 'Periparus venustulus_Yellow-bellied Tit', 0.060810957), (531, 'Asemospiza fuliginosa_Sooty Grassquit', 0.055551205)]",
2026-02-05,12:45:23,"Chunk 0 from recording_20260205_124515.wav: [(6465, 'Zeledonia coronata_Wrenthrush', 0.8342847), (656, 'Basileuterus melanogenys_Black-cheeked Warbler', 0.122052304), (504, 'Arremon costaricensis_Costa Rican Brushfinch', 0.0696832), (1254, 'Chlorospingus pileatus_Sooty-capped Chlorospingus', 0.06480247), (3506, 'Mellisuga helenae_Bee Hummingbird', 0.059561774)]",
2026-02-05,12:45:29,"Chunk 0 from recording_20260205_124521.wav: [(532, 'Asemospiza obscura_Dull-colored Grassquit', 0.37741762), (6034, 'Threnetes leucurus_Pale-tailed Barbthroat', 0.045713555), (531, 'Asemospiza fuliginosa_Sooty Grassquit', 0.029474061), (4396, 'Phaethornis malaris_Great-billed Hermit', 0.013889128), (6465, 'Zeledonia coronata_Wrenthrush', 0.011877076)]",
2026-02-05,12:45:42,"Chunk 0 from recording_20260205_124533.wav: [(6465, 'Zeledonia coronata_Wrenthrush', 0.48353708), (531, 'Asemospiza fuliginosa_Sooty Grassquit', 0.19265844), (5649, 'Sporathraupis cyanocephala_Blue-capped Tanager', 0.09993611), (4825, 'Polyerata decora_Charming Hummingbird', 0.09591383), (6257, 'Turdus nigriceps_Andean Slaty Thrush', 0.069026545)]",
2026-02-05,12:45:48,"Chunk 0 from recording_20260205_124539.wav: [(531, 'Asemospiza fuliginosa_Sooty Grassquit', 0.8001178), (532, 'Asemospiza obscura_Dull-colored Grassquit', 0.110736854), (6465, 'Zeledonia coronata_Wrenthrush', 0.107261404), (6257, 'Turdus nigriceps_Andean Slaty Thrush', 0.02879536), (5522, 'Setophaga fusca_Blackburnian Warbler', 0.021686196)]",
2026-02-05,12:45:52,"Chunk 0 from recording_20260205_124545.wav: [(4396, 'Phaethornis malaris_Great-billed Hermit', 0.29626366), (6465, 'Zeledonia coronata_Wrenthrush', 0.2705564), (5649, 'Sporathraupis cyanocephala_Blue-capped Tanager', 0.22786838), (5681, 'Sporophila schistacea_Slate-colored Seedeater', 0.09595163), (6185, 'Troglodytes solstitialis_Mountain Wren', 0.075961754)]",
2026-02-05,12:45:58,"Chunk 0 from recording_20260205_124551.wav: [(6465, 'Zeledonia coronata_Wrenthrush', 0.40058044), (4825, 'Polyerata decora_Charming Hummingbird', 0.19809668), (1211, 'Chlorestes cyanus_White-chinned Sapphire', 0.17677674), (656, 'Basileuterus melanogenys_Black-cheeked Warbler', 0.0884611), (1904, 'Dicaeum ignipectus_Fire-breasted Flowerpecker', 0.06482452)]",
2026-02-05,12:46:04,"Chunk 0 from recording_20260205_124557.wav: [(532, 'Asemospiza obscura_Dull-colored Grassquit', 0.2487889), (531, 'Asemospiza fuliginosa_Sooty Grassquit', 0.1383993), (6465, 'Zeledonia coronata_Wrenthrush', 0.04468257), (2677, 'Haplospiza unicolor_Uniform Finch', 0.010717923), (656, 'Basileuterus melanogenys_Black-cheeked Warbler', 0.008710087)]",
2026-02-05,12:46:11,"Chunk 0 from recording_20260205_124603.wav: [(532, 'Asemospiza obscura_Dull-colored Grassquit', 0.64988256), (656, 'Basileuterus melanogenys_Black-cheeked Warbler', 0.020170724), (531, 'Asemospiza fuliginosa_Sooty Grassquit', 0.020058945), (1938, 'Diglossa plumbea_Slaty Flowerpiercer', 0.013212), (1606, 'Coryphaspiza melanotis_Black-masked Finch', 0.0074209403)]",
2026-02-05,12:46:17,"Chunk 0 from recording_20260205_124609.wav: [(6465, 'Zeledonia coronata_Wrenthrush', 0.4155103), (531, 'Asemospiza fuliginosa_Sooty Grassquit', 0.20144016), (656, 'Basileuterus melanogenys_Black-cheeked Warbler', 0.06615722), (532, 'Asemospiza obscura_Dull-colored Grassquit', 0.056407012), (1506, 'Conirostrum bicolor_Bicolored Conebill', 0.032051526)]",
2026-02-05,12:46:46,"Chunk 0 from recording_20260205_124639.wav: [(532, 'Asemospiza obscura_Dull-colored Grassquit', 0.64837986), (1938, 'Diglossa plumbea_Slaty Flowerpiercer', 0.091593824), (6465, 'Zeledonia coronata_Wrenthrush', 0.032388806), (4862, 'Power tools_Power tools', 0.019649634), (656, 'Basileuterus melanogenys_Black-cheeked Warbler', 0.015025675)]",
2026-02-05,12:47:05,"Chunk 0 from recording_20260205_124657.wav: [(1938, 'Diglossa plumbea_Slaty Flowerpiercer', 0.33680272), (6465, 'Zeledonia coronata_Wrenthrush', 0.24741507), (1031, 'Catharus gracilirostris_Black-billed Nightingale-Thrush', 0.24692525), (5681, 'Sporophila schistacea_Slate-colored Seedeater', 0.07947105), (4825, 'Polyerata decora_Charming Hummingbird', 0.071991324)]",
2026-02-05,12:47:18,"Chunk 0 from recording_20260205_124710.wav: [(6465, 'Zeledonia coronata_Wrenthrush', 0.35199457), (3632, 'Molothrus ater_Brown-headed Cowbird', 0.25653586), (6185, 'Troglodytes solstitialis_Mountain Wren', 0.065471046), (2143, 'Engine_Engine', 0.021096405), (4862, 'Power tools_Power tools', 0.017056234)]",
2026-02-05,12:47:34,"Chunk 0 from recording_20260205_124728.wav: [(532, 'Asemospiza obscura_Dull-colored Grassquit', 0.8943698), (531, 'Asemospiza fuliginosa_Sooty Grassquit', 0.35506657), (6465, 'Zeledonia coronata_Wrenthrush', 0.1254096), (3488, 'Melanospiza bicolor_Black-faced Grassquit', 0.031751968), (4395, 'Phaethornis longuemareus_Little Hermit', 0.0100117745)]",
2026-02-05,12:47:41,"Chunk 0 from recording_20260205_124734.wav: [(532, 'Asemospiza obscura_Dull-colored Grassquit', 0.61223054), (531, 'Asemospiza fuliginosa_Sooty Grassquit', 0.16784918), (656, 'Basileuterus melanogenys_Black-cheeked Warbler', 0.06652602), (6465, 'Zeledonia coronata_Wrenthrush', 0.029030735), (4862, 'Power tools_Power tools', 0.015484604)]",
2026-02-05,12:47:47,"Chunk 0 from recording_20260205_124740.wav: [(6465, 'Zeledonia coronata_Wrenthrush', 0.35566112), (4862, 'Power tools_Power tools', 0.15852955), (531, 'Asemospiza fuliginosa_Sooty Grassquit', 0.15802282), (2818, 'Human non-vocal_Human non-vocal', 0.09220257), (2143, 'Engine_Engine', 0.050173834)]",
2026-02-05,12:47:53,"Chunk 0 from recording_20260205_124746.wav: [(5255, 'Regulus regulus_Goldcrest', 0.20405851), (532, 'Asemospiza obscura_Dull-colored Grassquit', 0.09853249), (6465, 'Zeledonia coronata_Wrenthrush', 0.07054937), (1938, 'Diglossa plumbea_Slaty Flowerpiercer', 0.04835815), (5681, 'Sporophila schistacea_Slate-colored Seedeater', 0.041365456)]",
2026-02-05,12:48:06,"Chunk 0 from recording_20260205_124758.wav: [(531, 'Asemospiza fuliginosa_Sooty Grassquit', 0.32919848), (532, 'Asemospiza obscura_Dull-colored Grassquit', 0.10438008), (6257, 'Turdus nigriceps_Andean Slaty Thrush', 0.09120542), (4862, 'Power tools_Power tools', 0.024867553), (4335, 'Periparus venustulus_Yellow-bellied Tit', 0.024407886)]",
2026-02-05,12:48:19,"Chunk 0 from recording_20260205_124810.wav: [(531, 'Asemospiza fuliginosa_Sooty Grassquit', 0.22560965), (532, 'Asemospiza obscura_Dull-colored Grassquit', 0.20416228), (656, 'Basileuterus melanogenys_Black-cheeked Warbler', 0.1223121), (4395, 'Phaethornis longuemareus_Little Hermit', 0.064761855), (4257, 'Passerculus sandwichensis_Savannah Sparrow', 0.05016913)]",
2026-02-05,12:48:22,"Chunk 0 from recording_20260205_124816.wav: [(531, 'Asemospiza fuliginosa_Sooty Grassquit', 0.23196852), (6257, 'Turdus nigriceps_Andean Slaty Thrush', 0.08421263), (6465, 'Zeledonia coronata_Wrenthrush', 0.042616468), (3326, 'Machetornis rixosa_Cattle Tyrant', 0.04250411), (6247, 'Turdus leucops_Pale-eyed Thrush', 0.034079503)]",
2026-02-05,12:48:35,"Chunk 0 from recording_20260205_124828.wav: [(531, 'Asemospiza fuliginosa_Sooty Grassquit', 0.5901916), (532, 'Asemospiza obscura_Dull-colored Grassquit', 0.13999802), (2677, 'Haplospiza unicolor_Uniform Finch', 0.13791496), (1031, 'Catharus gracilirostris_Black-billed Nightingale-Thrush', 0.016347818), (2311, 'Ficedula hyperythra_Snowy-browed Flycatcher', 0.015037635)]",
2026-02-05,12:49:17,"Chunk 0 from recording_20260205_124910.wav: [(6465, 'Zeledonia coronata_Wrenthrush', 0.54307747), (2677, 'Haplospiza unicolor_Uniform Finch', 0.24740404), (3632, 'Molothrus ater_Brown-headed Cowbird', 0.22619812), (1031, 'Catharus gracilirostris_Black-billed Nightingale-Thrush', 0.09043063), (531, 'Asemospiza fuliginosa_Sooty Grassquit', 0.05139868)]",
2026-02-05,12:49:30,"Chunk 0 from recording_20260205_124922.wav: [(531, 'Asemospiza fuliginosa_Sooty Grassquit', 0.3996732), (6465, 'Zeledonia coronata_Wrenthrush', 0.14174032), (532, 'Asemospiza obscura_Dull-colored Grassquit', 0.1107447), (6185, 'Troglodytes solstitialis_Mountain Wren', 0.050969932), (6257, 'Turdus nigriceps_Andean Slaty Thrush', 0.03409438)]",
2026-02-05,12:49:42,"Chunk 0 from recording_20260205_124934.wav: [(532, 'Asemospiza obscura_Dull-colored Grassquit', 0.38186228), (531, 'Asemospiza fuliginosa_Sooty Grassquit', 0.34099704), (2677, 'Haplospiza unicolor_Uniform Finch', 0.083793394), (6257, 'Turdus nigriceps_Andean Slaty Thrush', 0.04956823), (6247, 'Turdus leucops_Pale-eyed Thrush', 0.025202418)]",
2026-02-05,12:49:49,"Chunk 0 from recording_20260205_124940.wav: [(531, 'Asemospiza fuliginosa_Sooty Grassquit', 0.8323239), (532, 'Asemospiza obscura_Dull-colored Grassquit', 0.25209346), (5522, 'Setophaga fusca_Blackburnian Warbler', 0.043741096), (3488, 'Melanospiza bicolor_Black-faced Grassquit', 0.024164014), (6465, 'Zeledonia coronata_Wrenthrush', 0.024046764)]",
2026-02-05,12:50:02,"Chunk 0 from recording_20260205_124952.wav: [(656, 'Basileuterus melanogenys_Black-cheeked Warbler', 0.33649826), (5907, 'Tangara nigroviridis_Beryl-spangled Tanager', 0.25006872), (5898, 'Tangara desmaresti_Brassy-breasted Tanager', 0.15656817), (5899, 'Tangara dowii_Spangle-cheeked Tanager', 0.029698871), (6465, 'Zeledonia coronata_Wrenthrush', 0.015015178)]",
2026-02-05,12:50:11,"Chunk 0 from recording_20260205_125004.wav: [(6185, 'Troglodytes solstitialis_Mountain Wren', 0.24173665), (3626, 'Mniotilta varia_Black-and-white Warbler', 0.2084427), (1938, 'Diglossa plumbea_Slaty Flowerpiercer', 0.15206926), (532, 'Asemospiza obscura_Dull-colored Grassquit', 0.058621243), (656, 'Basileuterus melanogenys_Black-cheeked Warbler', 0.057985917)]",
2026-02-05,12:50:18,"Chunk 0 from recording_20260205_125010.wav: [(656, 'Basileuterus melanogenys_Black-cheeked Warbler', 0.2987718), (4825, 'Polyerata decora_Charming Hummingbird', 0.027374083), (1450, 'Coeligena iris_Rainbow Starfrontlet', 0.024980163), (5639, 'Spizella passerina_Chipping Sparrow', 0.022155227), (531, 'Asemospiza fuliginosa_Sooty Grassquit', 0.021285985)]",
2026-02-05,12:50:37,"Chunk 0 from recording_20260205_125028.wav: [(531, 'Asemospiza fuliginosa_Sooty Grassquit', 0.6833615), (532, 'Asemospiza obscura_Dull-colored Grassquit', 0.18293545), (6257, 'Turdus nigriceps_Andean Slaty Thrush', 0.013683884), (2677, 'Haplospiza unicolor_Uniform Finch', 0.009141514), (6465, 'Zeledonia coronata_Wrenthrush', 0.0036167004)]",
2026-02-05,12:51:12,"Chunk 0 from recording_20260205_125105.wav: [(6185, 'Troglodytes solstitialis_Mountain Wren', 0.28190222), (1450, 'Coeligena iris_Rainbow Starfrontlet', 0.14711753), (3954, 'Numenius americanus_Long-billed Curlew', 0.11094791), (297, 'Anisognathus lacrymosus_Lacrimose Mountain Tanager', 0.085963264), (5649, 'Sporathraupis cyanocephala_Blue-capped Tanager', 0.07017089)]",
2026-02-05,12:51:38,"Chunk 0 from recording_20260205_125129.wav: [(532, 'Asemospiza obscura_Dull-colored Grassquit', 0.23212203), (531, 'Asemospiza fuliginosa_Sooty Grassquit', 0.19153957), (5649, 'Sporathraupis cyanocephala_Blue-capped Tanager', 0.056504816), (4390, 'Phaethornis eurynome_Scale-throated Hermit', 0.03192132), (6257, 'Turdus nigriceps_Andean Slaty Thrush', 0.026350588)]",
2026-02-05,12:52:42,"Chunk 0 from recording_20260205_125235.wav: [(532, 'Asemospiza obscura_Dull-colored Grassquit', 0.2374902), (1938, 'Diglossa plumbea_Slaty Flowerpiercer', 0.027816396), (6185, 'Troglodytes solstitialis_Mountain Wren', 0.022169283), (4862, 'Power tools_Power tools', 0.011777388), (6055, 'Tiaris olivaceus_Yellow-faced Grassquit', 0.0078056273)]",
2026-02-05,12:53:14,"Chunk 0 from recording_20260205_125305.wav: [(3632, 'Molothrus ater_Brown-headed Cowbird', 0.36150253), (6185, 'Troglodytes solstitialis_Mountain Wren', 0.11917611), (6465, 'Zeledonia coronata_Wrenthrush', 0.109531574), (4862, 'Power tools_Power tools', 0.011786426), (2143, 'Engine_Engine', 0.01124421)]",
2026-02-05,12:53:20,"Chunk 0 from recording_20260205_125311.wav: [(532, 'Asemospiza obscura_Dull-colored Grassquit', 0.25744343), (1931, 'Diglossa cyanea_Masked Flowerpiercer', 0.20610733), (1508, 'Conirostrum cinereum_Cinereous Conebill', 0.06078776), (2097, 'Emberiza cirlus_Cirl Bunting', 0.052801527), (3374, 'Malurus cyaneus_Superb Fairywren', 0.03450993)]",
2026-02-05,12:53:24,"Chunk 0 from recording_20260205_125317.wav: [(6465, 'Zeledonia coronata_Wrenthrush', 0.29086795), (1211, 'Chlorestes cyanus_White-chinned Sapphire', 0.026989598), (532, 'Asemospiza obscura_Dull-colored Grassquit', 0.022361185), (2142, 'Empidonomus varius_Variegated Flycatcher', 0.010143062), (2143, 'Engine_Engine', 0.009562538)]",
2026-02-05,12:53:43,"Chunk 0 from recording_20260205_125335.wav: [(532, 'Asemospiza obscura_Dull-colored Grassquit', 0.41040894), (6465, 'Zeledonia coronata_Wrenthrush', 0.09580144), (531, 'Asemospiza fuliginosa_Sooty Grassquit', 0.052563585), (1931, 'Diglossa cyanea_Masked Flowerpiercer', 0.02047848), (6185, 'Troglodytes solstitialis_Mountain Wren', 0.02030138)]",
2026-02-05,12:54:02,"Chunk 0 from recording_20260205_125353.wav: [(531, 'Asemospiza fuliginosa_Sooty Grassquit', 0.3471566), (532, 'Asemospiza obscura_Dull-colored Grassquit', 0.3462793), (1060, ""Centronyx henslowii_Henslow's Sparrow"", 0.073703706), (231, 'Ammodramus savannarum_Grasshopper Sparrow', 0.05770355), (6185, 'Troglodytes solstitialis_Mountain Wren', 0.046330746)]",
2026-02-05,12:54:25,"Chunk 0 from recording_20260205_125418.wav: [(531, 'Asemospiza fuliginosa_Sooty Grassquit', 0.24872816), (656, 'Basileuterus melanogenys_Black-cheeked Warbler', 0.0424662), (4862, 'Power tools_Power tools', 0.035335146), (532, 'Asemospiza obscura_Dull-colored Grassquit', 0.026512278), (502, 'Arremon brunneinucha_Chestnut-capped Brushfinch', 0.015231361)]",
2026-02-05,12:54:31,"Chunk 0 from recording_20260205_125424.wav: [(532, 'Asemospiza obscura_Dull-colored Grassquit', 0.329171), (531, 'Asemospiza fuliginosa_Sooty Grassquit', 0.27037543), (6465, 'Zeledonia coronata_Wrenthrush', 0.09769356), (656, 'Basileuterus melanogenys_Black-cheeked Warbler', 0.064203255), (3632, 'Molothrus ater_Brown-headed Cowbird', 0.031007113)]",
2026-02-05,12:54:38,"Chunk 0 from recording_20260205_125430.wav: [(3394, 'Margarornis rubiginosus_Ruddy Treerunner', 0.319919), (3395, 'Margarornis squamiger_Pearled Treerunner', 0.098309256), (1254, 'Chlorospingus pileatus_Sooty-capped Chlorospingus', 0.070639364), (3274, 'Lophophanes cristatus_Crested Tit', 0.045488957), (5255, 'Regulus regulus_Goldcrest', 0.040615402)]",
2026-02-05,12:54:50,"Chunk 0 from recording_20260205_125442.wav: [(531, 'Asemospiza fuliginosa_Sooty Grassquit', 0.30298206), (6465, 'Zeledonia coronata_Wrenthrush', 0.11411359), (532, 'Asemospiza obscura_Dull-colored Grassquit', 0.0965018), (1606, 'Coryphaspiza melanotis_Black-masked Finch', 0.018108465), (3632, 'Molothrus ater_Brown-headed Cowbird', 0.016549917)]",
2026-02-05,12:55:03,"Chunk 0 from recording_20260205_125454.wav: [(532, 'Asemospiza obscura_Dull-colored Grassquit', 0.21785994), (1702, 'Crypturellus cinereus_Cinereous Tinamou', 0.14453934), (6247, 'Turdus leucops_Pale-eyed Thrush', 0.061414022), (4395, 'Phaethornis longuemareus_Little Hermit', 0.05006727), (1709, 'Crypturellus soui_Little Tinamou', 0.04710653)]",
2026-02-05,12:55:06,"Chunk 0 from recording_20260205_125500.wav: [(532, 'Asemospiza obscura_Dull-colored Grassquit', 0.40564296), (4395, 'Phaethornis longuemareus_Little Hermit', 0.08406638), (6185, 'Troglodytes solstitialis_Mountain Wren', 0.048528258), (1606, 'Coryphaspiza melanotis_Black-masked Finch', 0.04324967), (3379, 'Malurus melanocephalus_Red-backed Fairywren', 0.011035448)]",
2026-02-05,12:55:13,"Chunk 0 from recording_20260205_125506.wav: [(3632, 'Molothrus ater_Brown-headed Cowbird', 0.6119579), (678, ""Batrachostomus stellatus_Gould's Frogmouth"", 0.026781632), (531, 'Asemospiza fuliginosa_Sooty Grassquit', 0.024469282), (656, 'Basileuterus melanogenys_Black-cheeked Warbler', 0.01961205), (452, 'Aramus guarauna_Limpkin', 0.014543627)]",
2026-02-05,12:55:19,"Chunk 0 from recording_20260205_125512.wav: [(532, 'Asemospiza obscura_Dull-colored Grassquit', 0.25802416), (1060, ""Centronyx henslowii_Henslow's Sparrow"", 0.11390105), (531, 'Asemospiza fuliginosa_Sooty Grassquit', 0.10317413), (6465, 'Zeledonia coronata_Wrenthrush', 0.041352525), (1606, 'Coryphaspiza melanotis_Black-masked Finch', 0.014763932)]",
2026-02-05,12:55:32,"Chunk 0 from recording_20260205_125524.wav: [(6465, 'Zeledonia coronata_Wrenthrush', 0.38378364), (532, 'Asemospiza obscura_Dull-colored Grassquit', 0.19810972), (1606, 'Coryphaspiza melanotis_Black-masked Finch', 0.07172366), (4395, 'Phaethornis longuemareus_Little Hermit', 0.027633468), (5649, 'Sporathraupis cyanocephala_Blue-capped Tanager', 0.024996515)]",
2026-02-05,12:55:38,"Chunk 0 from recording_20260205_125530.wav: [(6034, 'Threnetes leucurus_Pale-tailed Barbthroat', 0.57953286), (6257, 'Turdus nigriceps_Andean Slaty Thrush', 0.049983006), (531, 'Asemospiza fuliginosa_Sooty Grassquit', 0.035274237), (4395, 'Phaethornis longuemareus_Little Hermit', 0.035211436), (500, 'Arremon aurantiirostris_Orange-billed Sparrow', 0.027784092)]",
2026-02-05,12:55:45,"Chunk 0 from recording_20260205_125536.wav: [(4335, 'Periparus venustulus_Yellow-bellied Tit', 0.28611556), (503, 'Arremon castaneiceps_Olive Finch', 0.14116438), (6034, 'Threnetes leucurus_Pale-tailed Barbthroat', 0.11309911), (1450, 'Coeligena iris_Rainbow Starfrontlet', 0.08077547), (6185, 'Troglodytes solstitialis_Mountain Wren', 0.07195852)]",
2026-02-05,12:56:07,"Chunk 0 from recording_20260205_125600.wav: [(6185, 'Troglodytes solstitialis_Mountain Wren', 0.37579948), (1345, 'Cinnyris chalybeus_Southern Double-collared Sunbird', 0.06541079), (4400, 'Phaethornis rupurumii_Streak-throated Hermit', 0.050714523), (5971, 'Tetraogallus caucasicus_Caucasian Snowcock', 0.03492397), (6465, 'Zeledonia coronata_Wrenthrush', 0.034051694)]",
2026-02-05,12:56:33,"Chunk 0 from recording_20260205_125624.wav: [(531, 'Asemospiza fuliginosa_Sooty Grassquit', 0.2589553), (2677, 'Haplospiza unicolor_Uniform Finch', 0.13898699), (6257, 'Turdus nigriceps_Andean Slaty Thrush', 0.12628119), (3632, 'Molothrus ater_Brown-headed Cowbird', 0.04479149), (532, 'Asemospiza obscura_Dull-colored Grassquit', 0.03604154)]",
2026-02-05,12:56:39,"Chunk 0 from recording_20260205_125630.wav: [(3632, 'Molothrus ater_Brown-headed Cowbird', 0.2899146), (3395, 'Margarornis squamiger_Pearled Treerunner', 0.08781013), (656, 'Basileuterus melanogenys_Black-cheeked Warbler', 0.06281054), (1254, 'Chlorospingus pileatus_Sooty-capped Chlorospingus', 0.059659366), (894, ""Calypte costae_Costa's Hummingbird"", 0.057387277)]",
2026-02-05,12:56:49,"Chunk 0 from recording_20260205_125642.wav: [(531, 'Asemospiza fuliginosa_Sooty Grassquit', 0.2797684), (656, 'Basileuterus melanogenys_Black-cheeked Warbler', 0.14026496), (1254, 'Chlorospingus pileatus_Sooty-capped Chlorospingus', 0.07064979), (5907, 'Tangara nigroviridis_Beryl-spangled Tanager', 0.043086965), (5681, 'Sporophila schistacea_Slate-colored Seedeater', 0.026673216)]",
2026-02-05,12:57:02,"Chunk 0 from recording_20260205_125654.wav: [(5255, 'Regulus regulus_Goldcrest', 0.4547859), (1931, 'Diglossa cyanea_Masked Flowerpiercer', 0.14780305), (5649, 'Sporathraupis cyanocephala_Blue-capped Tanager', 0.07810863), (5253, 'Regulus ignicapilla_Common Firecrest', 0.064890936), (6185, 'Troglodytes solstitialis_Mountain Wren', 0.06154388)]",
2026-02-05,12:57:34,"Chunk 0 from recording_20260205_125725.wav: [(6185, 'Troglodytes solstitialis_Mountain Wren', 0.21422948), (5649, 'Sporathraupis cyanocephala_Blue-capped Tanager', 0.087437555), (3326, 'Machetornis rixosa_Cattle Tyrant', 0.060918175), (1254, 'Chlorospingus pileatus_Sooty-capped Chlorospingus', 0.05574296), (2143, 'Engine_Engine', 0.027730025)]",
2026-02-05,12:57:37,"Chunk 0 from recording_20260205_125731.wav: [(531, 'Asemospiza fuliginosa_Sooty Grassquit', 0.26711848), (532, 'Asemospiza obscura_Dull-colored Grassquit', 0.1364168), (6257, 'Turdus nigriceps_Andean Slaty Thrush', 0.034144774), (1931, 'Diglossa cyanea_Masked Flowerpiercer', 0.031800717), (4862, 'Power tools_Power tools', 0.030973453)]",
2026-02-05,12:57:44,"Chunk 0 from recording_20260205_125737.wav: [(531, 'Asemospiza fuliginosa_Sooty Grassquit', 0.83572555), (532, 'Asemospiza obscura_Dull-colored Grassquit', 0.10053649), (1931, 'Diglossa cyanea_Masked Flowerpiercer', 0.06908316), (5522, 'Setophaga fusca_Blackburnian Warbler', 0.06176549), (656, 'Basileuterus melanogenys_Black-cheeked Warbler', 0.032759108)]",
2026-02-05,12:57:56,"Chunk 0 from recording_20260205_125749.wav: [(532, 'Asemospiza obscura_Dull-colored Grassquit', 0.21329464), (6465, 'Zeledonia coronata_Wrenthrush', 0.064025514), (4862, 'Power tools_Power tools', 0.034879822), (2818, 'Human non-vocal_Human non-vocal', 0.03044546), (2143, 'Engine_Engine', 0.018516632)]",
2026-02-05,12:58:32,"Chunk 0 from recording_20260205_125825.wav: [(531, 'Asemospiza fuliginosa_Sooty Grassquit', 0.3186937), (532, 'Asemospiza obscura_Dull-colored Grassquit', 0.107162155), (1031, 'Catharus gracilirostris_Black-billed Nightingale-Thrush', 0.06730723), (5965, 'Tersina viridis_Swallow Tanager', 0.06620435), (297, 'Anisognathus lacrymosus_Lacrimose Mountain Tanager', 0.044780094)]",
2026-02-05,12:58:38,"Chunk 0 from recording_20260205_125831.wav: [(532, 'Asemospiza obscura_Dull-colored Grassquit', 0.3196589), (6185, 'Troglodytes solstitialis_Mountain Wren', 0.10870001), (5907, 'Tangara nigroviridis_Beryl-spangled Tanager', 0.086241), (656, 'Basileuterus melanogenys_Black-cheeked Warbler', 0.076064), (6465, 'Zeledonia coronata_Wrenthrush', 0.05723268)]",
2026-02-05,12:58:57,"Chunk 0 from recording_20260205_125849.wav: [(531, 'Asemospiza fuliginosa_Sooty Grassquit', 0.3801632), (1904, 'Dicaeum ignipectus_Fire-breasted Flowerpecker', 0.16680562), (6465, 'Zeledonia coronata_Wrenthrush', 0.09917228), (1506, 'Conirostrum bicolor_Bicolored Conebill', 0.069227904), (532, 'Asemospiza obscura_Dull-colored Grassquit', 0.051477678)]",
2026-02-05,12:59:04,"Chunk 0 from recording_20260205_125855.wav: [(5255, 'Regulus regulus_Goldcrest', 0.24120824), (1345, 'Cinnyris chalybeus_Southern Double-collared Sunbird', 0.040059663), (6185, 'Troglodytes solstitialis_Mountain Wren', 0.02957633), (5504, 'Serinus serinus_European Serin', 0.026006186), (531, 'Asemospiza fuliginosa_Sooty Grassquit', 0.024438018)]",
2026-02-05,12:59:10,"Chunk 0 from recording_20260205_125901.wav: [(6465, 'Zeledonia coronata_Wrenthrush', 0.2758148), (3632, 'Molothrus ater_Brown-headed Cowbird', 0.21372095), (1450, 'Coeligena iris_Rainbow Starfrontlet', 0.022641964), (6185, 'Troglodytes solstitialis_Mountain Wren', 0.022632549), (2097, 'Emberiza cirlus_Cirl Bunting', 0.021687202)]",
2026-02-05,12:59:13,"Chunk 0 from recording_20260205_125907.wav: [(532, 'Asemospiza obscura_Dull-colored Grassquit', 0.24125788), (5907, 'Tangara nigroviridis_Beryl-spangled Tanager', 0.05055834), (6465, 'Zeledonia coronata_Wrenthrush', 0.050552536), (656, 'Basileuterus melanogenys_Black-cheeked Warbler', 0.019941082), (531, 'Asemospiza fuliginosa_Sooty Grassquit', 0.019474668)]",
2026-02-05,12:59:39,"Chunk 0 from recording_20260205_125931.wav: [(531, 'Asemospiza fuliginosa_Sooty Grassquit', 0.42709103), (6185, 'Troglodytes solstitialis_Mountain Wren', 0.2566433), (532, 'Asemospiza obscura_Dull-colored Grassquit', 0.15096392), (6465, 'Zeledonia coronata_Wrenthrush', 0.03632839), (3488, 'Melanospiza bicolor_Black-faced Grassquit', 0.006397626)]",
2026-02-05,12:59:58,"Chunk 0 from recording_20260205_125949.wav: [(531, 'Asemospiza fuliginosa_Sooty Grassquit', 0.3237104), (3632, 'Molothrus ater_Brown-headed Cowbird', 0.06513841), (532, 'Asemospiza obscura_Dull-colored Grassquit', 0.052167855), (6465, 'Zeledonia coronata_Wrenthrush', 0.04990815), (6257, 'Turdus nigriceps_Andean Slaty Thrush', 0.029020797)]",
2026-02-05,13:00:14,"Chunk 0 from recording_20260205_130007.wav: [(531, 'Asemospiza fuliginosa_Sooty Grassquit', 0.20487858), (6257, 'Turdus nigriceps_Andean Slaty Thrush', 0.050327864), (6247, 'Turdus leucops_Pale-eyed Thrush', 0.034113064), (6465, 'Zeledonia coronata_Wrenthrush', 0.02763889), (656, 'Basileuterus melanogenys_Black-cheeked Warbler', 0.022045454)]",
2026-02-05,13:00:27,"Chunk 0 from recording_20260205_130019.wav: [(531, 'Asemospiza fuliginosa_Sooty Grassquit', 0.26980802), (3632, 'Molothrus ater_Brown-headed Cowbird', 0.046135236), (532, 'Asemospiza obscura_Dull-colored Grassquit', 0.037939712), (3395, 'Margarornis squamiger_Pearled Treerunner', 0.025592502), (656, 'Basileuterus melanogenys_Black-cheeked Warbler', 0.01653493)]",
2026-02-05,13:01:28,"Chunk 0 from recording_20260205_130120.wav: [(532, 'Asemospiza obscura_Dull-colored Grassquit', 0.22247055), (531, 'Asemospiza fuliginosa_Sooty Grassquit', 0.11117798), (5649, 'Sporathraupis cyanocephala_Blue-capped Tanager', 0.06795147), (3326, 'Machetornis rixosa_Cattle Tyrant', 0.042080358), (6465, 'Zeledonia coronata_Wrenthrush', 0.027872318)]",
2026-02-05,13:01:34,"Chunk 0 from recording_20260205_130126.wav: [(531, 'Asemospiza fuliginosa_Sooty Grassquit', 0.32488328), (532, 'Asemospiza obscura_Dull-colored Grassquit', 0.07531767), (231, 'Ammodramus savannarum_Grasshopper Sparrow', 0.029812222), (2677, 'Haplospiza unicolor_Uniform Finch', 0.027949348), (3374, 'Malurus cyaneus_Superb Fairywren', 0.022617076)]",
2026-02-05,13:01:47,"Chunk 0 from recording_20260205_130138.wav: [(531, 'Asemospiza fuliginosa_Sooty Grassquit', 0.49076024), (532, 'Asemospiza obscura_Dull-colored Grassquit', 0.08401777), (3969, 'Nyctidromus albicollis_Common Pauraque', 0.03934363), (2677, 'Haplospiza unicolor_Uniform Finch', 0.019907001), (3488, 'Melanospiza bicolor_Black-faced Grassquit', 0.017574241)]",
2026-02-05,13:01:57,"Chunk 0 from recording_20260205_130150.wav: [(531, 'Asemospiza fuliginosa_Sooty Grassquit', 0.5278685), (3632, 'Molothrus ater_Brown-headed Cowbird', 0.054277223), (532, 'Asemospiza obscura_Dull-colored Grassquit', 0.049251243), (5522, 'Setophaga fusca_Blackburnian Warbler', 0.046000525), (6257, 'Turdus nigriceps_Andean Slaty Thrush', 0.04427101)]",
2026-02-05,13:02:10,"Chunk 0 from recording_20260205_130202.wav: [(531, 'Asemospiza fuliginosa_Sooty Grassquit', 0.84697634), (532, 'Asemospiza obscura_Dull-colored Grassquit', 0.22060028), (4862, 'Power tools_Power tools', 0.07001283), (656, 'Basileuterus melanogenys_Black-cheeked Warbler', 0.053538926), (5648, 'Spodiornis rusticus_Slaty Finch', 0.033224624)]",
2026-02-05,13:02:23,"Chunk 0 from recording_20260205_130214.wav: [(531, 'Asemospiza fuliginosa_Sooty Grassquit', 0.35900092), (532, 'Asemospiza obscura_Dull-colored Grassquit', 0.038355086), (5255, 'Regulus regulus_Goldcrest', 0.03052879), (5522, 'Setophaga fusca_Blackburnian Warbler', 0.021725586), (1254, 'Chlorospingus pileatus_Sooty-capped Chlorospingus', 0.019806204)]",
2026-02-05,13:02:29,"Chunk 0 from recording_20260205_130220.wav: [(532, 'Asemospiza obscura_Dull-colored Grassquit', 0.29397255), (531, 'Asemospiza fuliginosa_Sooty Grassquit', 0.16009504), (1931, 'Diglossa cyanea_Masked Flowerpiercer', 0.11243507), (5255, 'Regulus regulus_Goldcrest', 0.031543795), (5649, 'Sporathraupis cyanocephala_Blue-capped Tanager', 0.020356188)]",
2026-02-05,13:02:45,"Chunk 0 from recording_20260205_130238.wav: [(531, 'Asemospiza fuliginosa_Sooty Grassquit', 0.26045445), (656, 'Basileuterus melanogenys_Black-cheeked Warbler', 0.18840812), (3506, 'Mellisuga helenae_Bee Hummingbird', 0.13027056), (297, 'Anisognathus lacrymosus_Lacrimose Mountain Tanager', 0.1114293), (5907, 'Tangara nigroviridis_Beryl-spangled Tanager', 0.10988763)]",
2026-02-05,13:03:11,"Chunk 0 from recording_20260205_130302.wav: [(4862, 'Power tools_Power tools', 0.2640597), (6465, 'Zeledonia coronata_Wrenthrush', 0.20723397), (5697, 'Steatornis caripensis_Oilbird', 0.096306056), (4464, 'Phoebastria immutabilis_Laysan Albatross', 0.06285979), (2818, 'Human non-vocal_Human non-vocal', 0.057704046)]",
2026-02-05,13:03:27,"Chunk 0 from recording_20260205_130320.wav: [(532, 'Asemospiza obscura_Dull-colored Grassquit', 0.25405216), (4862, 'Power tools_Power tools', 0.21104623), (4464, 'Phoebastria immutabilis_Laysan Albatross', 0.1000725), (531, 'Asemospiza fuliginosa_Sooty Grassquit', 0.07330354), (6465, 'Zeledonia coronata_Wrenthrush', 0.05987082)]",
2026-02-05,13:03:46,"Chunk 0 from recording_20260205_130338.wav: [(2445, 'Gastrophryne carolinensis_Eastern Narrow-mouthed Toad', 0.38233036), (1031, 'Catharus gracilirostris_Black-billed Nightingale-Thrush', 0.10563152), (6247, 'Turdus leucops_Pale-eyed Thrush', 0.027046518), (4862, 'Power tools_Power tools', 0.026747879), (531, 'Asemospiza fuliginosa_Sooty Grassquit', 0.024722356)]",
2026-02-05,13:04:21,"Chunk 0 from recording_20260205_130415.wav: [(4862, 'Power tools_Power tools', 0.268336), (532, 'Asemospiza obscura_Dull-colored Grassquit', 0.2126941), (2609, 'Gun_Gun', 0.10324156), (6185, 'Troglodytes solstitialis_Mountain Wren', 0.10160696), (4365, 'Peucaea sumichrasti_Cinnamon-tailed Sparrow', 0.06163569)]",
2026-02-05,13:04:48,"Chunk 0 from recording_20260205_130439.wav: [(1450, 'Coeligena iris_Rainbow Starfrontlet', 0.21130812), (5522, 'Setophaga fusca_Blackburnian Warbler', 0.04676937), (2097, 'Emberiza cirlus_Cirl Bunting', 0.040224317), (3632, 'Molothrus ater_Brown-headed Cowbird', 0.032948785), (531, 'Asemospiza fuliginosa_Sooty Grassquit', 0.03254987)]",
2026-02-05,13:04:54,"Chunk 0 from recording_20260205_130445.wav: [(6465, 'Zeledonia coronata_Wrenthrush', 0.28906497), (532, 'Asemospiza obscura_Dull-colored Grassquit', 0.1126832), (3326, 'Machetornis rixosa_Cattle Tyrant', 0.08546138), (1938, 'Diglossa plumbea_Slaty Flowerpiercer', 0.0527022), (1928, 'Diglossa baritula_Cinnamon-bellied Flowerpiercer', 0.033807937)]",
2026-02-05,13:05:04,"Chunk 0 from recording_20260205_130457.wav: [(3632, 'Molothrus ater_Brown-headed Cowbird', 0.21133451), (1060, ""Centronyx henslowii_Henslow's Sparrow"", 0.09886012), (531, 'Asemospiza fuliginosa_Sooty Grassquit', 0.024166549), (532, 'Asemospiza obscura_Dull-colored Grassquit', 0.01380175), (6185, 'Troglodytes solstitialis_Mountain Wren', 0.011977565)]",
2026-02-05,13:05:10,"Chunk 0 from recording_20260205_130503.wav: [(6055, 'Tiaris olivaceus_Yellow-faced Grassquit', 0.35814977), (988, 'Cardellina rubra_Red Warbler', 0.07165285), (5907, 'Tangara nigroviridis_Beryl-spangled Tanager', 0.056259546), (502, 'Arremon brunneinucha_Chestnut-capped Brushfinch', 0.035000086), (4381, 'Phaenicophilus palmarum_Black-crowned Palm-Tanager', 0.034902394)]",
2026-02-05,13:05:23,"Chunk 0 from recording_20260205_130515.wav: [(532, 'Asemospiza obscura_Dull-colored Grassquit', 0.34413826), (531, 'Asemospiza fuliginosa_Sooty Grassquit', 0.11378227), (6465, 'Zeledonia coronata_Wrenthrush', 0.03846674), (1938, 'Diglossa plumbea_Slaty Flowerpiercer', 0.0249505), (3326, 'Machetornis rixosa_Cattle Tyrant', 0.017855043)]",
2026-02-05,13:05:29,"Chunk 0 from recording_20260205_130521.wav: [(531, 'Asemospiza fuliginosa_Sooty Grassquit', 0.41952553), (532, 'Asemospiza obscura_Dull-colored Grassquit', 0.0786954), (6465, 'Zeledonia coronata_Wrenthrush', 0.04656569), (4396, 'Phaethornis malaris_Great-billed Hermit', 0.02170481), (6257, 'Turdus nigriceps_Andean Slaty Thrush', 0.018811084)]",
2026-02-05,13:05:36,"Chunk 0 from recording_20260205_130527.wav: [(6465, 'Zeledonia coronata_Wrenthrush', 0.5938523), (6185, 'Troglodytes solstitialis_Mountain Wren', 0.0842596), (531, 'Asemospiza fuliginosa_Sooty Grassquit', 0.033186346), (532, 'Asemospiza obscura_Dull-colored Grassquit', 0.030695975), (3632, 'Molothrus ater_Brown-headed Cowbird', 0.022738887)]",
2026-02-05,13:05:52,"Chunk 0 from recording_20260205_130545.wav: [(6185, 'Troglodytes solstitialis_Mountain Wren', 0.24948946), (1345, 'Cinnyris chalybeus_Southern Double-collared Sunbird', 0.054105602), (3395, 'Margarornis squamiger_Pearled Treerunner', 0.043834902), (231, 'Ammodramus savannarum_Grasshopper Sparrow', 0.024252068), (660, 'Basileuterus tristriatus_Three-striped Warbler', 0.021680977)]",
2026-02-05,13:05:58,"Chunk 0 from recording_20260205_130551.wav: [(6185, 'Troglodytes solstitialis_Mountain Wren', 0.20823881), (656, 'Basileuterus melanogenys_Black-cheeked Warbler', 0.033448093), (532, 'Asemospiza obscura_Dull-colored Grassquit', 0.02702025), (1253, 'Chlorospingus flavopectus_Common Chlorospingus', 0.0064942846), (5907, 'Tangara nigroviridis_Beryl-spangled Tanager', 0.004645079)]",
2026-02-05,13:06:11,"Chunk 0 from recording_20260205_130603.wav: [(5681, 'Sporophila schistacea_Slate-colored Seedeater', 0.27900866), (6247, 'Turdus leucops_Pale-eyed Thrush', 0.23595527), (4825, 'Polyerata decora_Charming Hummingbird', 0.18436879), (5898, 'Tangara desmaresti_Brassy-breasted Tanager', 0.1552624), (4395, 'Phaethornis longuemareus_Little Hermit', 0.06773457)]",
2026-02-05,13:06:17,"Chunk 0 from recording_20260205_130609.wav: [(531, 'Asemospiza fuliginosa_Sooty Grassquit', 0.47851712), (532, 'Asemospiza obscura_Dull-colored Grassquit', 0.07909685), (4862, 'Power tools_Power tools', 0.0533857), (2143, 'Engine_Engine', 0.015240017), (231, 'Ammodramus savannarum_Grasshopper Sparrow', 0.012688041)]",
2026-02-05,13:06:24,"Chunk 0 from recording_20260205_130615.wav: [(531, 'Asemospiza fuliginosa_Sooty Grassquit', 0.940647), (532, 'Asemospiza obscura_Dull-colored Grassquit', 0.18060602), (231, 'Ammodramus savannarum_Grasshopper Sparrow', 0.04046528), (3632, 'Molothrus ater_Brown-headed Cowbird', 0.0383663), (1031, 'Catharus gracilirostris_Black-billed Nightingale-Thrush', 0.027037095)]",
2026-02-05,13:06:46,"Chunk 0 from recording_20260205_130639.wav: [(6465, 'Zeledonia coronata_Wrenthrush', 0.29231152), (532, 'Asemospiza obscura_Dull-colored Grassquit', 0.0946294), (656, 'Basileuterus melanogenys_Black-cheeked Warbler', 0.019394916), (2143, 'Engine_Engine', 0.013353074), (4862, 'Power tools_Power tools', 0.008497777)]",
2026-02-05,13:06:53,"Chunk 0 from recording_20260205_130645.wav: [(1931, 'Diglossa cyanea_Masked Flowerpiercer', 0.22204916), (1938, 'Diglossa plumbea_Slaty Flowerpiercer', 0.18788028), (1031, 'Catharus gracilirostris_Black-billed Nightingale-Thrush', 0.1253502), (5681, 'Sporophila schistacea_Slate-colored Seedeater', 0.044003695), (2311, 'Ficedula hyperythra_Snowy-browed Flycatcher', 0.042081654)]",
2026-02-05,13:07:06,"Chunk 0 from recording_20260205_130657.wav: [(3632, 'Molothrus ater_Brown-headed Cowbird', 0.2467536), (656, 'Basileuterus melanogenys_Black-cheeked Warbler', 0.0869254), (531, 'Asemospiza fuliginosa_Sooty Grassquit', 0.059506923), (2677, 'Haplospiza unicolor_Uniform Finch', 0.0264502), (6465, 'Zeledonia coronata_Wrenthrush', 0.025146695)]",
2026-02-05,13:07:12,"Chunk 0 from recording_20260205_130703.wav: [(532, 'Asemospiza obscura_Dull-colored Grassquit', 0.24843799), (6406, 'Volatinia jacarina_Blue-black Grassquit', 0.052971702), (531, 'Asemospiza fuliginosa_Sooty Grassquit', 0.028369885), (6185, 'Troglodytes solstitialis_Mountain Wren', 0.010021927), (4862, 'Power tools_Power tools', 0.0051415646)]",
2026-02-05,13:07:18,"Chunk 0 from recording_20260205_130709.wav: [(531, 'Asemospiza fuliginosa_Sooty Grassquit', 0.36560935), (532, 'Asemospiza obscura_Dull-colored Grassquit', 0.057450414), (657, 'Basileuterus melanotis_Costa Rican Warbler', 0.008704696), (5255, 'Regulus regulus_Goldcrest', 0.007392254), (4920, 'Psaltriparus minimus_Bushtit', 0.0073042302)]",
2026-02-05,13:07:25,"Chunk 0 from recording_20260205_130716.wav: [(532, 'Asemospiza obscura_Dull-colored Grassquit', 0.84843516), (531, 'Asemospiza fuliginosa_Sooty Grassquit', 0.07584359), (6465, 'Zeledonia coronata_Wrenthrush', 0.017057065), (3488, 'Melanospiza bicolor_Black-faced Grassquit', 0.011118295), (656, 'Basileuterus melanogenys_Black-cheeked Warbler', 0.006105772)]",
2026-02-05,13:07:47,"Chunk 0 from recording_20260205_130740.wav: [(531, 'Asemospiza fuliginosa_Sooty Grassquit', 0.38532302), (2677, 'Haplospiza unicolor_Uniform Finch', 0.1443319), (3632, 'Molothrus ater_Brown-headed Cowbird', 0.08254144), (6257, 'Turdus nigriceps_Andean Slaty Thrush', 0.023464717), (532, 'Asemospiza obscura_Dull-colored Grassquit', 0.019518705)]",
2026-02-05,13:08:00,"Chunk 0 from recording_20260205_130752.wav: [(532, 'Asemospiza obscura_Dull-colored Grassquit', 0.21065688), (6465, 'Zeledonia coronata_Wrenthrush', 0.03171662), (656, 'Basileuterus melanogenys_Black-cheeked Warbler', 0.0294737), (3488, 'Melanospiza bicolor_Black-faced Grassquit', 0.026950361), (4593, 'Phylloscopus xanthoschistos_Gray-hooded Warbler', 0.021397576)]",
2026-02-05,13:08:16,"Chunk 0 from recording_20260205_130810.wav: [(531, 'Asemospiza fuliginosa_Sooty Grassquit', 0.60080194), (532, 'Asemospiza obscura_Dull-colored Grassquit', 0.12413956), (5522, 'Setophaga fusca_Blackburnian Warbler', 0.02432267), (3632, 'Molothrus ater_Brown-headed Cowbird', 0.02414902), (4862, 'Power tools_Power tools', 0.022972494)]",
2026-02-05,13:08:23,"Chunk 0 from recording_20260205_130816.wav: [(531, 'Asemospiza fuliginosa_Sooty Grassquit', 0.8517134), (532, 'Asemospiza obscura_Dull-colored Grassquit', 0.20199358), (1031, 'Catharus gracilirostris_Black-billed Nightingale-Thrush', 0.106104754), (6257, 'Turdus nigriceps_Andean Slaty Thrush', 0.06300682), (1931, 'Diglossa cyanea_Masked Flowerpiercer', 0.040169634)]",
2026-02-05,13:08:42,"Chunk 0 from recording_20260205_130834.wav: [(531, 'Asemospiza fuliginosa_Sooty Grassquit', 0.21888669), (656, 'Basileuterus melanogenys_Black-cheeked Warbler', 0.067900285), (657, 'Basileuterus melanotis_Costa Rican Warbler', 0.050179515), (3506, 'Mellisuga helenae_Bee Hummingbird', 0.02710184), (5907, 'Tangara nigroviridis_Beryl-spangled Tanager', 0.022739999)]",
2026-02-05,13:08:55,"Chunk 0 from recording_20260205_130846.wav: [(531, 'Asemospiza fuliginosa_Sooty Grassquit', 0.28876582), (532, 'Asemospiza obscura_Dull-colored Grassquit', 0.08401349), (2677, 'Haplospiza unicolor_Uniform Finch', 0.03430227), (6257, 'Turdus nigriceps_Andean Slaty Thrush', 0.02965284), (652, 'Basileuterus belli_Golden-browed Warbler', 0.013635744)]",
2026-02-05,13:09:55,"Chunk 0 from recording_20260205_130946.wav: [(6257, 'Turdus nigriceps_Andean Slaty Thrush', 0.35159293), (531, 'Asemospiza fuliginosa_Sooty Grassquit', 0.28674093), (6465, 'Zeledonia coronata_Wrenthrush', 0.25514212), (532, 'Asemospiza obscura_Dull-colored Grassquit', 0.12714621), (6185, 'Troglodytes solstitialis_Mountain Wren', 0.0314247)]",
2026-02-05,13:09:59,"Chunk 0 from recording_20260205_130952.wav: [(6185, 'Troglodytes solstitialis_Mountain Wren', 0.3300151), (3626, 'Mniotilta varia_Black-and-white Warbler', 0.10369423), (3776, 'Myiothlypis cinereicollis_Gray-throated Warbler', 0.07935016), (3777, 'Myiothlypis conspicillata_White-lored Warbler', 0.033939283), (231, 'Ammodramus savannarum_Grasshopper Sparrow', 0.030641636)]",
2026-02-05,13:10:12,"Chunk 0 from recording_20260205_131004.wav: [(4825, 'Polyerata decora_Charming Hummingbird', 0.29621398), (513, 'Arremon virenticeps_Green-striped Brushfinch', 0.17089435), (2311, 'Ficedula hyperythra_Snowy-browed Flycatcher', 0.13809268), (5616, 'Spindalis zena_Western Spindalis', 0.10786152), (5681, 'Sporophila schistacea_Slate-colored Seedeater', 0.08526103)]",
2026-02-05,13:10:31,"Chunk 0 from recording_20260205_131022.wav: [(532, 'Asemospiza obscura_Dull-colored Grassquit', 0.21698529), (656, 'Basileuterus melanogenys_Black-cheeked Warbler', 0.10530518), (3678, 'Muscicapa adusta_African Dusky Flycatcher', 0.051499918), (1254, 'Chlorospingus pileatus_Sooty-capped Chlorospingus', 0.043935053), (3506, 'Mellisuga helenae_Bee Hummingbird', 0.04108397)]",
2026-02-05,13:10:43,"Chunk 0 from recording_20260205_131035.wav: [(1254, 'Chlorospingus pileatus_Sooty-capped Chlorospingus', 0.24180555), (531, 'Asemospiza fuliginosa_Sooty Grassquit', 0.1512872), (3506, 'Mellisuga helenae_Bee Hummingbird', 0.12420775), (1938, 'Diglossa plumbea_Slaty Flowerpiercer', 0.11782894), (1359, 'Cinnyris pulchellus_Beautiful Sunbird', 0.067249015)]",
2026-02-05,13:10:50,"Chunk 0 from recording_20260205_131041.wav: [(532, 'Asemospiza obscura_Dull-colored Grassquit', 0.48244894), (6185, 'Troglodytes solstitialis_Mountain Wren', 0.15178254), (531, 'Asemospiza fuliginosa_Sooty Grassquit', 0.06786524), (1345, 'Cinnyris chalybeus_Southern Double-collared Sunbird', 0.061857652), (3488, 'Melanospiza bicolor_Black-faced Grassquit', 0.05387517)]",
2026-02-05,13:11:00,"Chunk 0 from recording_20260205_131053.wav: [(6185, 'Troglodytes solstitialis_Mountain Wren', 0.26424882), (3632, 'Molothrus ater_Brown-headed Cowbird', 0.1882602), (1060, ""Centronyx henslowii_Henslow's Sparrow"", 0.12528291), (531, 'Asemospiza fuliginosa_Sooty Grassquit', 0.039703082), (6465, 'Zeledonia coronata_Wrenthrush', 0.030338332)]",
2026-02-05,13:11:06,"Chunk 0 from recording_20260205_131059.wav: [(656, 'Basileuterus melanogenys_Black-cheeked Warbler', 0.31739682), (4059, 'Orchelimum agile_Agile Meadow Katydid', 0.094935894), (6465, 'Zeledonia coronata_Wrenthrush', 0.06250528), (1060, ""Centronyx henslowii_Henslow's Sparrow"", 0.050097488), (5899, 'Tangara dowii_Spangle-cheeked Tanager', 0.048724078)]",
2026-02-05,13:11:25,"Chunk 0 from recording_20260205_131117.wav: [(531, 'Asemospiza fuliginosa_Sooty Grassquit', 0.51553726), (532, 'Asemospiza obscura_Dull-colored Grassquit', 0.40406254), (6465, 'Zeledonia coronata_Wrenthrush', 0.16799626), (6257, 'Turdus nigriceps_Andean Slaty Thrush', 0.041016806), (1606, 'Coryphaspiza melanotis_Black-masked Finch', 0.021379016)]",
2026-02-05,13:11:41,"Chunk 0 from recording_20260205_131135.wav: [(5898, 'Tangara desmaresti_Brassy-breasted Tanager', 0.39548305), (4864, 'Premnornis guttuliger_Rusty-winged Barbtail', 0.11547583), (5897, 'Tangara cyanoventris_Gilt-edged Tanager', 0.11312278), (6465, 'Zeledonia coronata_Wrenthrush', 0.09148584), (1211, 'Chlorestes cyanus_White-chinned Sapphire', 0.09013475)]",
2026-02-05,13:12:20,"Chunk 0 from recording_20260205_131211.wav: [(3632, 'Molothrus ater_Brown-headed Cowbird', 0.6118387), (532, 'Asemospiza obscura_Dull-colored Grassquit', 0.1651215), (531, 'Asemospiza fuliginosa_Sooty Grassquit', 0.07730355), (2946, 'Incaspiza ortizi_Gray-winged Inca-Finch', 0.01834061), (1450, 'Coeligena iris_Rainbow Starfrontlet', 0.013756119)]",
2026-02-05,13:12:29,"Chunk 0 from recording_20260205_131223.wav: [(532, 'Asemospiza obscura_Dull-colored Grassquit', 0.30767483), (1938, 'Diglossa plumbea_Slaty Flowerpiercer', 0.18501893), (5551, 'Sicalis luteola_Grassland Yellow-Finch', 0.06586037), (1928, 'Diglossa baritula_Cinnamon-bellied Flowerpiercer', 0.05102966), (3374, 'Malurus cyaneus_Superb Fairywren', 0.045770805)]",
2026-02-05,13:12:36,"Chunk 0 from recording_20260205_131229.wav: [(531, 'Asemospiza fuliginosa_Sooty Grassquit', 0.78637385), (4059, 'Orchelimum agile_Agile Meadow Katydid', 0.0870208), (3632, 'Molothrus ater_Brown-headed Cowbird', 0.07764193), (237, ""Ammospiza leconteii_LeConte's Sparrow"", 0.025568517), (5522, 'Setophaga fusca_Blackburnian Warbler', 0.021622725)]",
2026-02-05,13:12:49,"Chunk 0 from recording_20260205_131241.wav: [(1938, 'Diglossa plumbea_Slaty Flowerpiercer', 0.33968416), (656, 'Basileuterus melanogenys_Black-cheeked Warbler', 0.12775004), (1031, 'Catharus gracilirostris_Black-billed Nightingale-Thrush', 0.054846022), (1931, 'Diglossa cyanea_Masked Flowerpiercer', 0.039316155), (5649, 'Sporathraupis cyanocephala_Blue-capped Tanager', 0.027583951)]",
2026-02-05,13:13:01,"Chunk 0 from recording_20260205_131253.wav: [(6465, 'Zeledonia coronata_Wrenthrush', 0.40975678), (3632, 'Molothrus ater_Brown-headed Cowbird', 0.08503957), (531, 'Asemospiza fuliginosa_Sooty Grassquit', 0.020960217), (656, 'Basileuterus melanogenys_Black-cheeked Warbler', 0.01968848), (6185, 'Troglodytes solstitialis_Mountain Wren', 0.015878381)]",
2026-02-05,13:13:14,"Chunk 0 from recording_20260205_131305.wav: [(6465, 'Zeledonia coronata_Wrenthrush', 0.25264713), (532, 'Asemospiza obscura_Dull-colored Grassquit', 0.19215584), (531, 'Asemospiza fuliginosa_Sooty Grassquit', 0.07753087), (6034, 'Threnetes leucurus_Pale-tailed Barbthroat', 0.015535354), (223, 'Amblycorypha longinicta_Common Virtuoso Katydid', 0.01471245)]",
2026-02-05,13:13:30,"Chunk 0 from recording_20260205_131323.wav: [(5255, 'Regulus regulus_Goldcrest', 0.30267614), (6465, 'Zeledonia coronata_Wrenthrush', 0.22909191), (4825, 'Polyerata decora_Charming Hummingbird', 0.11743376), (5907, 'Tangara nigroviridis_Beryl-spangled Tanager', 0.088725984), (6185, 'Troglodytes solstitialis_Mountain Wren', 0.08815267)]",
2026-02-05,13:13:43,"Chunk 0 from recording_20260205_131335.wav: [(656, 'Basileuterus melanogenys_Black-cheeked Warbler', 0.38443795), (531, 'Asemospiza fuliginosa_Sooty Grassquit', 0.27390048), (532, 'Asemospiza obscura_Dull-colored Grassquit', 0.05921782), (5907, 'Tangara nigroviridis_Beryl-spangled Tanager', 0.048323505), (1938, 'Diglossa plumbea_Slaty Flowerpiercer', 0.021136748)]",
2026-02-05,13:13:50,"Chunk 0 from recording_20260205_131341.wav: [(531, 'Asemospiza fuliginosa_Sooty Grassquit', 0.2464977), (6257, 'Turdus nigriceps_Andean Slaty Thrush', 0.1357025), (656, 'Basileuterus melanogenys_Black-cheeked Warbler', 0.09301312), (532, 'Asemospiza obscura_Dull-colored Grassquit', 0.047315367), (5907, 'Tangara nigroviridis_Beryl-spangled Tanager', 0.046057906)]",
2026-02-05,13:14:02,"Chunk 0 from recording_20260205_131354.wav: [(6034, 'Threnetes leucurus_Pale-tailed Barbthroat', 0.26249436), (3506, 'Mellisuga helenae_Bee Hummingbird', 0.13193884), (2142, 'Empidonomus varius_Variegated Flycatcher', 0.07098442), (1211, 'Chlorestes cyanus_White-chinned Sapphire', 0.05192853), (3632, 'Molothrus ater_Brown-headed Cowbird', 0.03128884)]",
2026-02-05,13:14:12,"Chunk 0 from recording_20260205_131406.wav: [(532, 'Asemospiza obscura_Dull-colored Grassquit', 0.26225942), (531, 'Asemospiza fuliginosa_Sooty Grassquit', 0.08136651), (1938, 'Diglossa plumbea_Slaty Flowerpiercer', 0.055318896), (3379, 'Malurus melanocephalus_Red-backed Fairywren', 0.023127988), (4862, 'Power tools_Power tools', 0.015302791)]",
2026-02-05,13:14:18,"Chunk 0 from recording_20260205_131412.wav: [(532, 'Asemospiza obscura_Dull-colored Grassquit', 0.55161095), (531, 'Asemospiza fuliginosa_Sooty Grassquit', 0.17937711), (1031, 'Catharus gracilirostris_Black-billed Nightingale-Thrush', 0.048099544), (1931, 'Diglossa cyanea_Masked Flowerpiercer', 0.03711545), (6185, 'Troglodytes solstitialis_Mountain Wren', 0.019170094)]",
2026-02-05,13:14:31,"Chunk 0 from recording_20260205_131424.wav: [(532, 'Asemospiza obscura_Dull-colored Grassquit', 0.21985722), (4390, 'Phaethornis eurynome_Scale-throated Hermit', 0.06713054), (6465, 'Zeledonia coronata_Wrenthrush', 0.033132903), (4779, 'Poecile rufescens_Chestnut-backed Chickadee', 0.020029549), (5897, 'Tangara cyanoventris_Gilt-edged Tanager', 0.01744417)]",
2026-02-05,13:15:03,"Chunk 0 from recording_20260205_131454.wav: [(531, 'Asemospiza fuliginosa_Sooty Grassquit', 0.39793295), (3632, 'Molothrus ater_Brown-headed Cowbird', 0.06727603), (2677, 'Haplospiza unicolor_Uniform Finch', 0.047108892), (1060, ""Centronyx henslowii_Henslow's Sparrow"", 0.02151295), (4862, 'Power tools_Power tools', 0.016186621)]",
2026-02-05,13:15:13,"Chunk 0 from recording_20260205_131506.wav: [(532, 'Asemospiza obscura_Dull-colored Grassquit', 0.47871602), (531, 'Asemospiza fuliginosa_Sooty Grassquit', 0.43689606), (656, 'Basileuterus melanogenys_Black-cheeked Warbler', 0.048652876), (657, 'Basileuterus melanotis_Costa Rican Warbler', 0.029821223), (6465, 'Zeledonia coronata_Wrenthrush', 0.021250892)]",
2026-02-05,13:15:19,"Chunk 0 from recording_20260205_131512.wav: [(532, 'Asemospiza obscura_Dull-colored Grassquit', 0.32819867), (5255, 'Regulus regulus_Goldcrest', 0.20731348), (6465, 'Zeledonia coronata_Wrenthrush', 0.1328869), (1938, 'Diglossa plumbea_Slaty Flowerpiercer', 0.05473825), (6247, 'Turdus leucops_Pale-eyed Thrush', 0.044462547)]",
2026-02-05,13:15:32,"Chunk 0 from recording_20260205_131524.wav: [(531, 'Asemospiza fuliginosa_Sooty Grassquit', 0.41643795), (532, 'Asemospiza obscura_Dull-colored Grassquit', 0.31375614), (2677, 'Haplospiza unicolor_Uniform Finch', 0.02286819), (656, 'Basileuterus melanogenys_Black-cheeked Warbler', 0.019798882), (237, ""Ammospiza leconteii_LeConte's Sparrow"", 0.018002307)]",
2026-02-05,13:15:39,"Chunk 0 from recording_20260205_131530.wav: [(532, 'Asemospiza obscura_Dull-colored Grassquit', 0.28982097), (531, 'Asemospiza fuliginosa_Sooty Grassquit', 0.11711945), (3632, 'Molothrus ater_Brown-headed Cowbird', 0.031405717), (2677, 'Haplospiza unicolor_Uniform Finch', 0.031288877), (6185, 'Troglodytes solstitialis_Mountain Wren', 0.028771106)]",
2026-02-05,13:15:45,"Chunk 0 from recording_20260205_131536.wav: [(6465, 'Zeledonia coronata_Wrenthrush', 0.3929117), (4395, 'Phaethornis longuemareus_Little Hermit', 0.0587732), (5907, 'Tangara nigroviridis_Beryl-spangled Tanager', 0.03773173), (573, 'Atlapetes albinucha_White-naped Brushfinch', 0.025462208), (5898, 'Tangara desmaresti_Brassy-breasted Tanager', 0.023957709)]",
2026-02-05,13:15:55,"Chunk 0 from recording_20260205_131548.wav: [(3626, 'Mniotilta varia_Black-and-white Warbler', 0.25285718), (1345, 'Cinnyris chalybeus_Southern Double-collared Sunbird', 0.19534564), (4593, 'Phylloscopus xanthoschistos_Gray-hooded Warbler', 0.17752382), (6185, 'Troglodytes solstitialis_Mountain Wren', 0.15349957), (4558, 'Phylloscopus maculipennis_Ashy-throated Warbler', 0.10306688)]",
2026-02-05,13:16:20,"Chunk 0 from recording_20260205_131612.wav: [(531, 'Asemospiza fuliginosa_Sooty Grassquit', 0.24365468), (893, ""Calypte anna_Anna's Hummingbird"", 0.040826067), (532, 'Asemospiza obscura_Dull-colored Grassquit', 0.027021803), (6257, 'Turdus nigriceps_Andean Slaty Thrush', 0.023657085), (1031, 'Catharus gracilirostris_Black-billed Nightingale-Thrush', 0.017512437)]",
2026-02-05,13:16:39,"Chunk 0 from recording_20260205_131630.wav: [(656, 'Basileuterus melanogenys_Black-cheeked Warbler', 0.38647494), (5907, 'Tangara nigroviridis_Beryl-spangled Tanager', 0.052330703), (297, 'Anisognathus lacrymosus_Lacrimose Mountain Tanager', 0.043463804), (1938, 'Diglossa plumbea_Slaty Flowerpiercer', 0.035097227), (1254, 'Chlorospingus pileatus_Sooty-capped Chlorospingus', 0.029699586)]",
2026-02-05,13:16:43,"Chunk 0 from recording_20260205_131636.wav: [(6465, 'Zeledonia coronata_Wrenthrush', 0.417532), (531, 'Asemospiza fuliginosa_Sooty Grassquit', 0.16202001), (532, 'Asemospiza obscura_Dull-colored Grassquit', 0.1437419), (1060, ""Centronyx henslowii_Henslow's Sparrow"", 0.099129654), (1606, 'Coryphaspiza melanotis_Black-masked Finch', 0.022283828)]",
2026-02-05,13:16:56,"Chunk 0 from recording_20260205_131648.wav: [(656, 'Basileuterus melanogenys_Black-cheeked Warbler', 0.28578115), (531, 'Asemospiza fuliginosa_Sooty Grassquit', 0.282974), (6257, 'Turdus nigriceps_Andean Slaty Thrush', 0.13758872), (3632, 'Molothrus ater_Brown-headed Cowbird', 0.059866015), (532, 'Asemospiza obscura_Dull-colored Grassquit', 0.04753889)]",
2026-02-05,13:17:08,"Chunk 0 from recording_20260205_131700.wav: [(532, 'Asemospiza obscura_Dull-colored Grassquit', 0.7498234), (531, 'Asemospiza fuliginosa_Sooty Grassquit', 0.07596973), (6465, 'Zeledonia coronata_Wrenthrush', 0.048003517), (6185, 'Troglodytes solstitialis_Mountain Wren', 0.030811464), (1060, ""Centronyx henslowii_Henslow's Sparrow"", 0.020005947)]",
2026-02-05,13:17:15,"Chunk 0 from recording_20260205_131707.wav: [(531, 'Asemospiza fuliginosa_Sooty Grassquit', 0.57600474), (532, 'Asemospiza obscura_Dull-colored Grassquit', 0.43204945), (1931, 'Diglossa cyanea_Masked Flowerpiercer', 0.053131178), (656, 'Basileuterus melanogenys_Black-cheeked Warbler', 0.016927136), (5907, 'Tangara nigroviridis_Beryl-spangled Tanager', 0.016063327)]",
2026-02-05,13:17:21,"Chunk 0 from recording_20260205_131713.wav: [(532, 'Asemospiza obscura_Dull-colored Grassquit', 0.50277084), (531, 'Asemospiza fuliginosa_Sooty Grassquit', 0.031131502), (5649, 'Sporathraupis cyanocephala_Blue-capped Tanager', 0.028443867), (1508, 'Conirostrum cinereum_Cinereous Conebill', 0.02465825), (1938, 'Diglossa plumbea_Slaty Flowerpiercer', 0.022705274)]",
2026-02-05,13:18:03,"Chunk 0 from recording_20260205_131755.wav: [(531, 'Asemospiza fuliginosa_Sooty Grassquit', 0.24364172), (532, 'Asemospiza obscura_Dull-colored Grassquit', 0.0927397), (3488, 'Melanospiza bicolor_Black-faced Grassquit', 0.065299004), (2311, 'Ficedula hyperythra_Snowy-browed Flycatcher', 0.042034738), (231, 'Ammodramus savannarum_Grasshopper Sparrow', 0.041253246)]",
2026-02-05,13:18:09,"Chunk 0 from recording_20260205_131801.wav: [(531, 'Asemospiza fuliginosa_Sooty Grassquit', 0.24190423), (532, 'Asemospiza obscura_Dull-colored Grassquit', 0.17784621), (4862, 'Power tools_Power tools', 0.07780198), (2818, 'Human non-vocal_Human non-vocal', 0.053531934), (2143, 'Engine_Engine', 0.042739343)]",
2026-02-05,13:18:16,"Chunk 0 from recording_20260205_131807.wav: [(3632, 'Molothrus ater_Brown-headed Cowbird', 0.42275348), (531, 'Asemospiza fuliginosa_Sooty Grassquit', 0.20597021), (532, 'Asemospiza obscura_Dull-colored Grassquit', 0.059313517), (6185, 'Troglodytes solstitialis_Mountain Wren', 0.05383933), (1060, ""Centronyx henslowii_Henslow's Sparrow"", 0.015801882)]",
2026-02-05,13:18:38,"Chunk 0 from recording_20260205_131831.wav: [(6465, 'Zeledonia coronata_Wrenthrush', 0.35972685), (6034, 'Threnetes leucurus_Pale-tailed Barbthroat', 0.029462168), (532, 'Asemospiza obscura_Dull-colored Grassquit', 0.028221149), (988, 'Cardellina rubra_Red Warbler', 0.026422562), (4395, 'Phaethornis longuemareus_Little Hermit', 0.020662483)]",
2026-02-05,13:18:57,"Chunk 0 from recording_20260205_131849.wav: [(3632, 'Molothrus ater_Brown-headed Cowbird', 0.25595778), (6185, 'Troglodytes solstitialis_Mountain Wren', 0.022513267), (6465, 'Zeledonia coronata_Wrenthrush', 0.017917395), (4862, 'Power tools_Power tools', 0.014152448), (1060, ""Centronyx henslowii_Henslow's Sparrow"", 0.012782725)]",
2026-02-05,13:19:10,"Chunk 0 from recording_20260205_131901.wav: [(6465, 'Zeledonia coronata_Wrenthrush', 0.20438547), (532, 'Asemospiza obscura_Dull-colored Grassquit', 0.06708299), (6257, 'Turdus nigriceps_Andean Slaty Thrush', 0.0092628095), (4862, 'Power tools_Power tools', 0.0080521135), (6247, 'Turdus leucops_Pale-eyed Thrush', 0.0072674723)]",
2026-02-05,13:19:14,"Chunk 0 from recording_20260205_131907.wav: [(532, 'Asemospiza obscura_Dull-colored Grassquit', 0.20092972), (531, 'Asemospiza fuliginosa_Sooty Grassquit', 0.12155168), (656, 'Basileuterus melanogenys_Black-cheeked Warbler', 0.017626388), (6465, 'Zeledonia coronata_Wrenthrush', 0.01577144), (1938, 'Diglossa plumbea_Slaty Flowerpiercer', 0.0148619255)]",
2026-02-05,13:19:20,"Chunk 0 from recording_20260205_131913.wav: [(6465, 'Zeledonia coronata_Wrenthrush', 0.2135094), (5255, 'Regulus regulus_Goldcrest', 0.05797853), (532, 'Asemospiza obscura_Dull-colored Grassquit', 0.056551203), (6247, 'Turdus leucops_Pale-eyed Thrush', 0.03732942), (5907, 'Tangara nigroviridis_Beryl-spangled Tanager', 0.032673888)]",
2026-02-05,13:19:58,"Chunk 0 from recording_20260205_131949.wav: [(531, 'Asemospiza fuliginosa_Sooty Grassquit', 0.4064698), (1060, ""Centronyx henslowii_Henslow's Sparrow"", 0.09343121), (532, 'Asemospiza obscura_Dull-colored Grassquit', 0.05073591), (3632, 'Molothrus ater_Brown-headed Cowbird', 0.03408265), (4335, 'Periparus venustulus_Yellow-bellied Tit', 0.021991804)]",
2026-02-05,13:20:05,"Chunk 0 from recording_20260205_131955.wav: [(531, 'Asemospiza fuliginosa_Sooty Grassquit', 0.26575947), (3632, 'Molothrus ater_Brown-headed Cowbird', 0.06097901), (6257, 'Turdus nigriceps_Andean Slaty Thrush', 0.04896223), (3678, 'Muscicapa adusta_African Dusky Flycatcher', 0.028568387), (6247, 'Turdus leucops_Pale-eyed Thrush', 0.019408619)]",
2026-02-05,13:20:15,"Chunk 0 from recording_20260205_132007.wav: [(531, 'Asemospiza fuliginosa_Sooty Grassquit', 0.9234148), (532, 'Asemospiza obscura_Dull-colored Grassquit', 0.22756314), (2677, 'Haplospiza unicolor_Uniform Finch', 0.096588954), (1031, 'Catharus gracilirostris_Black-billed Nightingale-Thrush', 0.038892426), (502, 'Arremon brunneinucha_Chestnut-capped Brushfinch', 0.03761212)]",
2026-02-05,13:20:21,"Chunk 0 from recording_20260205_132013.wav: [(531, 'Asemospiza fuliginosa_Sooty Grassquit', 0.21240374), (894, ""Calypte costae_Costa's Hummingbird"", 0.15924308), (3506, 'Mellisuga helenae_Bee Hummingbird', 0.086314395), (5480, 'Selasphorus rufus_Rufous Hummingbird', 0.06316006), (2677, 'Haplospiza unicolor_Uniform Finch', 0.03424547)]",
2026-02-05,13:20:34,"Chunk 0 from recording_20260205_132026.wav: [(531, 'Asemospiza fuliginosa_Sooty Grassquit', 0.35256323), (532, 'Asemospiza obscura_Dull-colored Grassquit', 0.031643063), (3632, 'Molothrus ater_Brown-headed Cowbird', 0.023913505), (4862, 'Power tools_Power tools', 0.022559514), (4335, 'Periparus venustulus_Yellow-bellied Tit', 0.021136317)]",
2026-02-05,13:20:53,"Chunk 0 from recording_20260205_132044.wav: [(532, 'Asemospiza obscura_Dull-colored Grassquit', 0.31622964), (1931, 'Diglossa cyanea_Masked Flowerpiercer', 0.16355929), (6185, 'Troglodytes solstitialis_Mountain Wren', 0.07210127), (1938, 'Diglossa plumbea_Slaty Flowerpiercer', 0.060002673), (5649, 'Sporathraupis cyanocephala_Blue-capped Tanager', 0.05890719)]",
2026-02-05,13:21:09,"Chunk 0 from recording_20260205_132102.wav: [(532, 'Asemospiza obscura_Dull-colored Grassquit', 0.45798886), (531, 'Asemospiza fuliginosa_Sooty Grassquit', 0.23009297), (6465, 'Zeledonia coronata_Wrenthrush', 0.053214036), (6257, 'Turdus nigriceps_Andean Slaty Thrush', 0.029810453), (3632, 'Molothrus ater_Brown-headed Cowbird', 0.01954049)]",
2026-02-05,13:21:22,"Chunk 0 from recording_20260205_132114.wav: [(532, 'Asemospiza obscura_Dull-colored Grassquit', 0.7064682), (531, 'Asemospiza fuliginosa_Sooty Grassquit', 0.62309796), (2677, 'Haplospiza unicolor_Uniform Finch', 0.06233011), (3488, 'Melanospiza bicolor_Black-faced Grassquit', 0.042332623), (6406, 'Volatinia jacarina_Blue-black Grassquit', 0.017523976)]",
2026-02-05,13:21:35,"Chunk 0 from recording_20260205_132126.wav: [(1060, ""Centronyx henslowii_Henslow's Sparrow"", 0.23695728), (532, 'Asemospiza obscura_Dull-colored Grassquit', 0.08635789), (531, 'Asemospiza fuliginosa_Sooty Grassquit', 0.06057991), (3632, 'Molothrus ater_Brown-headed Cowbird', 0.038780592), (2677, 'Haplospiza unicolor_Uniform Finch', 0.023158083)]",
2026-02-05,13:21:41,"Chunk 0 from recording_20260205_132132.wav: [(656, 'Basileuterus melanogenys_Black-cheeked Warbler', 0.31480974), (5907, 'Tangara nigroviridis_Beryl-spangled Tanager', 0.03833236), (531, 'Asemospiza fuliginosa_Sooty Grassquit', 0.019170793), (3632, 'Molothrus ater_Brown-headed Cowbird', 0.008179062), (532, 'Asemospiza obscura_Dull-colored Grassquit', 0.007988754)]",
2026-02-05,13:21:51,"Chunk 0 from recording_20260205_132144.wav: [(6312, 'Tyrannus tyrannus_Eastern Kingbird', 0.7783866), (3776, 'Myiothlypis cinereicollis_Gray-throated Warbler', 0.27243656), (1254, 'Chlorospingus pileatus_Sooty-capped Chlorospingus', 0.11236825), (1345, 'Cinnyris chalybeus_Southern Double-collared Sunbird', 0.10351825), (3632, 'Molothrus ater_Brown-headed Cowbird', 0.07978783)]",
2026-02-05,13:21:57,"Chunk 0 from recording_20260205_132150.wav: [(6034, 'Threnetes leucurus_Pale-tailed Barbthroat', 0.20734504), (531, 'Asemospiza fuliginosa_Sooty Grassquit', 0.18183716), (656, 'Basileuterus melanogenys_Black-cheeked Warbler', 0.13362901), (3506, 'Mellisuga helenae_Bee Hummingbird', 0.11746754), (532, 'Asemospiza obscura_Dull-colored Grassquit', 0.07330256)]",
2026-02-05,13:22:04,"Chunk 0 from recording_20260205_132156.wav: [(3506, 'Mellisuga helenae_Bee Hummingbird', 0.20764214), (6257, 'Turdus nigriceps_Andean Slaty Thrush', 0.0931376), (4825, 'Polyerata decora_Charming Hummingbird', 0.059305593), (1938, 'Diglossa plumbea_Slaty Flowerpiercer', 0.05732288), (5255, 'Regulus regulus_Goldcrest', 0.055959605)]",
2026-02-05,13:22:10,"Chunk 0 from recording_20260205_132202.wav: [(5255, 'Regulus regulus_Goldcrest', 0.57319945), (656, 'Basileuterus melanogenys_Black-cheeked Warbler', 0.063127145), (1904, 'Dicaeum ignipectus_Fire-breasted Flowerpecker', 0.047961194), (532, 'Asemospiza obscura_Dull-colored Grassquit', 0.046151128), (1745, 'Cyanistes caeruleus_Eurasian Blue Tit', 0.033082575)]",
2026-02-05,13:22:16,"Chunk 0 from recording_20260205_132208.wav: [(531, 'Asemospiza fuliginosa_Sooty Grassquit', 0.6055865), (532, 'Asemospiza obscura_Dull-colored Grassquit', 0.23530388), (1904, 'Dicaeum ignipectus_Fire-breasted Flowerpecker', 0.16314588), (1931, 'Diglossa cyanea_Masked Flowerpiercer', 0.09835864), (6465, 'Zeledonia coronata_Wrenthrush', 0.09347937)]",
2026-02-05,13:22:29,"Chunk 0 from recording_20260205_132220.wav: [(532, 'Asemospiza obscura_Dull-colored Grassquit', 0.23549698), (4061, 'Orchelimum pulchellum_Handsome Meadow Katydid', 0.028531892), (6465, 'Zeledonia coronata_Wrenthrush', 0.018527916), (1938, 'Diglossa plumbea_Slaty Flowerpiercer', 0.014255155), (5255, 'Regulus regulus_Goldcrest', 0.012300937)]",
2026-02-05,13:22:39,"Chunk 0 from recording_20260205_132232.wav: [(532, 'Asemospiza obscura_Dull-colored Grassquit', 0.34892988), (5649, 'Sporathraupis cyanocephala_Blue-capped Tanager', 0.21265814), (6465, 'Zeledonia coronata_Wrenthrush', 0.13436842), (652, 'Basileuterus belli_Golden-browed Warbler', 0.080151655), (3685, 'Muscicapa striata_Spotted Flycatcher', 0.057332963)]",
2026-02-05,13:22:52,"Chunk 0 from recording_20260205_132244.wav: [(531, 'Asemospiza fuliginosa_Sooty Grassquit', 0.20269755), (1938, 'Diglossa plumbea_Slaty Flowerpiercer', 0.08765655), (656, 'Basileuterus melanogenys_Black-cheeked Warbler', 0.07178514), (3626, 'Mniotilta varia_Black-and-white Warbler', 0.071596116), (532, 'Asemospiza obscura_Dull-colored Grassquit', 0.050778646)]",
2026-02-05,13:22:58,"Chunk 0 from recording_20260205_132250.wav: [(6465, 'Zeledonia coronata_Wrenthrush', 0.59432375), (3632, 'Molothrus ater_Brown-headed Cowbird', 0.060062643), (531, 'Asemospiza fuliginosa_Sooty Grassquit', 0.03448246), (4862, 'Power tools_Power tools', 0.029834403), (502, 'Arremon brunneinucha_Chestnut-capped Brushfinch', 0.023127683)]",
2026-02-05,13:23:11,"Chunk 0 from recording_20260205_132302.wav: [(532, 'Asemospiza obscura_Dull-colored Grassquit', 0.3349791), (1510, 'Conirostrum margaritae_Pearly-breasted Conebill', 0.19363908), (3506, 'Mellisuga helenae_Bee Hummingbird', 0.16591145), (1254, 'Chlorospingus pileatus_Sooty-capped Chlorospingus', 0.13277632), (3326, 'Machetornis rixosa_Cattle Tyrant', 0.04435987)]",
2026-02-05,13:23:33,"Chunk 0 from recording_20260205_132326.wav: [(1254, 'Chlorospingus pileatus_Sooty-capped Chlorospingus', 0.5728855), (656, 'Basileuterus melanogenys_Black-cheeked Warbler', 0.20124604), (297, 'Anisognathus lacrymosus_Lacrimose Mountain Tanager', 0.07014615), (3379, 'Malurus melanocephalus_Red-backed Fairywren', 0.046410073), (1938, 'Diglossa plumbea_Slaty Flowerpiercer', 0.028416352)]",
2026-02-05,13:23:46,"Chunk 0 from recording_20260205_132339.wav: [(6465, 'Zeledonia coronata_Wrenthrush', 0.26145953), (1254, 'Chlorospingus pileatus_Sooty-capped Chlorospingus', 0.04496248), (4779, 'Poecile rufescens_Chestnut-backed Chickadee', 0.023565575), (3632, 'Molothrus ater_Brown-headed Cowbird', 0.022706136), (4825, 'Polyerata decora_Charming Hummingbird', 0.019704795)]",
2026-02-05,13:24:12,"Chunk 0 from recording_20260205_132403.wav: [(656, 'Basileuterus melanogenys_Black-cheeked Warbler', 0.4170634), (3395, 'Margarornis squamiger_Pearled Treerunner', 0.21989995), (3394, 'Margarornis rubiginosus_Ruddy Treerunner', 0.14241996), (531, 'Asemospiza fuliginosa_Sooty Grassquit', 0.117483296), (5255, 'Regulus regulus_Goldcrest', 0.11230766)]",
2026-02-05,13:24:22,"Chunk 0 from recording_20260205_132415.wav: [(6465, 'Zeledonia coronata_Wrenthrush', 0.35162902), (532, 'Asemospiza obscura_Dull-colored Grassquit', 0.31917593), (656, 'Basileuterus melanogenys_Black-cheeked Warbler', 0.09416412), (6055, 'Tiaris olivaceus_Yellow-faced Grassquit', 0.06654398), (5681, 'Sporophila schistacea_Slate-colored Seedeater', 0.06492842)]",
2026-02-05,13:24:28,"Chunk 0 from recording_20260205_132421.wav: [(988, 'Cardellina rubra_Red Warbler', 0.22668923), (1938, 'Diglossa plumbea_Slaty Flowerpiercer', 0.16715784), (5255, 'Regulus regulus_Goldcrest', 0.13006327), (5898, 'Tangara desmaresti_Brassy-breasted Tanager', 0.09587422), (6055, 'Tiaris olivaceus_Yellow-faced Grassquit', 0.06676434)]",
2026-02-05,13:24:41,"Chunk 0 from recording_20260205_132433.wav: [(656, 'Basileuterus melanogenys_Black-cheeked Warbler', 0.34737927), (532, 'Asemospiza obscura_Dull-colored Grassquit', 0.13668963), (531, 'Asemospiza fuliginosa_Sooty Grassquit', 0.13555776), (660, 'Basileuterus tristriatus_Three-striped Warbler', 0.08546097), (1938, 'Diglossa plumbea_Slaty Flowerpiercer', 0.07246574)]",
2026-02-05,13:25:03,"Chunk 0 from recording_20260205_132457.wav: [(6465, 'Zeledonia coronata_Wrenthrush', 0.2249875), (6034, 'Threnetes leucurus_Pale-tailed Barbthroat', 0.09814058), (2818, 'Human non-vocal_Human non-vocal', 0.09616726), (4862, 'Power tools_Power tools', 0.06504097), (532, 'Asemospiza obscura_Dull-colored Grassquit', 0.051497832)]",
2026-02-05,13:25:10,"Chunk 0 from recording_20260205_132503.wav: [(532, 'Asemospiza obscura_Dull-colored Grassquit', 0.7103174), (531, 'Asemospiza fuliginosa_Sooty Grassquit', 0.2564692), (1938, 'Diglossa plumbea_Slaty Flowerpiercer', 0.046010956), (5649, 'Sporathraupis cyanocephala_Blue-capped Tanager', 0.035538007), (6465, 'Zeledonia coronata_Wrenthrush', 0.035514105)]",
2026-02-05,13:25:16,"Chunk 0 from recording_20260205_132509.wav: [(531, 'Asemospiza fuliginosa_Sooty Grassquit', 0.2107741), (532, 'Asemospiza obscura_Dull-colored Grassquit', 0.043468148), (6465, 'Zeledonia coronata_Wrenthrush', 0.033126198), (4593, 'Phylloscopus xanthoschistos_Gray-hooded Warbler', 0.03233432), (2311, 'Ficedula hyperythra_Snowy-browed Flycatcher', 0.02928607)]",
2026-02-05,13:25:29,"Chunk 0 from recording_20260205_132521.wav: [(531, 'Asemospiza fuliginosa_Sooty Grassquit', 0.22565371), (532, 'Asemospiza obscura_Dull-colored Grassquit', 0.054873932), (1060, ""Centronyx henslowii_Henslow's Sparrow"", 0.034503303), (3632, 'Molothrus ater_Brown-headed Cowbird', 0.011462354), (2677, 'Haplospiza unicolor_Uniform Finch', 0.0063882424)]",
2026-02-05,13:25:35,"Chunk 0 from recording_20260205_132527.wav: [(893, ""Calypte anna_Anna's Hummingbird"", 0.2318994), (5898, 'Tangara desmaresti_Brassy-breasted Tanager', 0.08333218), (2327, 'Florisuga mellivora_White-necked Jacobin', 0.06655718), (2326, 'Florisuga fusca_Black Jacobin', 0.038368404), (3865, 'Nemosia pileata_Hooded Tanager', 0.036944896)]",
                                                                                                                                                                                                                                                                                                                                                                                                                                                                                                                                                                                                                                                                                                                                                                                                                                                                                                                                                                                                                                                                                      2026-02-05,13:35:40,"Chunk 0 from recording_20260205_133521.wav: [(4862, 'Power tools_Power tools', 0.2723111), (2143, 'Engine_Engine', 0.10320248), (2325, 'Fireworks_Fireworks', 0.056827154), (184, 'Alouatta pigra_Mexican Black Howler Monkey', 0.037414175), (2819, 'Human vocal_Human vocal', 0.00897228)]",
2026-02-05,13:37:20,"Chunk 0 from recording_20260205_133711.wav: [(4862, 'Power tools_Power tools', 0.40447766), (2143, 'Engine_Engine', 0.07674411), (2325, 'Fireworks_Fireworks', 0.04941277), (1629, 'Coturnicops noveboracensis_Yellow Rail', 0.03910431), (2609, 'Gun_Gun', 0.03095489)]",
2026-02-05,13:37:26,"Chunk 0 from recording_20260205_133717.wav: [(4862, 'Power tools_Power tools', 0.38047847), (2325, 'Fireworks_Fireworks', 0.08376964), (2143, 'Engine_Engine', 0.061962925), (2609, 'Gun_Gun', 0.027313), (1629, 'Coturnicops noveboracensis_Yellow Rail', 0.009567914)]",
2026-02-05,13:37:30,"Chunk 0 from recording_20260205_133723.wav: [(4862, 'Power tools_Power tools', 0.50937617), (2143, 'Engine_Engine', 0.1256539), (2325, 'Fireworks_Fireworks', 0.089525804), (1629, 'Coturnicops noveboracensis_Yellow Rail', 0.055682432), (2609, 'Gun_Gun', 0.044818427)]",
2026-02-05,13:37:36,"Chunk 0 from recording_20260205_133729.wav: [(4862, 'Power tools_Power tools', 0.5819503), (2143, 'Engine_Engine', 0.16714893), (2609, 'Gun_Gun', 0.034413613), (2325, 'Fireworks_Fireworks', 0.02405075), (2818, 'Human non-vocal_Human non-vocal', 0.015208898)]",
2026-02-05,13:38:15,"Chunk 0 from recording_20260205_133805.wav: [(1758, 'Cyanocorax cyanopogon_White-naped Jay', 0.42760938), (6185, 'Troglodytes solstitialis_Mountain Wren', 0.3864004), (1938, 'Diglossa plumbea_Slaty Flowerpiercer', 0.2451921), (5649, 'Sporathraupis cyanocephala_Blue-capped Tanager', 0.16854797), (3626, 'Mniotilta varia_Black-and-white Warbler', 0.0557274)]",
2026-02-05,13:38:18,"Chunk 0 from recording_20260205_133811.wav: [(532, 'Asemospiza obscura_Dull-colored Grassquit', 0.29503474), (231, 'Ammodramus savannarum_Grasshopper Sparrow', 0.04349278), (6185, 'Troglodytes solstitialis_Mountain Wren', 0.032150976), (531, 'Asemospiza fuliginosa_Sooty Grassquit', 0.027359594), (2946, 'Incaspiza ortizi_Gray-winged Inca-Finch', 0.021287963)]",
2026-02-05,13:38:31,"Chunk 0 from recording_20260205_133824.wav: [(6185, 'Troglodytes solstitialis_Mountain Wren', 0.63321745), (4862, 'Power tools_Power tools', 0.07997976), (6465, 'Zeledonia coronata_Wrenthrush', 0.06353998), (2143, 'Engine_Engine', 0.054328844), (2818, 'Human non-vocal_Human non-vocal', 0.01895446)]",
2026-02-05,13:38:50,"Chunk 0 from recording_20260205_133842.wav: [(6185, 'Troglodytes solstitialis_Mountain Wren', 0.21439795), (6465, 'Zeledonia coronata_Wrenthrush', 0.14384887), (532, 'Asemospiza obscura_Dull-colored Grassquit', 0.11520816), (4593, 'Phylloscopus xanthoschistos_Gray-hooded Warbler', 0.03191012), (1254, 'Chlorospingus pileatus_Sooty-capped Chlorospingus', 0.023279967)]",
2026-02-05,13:39:06,"Chunk 0 from recording_20260205_133900.wav: [(4862, 'Power tools_Power tools', 0.29616567), (656, 'Basileuterus melanogenys_Black-cheeked Warbler', 0.24654742), (2143, 'Engine_Engine', 0.12511717), (2609, 'Gun_Gun', 0.090591915), (6247, 'Turdus leucops_Pale-eyed Thrush', 0.053437747)]",
2026-02-05,13:39:19,"Chunk 0 from recording_20260205_133912.wav: [(531, 'Asemospiza fuliginosa_Sooty Grassquit', 0.35004258), (532, 'Asemospiza obscura_Dull-colored Grassquit', 0.19375366), (3777, 'Myiothlypis conspicillata_White-lored Warbler', 0.06952035), (6185, 'Troglodytes solstitialis_Mountain Wren', 0.061144), (4862, 'Power tools_Power tools', 0.055512004)]",
2026-02-05,13:39:55,"Chunk 0 from recording_20260205_133948.wav: [(3632, 'Molothrus ater_Brown-headed Cowbird', 0.20548645), (6465, 'Zeledonia coronata_Wrenthrush', 0.038155254), (1060, ""Centronyx henslowii_Henslow's Sparrow"", 0.029375965), (531, 'Asemospiza fuliginosa_Sooty Grassquit', 0.028374588), (4862, 'Power tools_Power tools', 0.026669879)]",
2026-02-05,13:40:14,"Chunk 0 from recording_20260205_134006.wav: [(532, 'Asemospiza obscura_Dull-colored Grassquit', 0.33726996), (4862, 'Power tools_Power tools', 0.07193004), (2143, 'Engine_Engine', 0.052759815), (2609, 'Gun_Gun', 0.025397595), (2818, 'Human non-vocal_Human non-vocal', 0.024396116)]",
2026-02-05,13:40:43,"Chunk 0 from recording_20260205_134036.wav: [(531, 'Asemospiza fuliginosa_Sooty Grassquit', 0.3902461), (3506, 'Mellisuga helenae_Bee Hummingbird', 0.1291997), (532, 'Asemospiza obscura_Dull-colored Grassquit', 0.039188713), (4862, 'Power tools_Power tools', 0.03571695), (6257, 'Turdus nigriceps_Andean Slaty Thrush', 0.034853335)]",
2026-02-05,13:40:49,"Chunk 0 from recording_20260205_134042.wav: [(6185, 'Troglodytes solstitialis_Mountain Wren', 0.3342963), (4593, 'Phylloscopus xanthoschistos_Gray-hooded Warbler', 0.051081255), (6465, 'Zeledonia coronata_Wrenthrush', 0.041095965), (2143, 'Engine_Engine', 0.020962289), (532, 'Asemospiza obscura_Dull-colored Grassquit', 0.019694151)]",
2026-02-05,13:41:31,"Chunk 0 from recording_20260205_134125.wav: [(4862, 'Power tools_Power tools', 0.29477182), (2818, 'Human non-vocal_Human non-vocal', 0.074614264), (2143, 'Engine_Engine', 0.054903977), (2609, 'Gun_Gun', 0.02450196), (2325, 'Fireworks_Fireworks', 0.012028514)]",
2026-02-05,13:41:44,"Chunk 0 from recording_20260205_134137.wav: [(4862, 'Power tools_Power tools', 0.21407335), (2143, 'Engine_Engine', 0.061539024), (2325, 'Fireworks_Fireworks', 0.041116353), (2818, 'Human non-vocal_Human non-vocal', 0.039625492), (2609, 'Gun_Gun', 0.016661579)]",
2026-02-05,13:42:51,"Chunk 0 from recording_20260205_134243.wav: [(4862, 'Power tools_Power tools', 0.22767141), (2143, 'Engine_Engine', 0.110454306), (184, 'Alouatta pigra_Mexican Black Howler Monkey', 0.056264244), (2325, 'Fireworks_Fireworks', 0.054544255), (2609, 'Gun_Gun', 0.050901204)]",
2026-02-05,13:43:10,"Chunk 0 from recording_20260205_134301.wav: [(184, 'Alouatta pigra_Mexican Black Howler Monkey', 0.25748765), (4862, 'Power tools_Power tools', 0.15996489), (2143, 'Engine_Engine', 0.08116955), (2325, 'Fireworks_Fireworks', 0.019896828), (2609, 'Gun_Gun', 0.018792083)]",
2026-02-05,13:43:27,"Chunk 0 from recording_20260205_134319.wav: [(4862, 'Power tools_Power tools', 0.26022074), (2143, 'Engine_Engine', 0.14303167), (184, 'Alouatta pigra_Mexican Black Howler Monkey', 0.04672669), (2609, 'Gun_Gun', 0.037819058), (2325, 'Fireworks_Fireworks', 0.035210367)]",
2026-02-05,13:43:33,"Chunk 0 from recording_20260205_134325.wav: [(4862, 'Power tools_Power tools', 0.21003218), (2143, 'Engine_Engine', 0.13119796), (184, 'Alouatta pigra_Mexican Black Howler Monkey', 0.109689616), (2325, 'Fireworks_Fireworks', 0.055778828), (2609, 'Gun_Gun', 0.055052053)]",
2026-02-05,13:43:39,"Chunk 0 from recording_20260205_134331.wav: [(4862, 'Power tools_Power tools', 0.21307585), (184, 'Alouatta pigra_Mexican Black Howler Monkey', 0.180308), (2143, 'Engine_Engine', 0.077576295), (2325, 'Fireworks_Fireworks', 0.050296877), (2609, 'Gun_Gun', 0.046229754)]",
2026-02-05,13:43:46,"Chunk 0 from recording_20260205_134337.wav: [(184, 'Alouatta pigra_Mexican Black Howler Monkey', 0.33141539), (4862, 'Power tools_Power tools', 0.16833377), (2143, 'Engine_Engine', 0.06397743), (2325, 'Fireworks_Fireworks', 0.03227806), (2818, 'Human non-vocal_Human non-vocal', 0.03162866)]",
2026-02-05,13:44:34,"Chunk 0 from recording_20260205_134426.wav: [(4862, 'Power tools_Power tools', 0.40712985), (2143, 'Engine_Engine', 0.08031583), (2818, 'Human non-vocal_Human non-vocal', 0.072472505), (2609, 'Gun_Gun', 0.05026651), (5611, ""Sphyrapicus thyroideus_Williamson's Sapsucker"", 0.015471576)]",
2026-02-05,13:44:50,"Chunk 0 from recording_20260205_134444.wav: [(4862, 'Power tools_Power tools', 0.25745684), (184, 'Alouatta pigra_Mexican Black Howler Monkey', 0.13032423), (2609, 'Gun_Gun', 0.0705931), (2143, 'Engine_Engine', 0.06500615), (2325, 'Fireworks_Fireworks', 0.018636774)]",
2026-02-05,13:44:57,"Chunk 0 from recording_20260205_134450.wav: [(4862, 'Power tools_Power tools', 0.25639963), (2143, 'Engine_Engine', 0.09169092), (2609, 'Gun_Gun', 0.07017828), (184, 'Alouatta pigra_Mexican Black Howler Monkey', 0.048876952), (5560, 'Siren_Siren', 0.03476455)]",
2026-02-05,13:45:03,"Chunk 0 from recording_20260205_134456.wav: [(184, 'Alouatta pigra_Mexican Black Howler Monkey', 0.20041421), (4862, 'Power tools_Power tools', 0.19714883), (2143, 'Engine_Engine', 0.07449089), (2609, 'Gun_Gun', 0.013914995), (2325, 'Fireworks_Fireworks', 0.012990901)]",
2026-02-05,13:46:11,"Chunk 0 from recording_20260205_134602.wav: [(184, 'Alouatta pigra_Mexican Black Howler Monkey', 0.33562836), (4862, 'Power tools_Power tools', 0.10199569), (2143, 'Engine_Engine', 0.06502076), (2609, 'Gun_Gun', 0.013099319), (2325, 'Fireworks_Fireworks', 0.012717163)]",
2026-02-05,13:47:05,"Chunk 0 from recording_20260205_134656.wav: [(4862, 'Power tools_Power tools', 0.29093847), (2143, 'Engine_Engine', 0.1949528), (184, 'Alouatta pigra_Mexican Black Howler Monkey', 0.099785864), (2325, 'Fireworks_Fireworks', 0.047738962), (2609, 'Gun_Gun', 0.027322661)]",
2026-02-05,13:47:28,"Chunk 0 from recording_20260205_134721.wav: [(4464, 'Phoebastria immutabilis_Laysan Albatross', 0.24975729), (4862, 'Power tools_Power tools', 0.14407884), (2609, 'Gun_Gun', 0.10134553), (2234, 'Euphonia chlorotica_Purple-throated Euphonia', 0.06429467), (2249, 'Euphonia trinitatis_Trinidad Euphonia', 0.04459206)]",
2026-02-05,13:48:10,"Chunk 0 from recording_20260205_134803.wav: [(2299, 'Falco tinnunculus_Eurasian Kestrel', 0.22160178), (4862, 'Power tools_Power tools', 0.15876989), (2289, 'Falco columbarius_Merlin', 0.13789624), (2143, 'Engine_Engine', 0.078376636), (6361, 'Vanellus spinosus_Spur-winged Lapwing', 0.054031108)]",
2026-02-05,13:48:42,"Chunk 0 from recording_20260205_134833.wav: [(4862, 'Power tools_Power tools', 0.24032629), (184, 'Alouatta pigra_Mexican Black Howler Monkey', 0.13850364), (2325, 'Fireworks_Fireworks', 0.08819833), (2143, 'Engine_Engine', 0.06598636), (2609, 'Gun_Gun', 0.039851036)]",
2026-02-05,13:48:48,"Chunk 0 from recording_20260205_134839.wav: [(184, 'Alouatta pigra_Mexican Black Howler Monkey', 0.49999255), (4862, 'Power tools_Power tools', 0.21487424), (2143, 'Engine_Engine', 0.09039683), (2609, 'Gun_Gun', 0.02480595), (2325, 'Fireworks_Fireworks', 0.016770858)]",
2026-02-05,13:49:40,"Chunk 0 from recording_20260205_134933.wav: [(1690, 'Crotophaga major_Greater Ani', 0.30406603), (4862, 'Power tools_Power tools', 0.108951844), (2143, 'Engine_Engine', 0.0707279), (184, 'Alouatta pigra_Mexican Black Howler Monkey', 0.051410083), (5697, 'Steatornis caripensis_Oilbird', 0.027399052)]",
2026-02-05,13:49:46,"Chunk 0 from recording_20260205_134939.wav: [(4862, 'Power tools_Power tools', 0.23363717), (2609, 'Gun_Gun', 0.083464295), (2143, 'Engine_Engine', 0.041424293), (2819, 'Human vocal_Human vocal', 0.029666645), (2818, 'Human non-vocal_Human non-vocal', 0.029111734)]",
2026-02-05,13:49:59,"Chunk 0 from recording_20260205_134951.wav: [(4862, 'Power tools_Power tools', 0.21248384), (2143, 'Engine_Engine', 0.10344375), (2609, 'Gun_Gun', 0.024675502), (2818, 'Human non-vocal_Human non-vocal', 0.012238076), (6364, 'Vanellus vanellus_Northern Lapwing', 0.010708533)]",
2026-02-05,13:50:18,"Chunk 0 from recording_20260205_135009.wav: [(3414, 'Megascops asio_Eastern Screech-Owl', 0.27026066), (3424, 'Megascops kennicottii_Western Screech-Owl', 0.17947492), (5760, 'Strix aluco_Tawny Owl', 0.05192198), (2449, 'Gavia immer_Common Loon', 0.027474072), (2408, ""Gallinago delicata_Wilson's Snipe"", 0.026099885)]",
2026-02-05,13:58:14,"Chunk 0 from recording_20260205_135806.wav: [(184, 'Alouatta pigra_Mexican Black Howler Monkey', 0.30678123), (4862, 'Power tools_Power tools', 0.11020475), (2143, 'Engine_Engine', 0.041881897), (2609, 'Gun_Gun', 0.013044686), (2325, 'Fireworks_Fireworks', 0.0093058925)]",
2026-02-05,14:10:37,"Chunk 0 from recording_20260205_141028.wav: [(184, 'Alouatta pigra_Mexican Black Howler Monkey', 0.21117356), (3429, 'Megascops sanctaecatarinae_Long-tufted Screech-Owl', 0.02074032), (749, 'Bubo virginianus_Great Horned Owl', 0.010077777), (3424, 'Megascops kennicottii_Western Screech-Owl', 0.009989878), (5760, 'Strix aluco_Tawny Owl', 0.007818456)]",
2026-02-05,14:13:08,"Chunk 0 from recording_20260205_141259.wav: [(4862, 'Power tools_Power tools', 0.25938833), (2143, 'Engine_Engine', 0.099450015), (2609, 'Gun_Gun', 0.049547058), (184, 'Alouatta pigra_Mexican Black Howler Monkey', 0.040252242), (2325, 'Fireworks_Fireworks', 0.009070107)]",
2026-02-05,14:13:14,"Chunk 0 from recording_20260205_141305.wav: [(4862, 'Power tools_Power tools', 0.6006306), (2143, 'Engine_Engine', 0.2138217), (2325, 'Fireworks_Fireworks', 0.2060912), (1032, 'Catharus guttatus_Hermit Thrush', 0.08239669), (2609, 'Gun_Gun', 0.06745911)]",
2026-02-05,14:13:18,"Chunk 0 from recording_20260205_141311.wav: [(4862, 'Power tools_Power tools', 0.4548374), (2143, 'Engine_Engine', 0.23079307), (2325, 'Fireworks_Fireworks', 0.07301091), (2609, 'Gun_Gun', 0.06940534), (184, 'Alouatta pigra_Mexican Black Howler Monkey', 0.030837895)]",
2026-02-05,14:13:24,"Chunk 0 from recording_20260205_141317.wav: [(4862, 'Power tools_Power tools', 0.62384427), (2143, 'Engine_Engine', 0.1485303), (2818, 'Human non-vocal_Human non-vocal', 0.03354619), (2609, 'Gun_Gun', 0.03024725), (5560, 'Siren_Siren', 0.026252821)]",
2026-02-05,14:13:37,"Chunk 0 from recording_20260205_141329.wav: [(4862, 'Power tools_Power tools', 0.45917493), (2143, 'Engine_Engine', 0.19235462), (2325, 'Fireworks_Fireworks', 0.13137117), (2609, 'Gun_Gun', 0.049412142), (2818, 'Human non-vocal_Human non-vocal', 0.040873446)]",
2026-02-05,14:13:44,"Chunk 0 from recording_20260205_141335.wav: [(4862, 'Power tools_Power tools', 0.3281279), (2325, 'Fireworks_Fireworks', 0.059309818), (2143, 'Engine_Engine', 0.05744928), (2818, 'Human non-vocal_Human non-vocal', 0.025582312), (1997, 'Dryocopus martius_Black Woodpecker', 0.022790283)]",
2026-02-05,14:13:50,"Chunk 0 from recording_20260205_141341.wav: [(4862, 'Power tools_Power tools', 0.5341676), (2325, 'Fireworks_Fireworks', 0.26438686), (2143, 'Engine_Engine', 0.20746385), (2609, 'Gun_Gun', 0.040304333), (4464, 'Phoebastria immutabilis_Laysan Albatross', 0.028038593)]",
2026-02-05,14:13:56,"Chunk 0 from recording_20260205_141348.wav: [(4862, 'Power tools_Power tools', 0.26948538), (184, 'Alouatta pigra_Mexican Black Howler Monkey', 0.10569857), (2143, 'Engine_Engine', 0.06428064), (2325, 'Fireworks_Fireworks', 0.048234254), (2609, 'Gun_Gun', 0.020099986)]",
2026-02-05,14:15:26,"Chunk 0 from recording_20260205_141518.wav: [(3429, 'Megascops sanctaecatarinae_Long-tufted Screech-Owl', 0.6262402), (3015, 'Lagopus lagopus_Willow Ptarmigan', 0.100815125), (4862, 'Power tools_Power tools', 0.051675078), (2143, 'Engine_Engine', 0.032894723), (2362, 'Fratercula arctica_Atlantic Puffin', 0.029015768)]",
2026-02-05,14:15:49,"Chunk 0 from recording_20260205_141542.wav: [(4862, 'Power tools_Power tools', 0.20825972), (2143, 'Engine_Engine', 0.058713038), (184, 'Alouatta pigra_Mexican Black Howler Monkey', 0.054315567), (2818, 'Human non-vocal_Human non-vocal', 0.023455666), (2325, 'Fireworks_Fireworks', 0.020610485)]",
2026-02-05,14:16:37,"Chunk 0 from recording_20260205_141630.wav: [(4862, 'Power tools_Power tools', 0.3611391), (2143, 'Engine_Engine', 0.10001103), (2325, 'Fireworks_Fireworks', 0.04860785), (184, 'Alouatta pigra_Mexican Black Howler Monkey', 0.024034446), (2818, 'Human non-vocal_Human non-vocal', 0.019920254)]",
2026-02-05,14:17:09,"Chunk 0 from recording_20260205_141701.wav: [(4862, 'Power tools_Power tools', 0.26771116), (2143, 'Engine_Engine', 0.09178995), (184, 'Alouatta pigra_Mexican Black Howler Monkey', 0.042315055), (2609, 'Gun_Gun', 0.03964852), (2325, 'Fireworks_Fireworks', 0.027895758)]",
2026-02-05,14:17:16,"Chunk 0 from recording_20260205_141707.wav: [(4862, 'Power tools_Power tools', 0.21139784), (2143, 'Engine_Engine', 0.07257201), (184, 'Alouatta pigra_Mexican Black Howler Monkey', 0.034742285), (2325, 'Fireworks_Fireworks', 0.024590004), (2818, 'Human non-vocal_Human non-vocal', 0.023540119)]",
2026-02-05,14:17:22,"Chunk 0 from recording_20260205_141713.wav: [(184, 'Alouatta pigra_Mexican Black Howler Monkey', 0.25065878), (4862, 'Power tools_Power tools', 0.09120759), (2143, 'Engine_Engine', 0.04142933), (2609, 'Gun_Gun', 0.0111897215), (2325, 'Fireworks_Fireworks', 0.0099733295)]",
2026-02-05,14:17:38,"Chunk 0 from recording_20260205_141731.wav: [(4862, 'Power tools_Power tools', 0.23826231), (184, 'Alouatta pigra_Mexican Black Howler Monkey', 0.150619), (2143, 'Engine_Engine', 0.09932491), (2325, 'Fireworks_Fireworks', 0.07733119), (2818, 'Human non-vocal_Human non-vocal', 0.011499598)]",
2026-02-05,14:18:04,"Chunk 0 from recording_20260205_141755.wav: [(4862, 'Power tools_Power tools', 0.3263609), (2143, 'Engine_Engine', 0.17155671), (2818, 'Human non-vocal_Human non-vocal', 0.029466396), (2609, 'Gun_Gun', 0.026366575), (184, 'Alouatta pigra_Mexican Black Howler Monkey', 0.011209953)]",
2026-02-05,14:18:10,"Chunk 0 from recording_20260205_141801.wav: [(4862, 'Power tools_Power tools', 0.3954978), (2143, 'Engine_Engine', 0.16557139), (2818, 'Human non-vocal_Human non-vocal', 0.025152631), (1799, 'Cygnus buccinator_Trumpeter Swan', 0.0140017895), (368, 'Antigone canadensis_Sandhill Crane', 0.011183824)]",
2026-02-05,14:18:14,"Chunk 0 from recording_20260205_141807.wav: [(4862, 'Power tools_Power tools', 0.5860351), (184, 'Alouatta pigra_Mexican Black Howler Monkey', 0.56034493), (2143, 'Engine_Engine', 0.100284584), (2325, 'Fireworks_Fireworks', 0.06524149), (2609, 'Gun_Gun', 0.04769872)]",
2026-02-05,14:18:20,"Chunk 0 from recording_20260205_141813.wav: [(4862, 'Power tools_Power tools', 0.25771022), (184, 'Alouatta pigra_Mexican Black Howler Monkey', 0.100803755), (2143, 'Engine_Engine', 0.0942007), (2609, 'Gun_Gun', 0.07291299), (2325, 'Fireworks_Fireworks', 0.024887687)]",
2026-02-05,14:18:33,"Chunk 0 from recording_20260205_141825.wav: [(4862, 'Power tools_Power tools', 0.3455539), (2325, 'Fireworks_Fireworks', 0.16545878), (184, 'Alouatta pigra_Mexican Black Howler Monkey', 0.11842402), (2143, 'Engine_Engine', 0.11156887), (2818, 'Human non-vocal_Human non-vocal', 0.02018275)]",
2026-02-05,14:18:46,"Chunk 0 from recording_20260205_141837.wav: [(4862, 'Power tools_Power tools', 0.32503653), (184, 'Alouatta pigra_Mexican Black Howler Monkey', 0.085348), (2143, 'Engine_Engine', 0.07146474), (2818, 'Human non-vocal_Human non-vocal', 0.033817414), (2325, 'Fireworks_Fireworks', 0.03228678)]",
2026-02-05,14:19:28,"Chunk 0 from recording_20260205_141919.wav: [(4862, 'Power tools_Power tools', 0.35651174), (2143, 'Engine_Engine', 0.11949264), (184, 'Alouatta pigra_Mexican Black Howler Monkey', 0.069657445), (2325, 'Fireworks_Fireworks', 0.062414408), (2818, 'Human non-vocal_Human non-vocal', 0.022715809)]",
2026-02-05,14:20:22,"Chunk 0 from recording_20260205_142014.wav: [(4862, 'Power tools_Power tools', 0.21454625), (2143, 'Engine_Engine', 0.18983361), (184, 'Alouatta pigra_Mexican Black Howler Monkey', 0.15134706), (2818, 'Human non-vocal_Human non-vocal', 0.06554047), (2609, 'Gun_Gun', 0.0493937)]",
2026-02-05,14:20:38,"Chunk 0 from recording_20260205_142032.wav: [(4862, 'Power tools_Power tools', 0.25393087), (2143, 'Engine_Engine', 0.118966475), (184, 'Alouatta pigra_Mexican Black Howler Monkey', 0.05500876), (2325, 'Fireworks_Fireworks', 0.04285255), (1265, 'Chordeiles acutipennis_Lesser Nighthawk', 0.017502243)]",
2026-02-05,14:21:27,"Chunk 0 from recording_20260205_142120.wav: [(4862, 'Power tools_Power tools', 0.4377908), (2143, 'Engine_Engine', 0.15120362), (184, 'Alouatta pigra_Mexican Black Howler Monkey', 0.065813616), (2818, 'Human non-vocal_Human non-vocal', 0.023271816), (2609, 'Gun_Gun', 0.017598156)]",
2026-02-05,14:21:33,"Chunk 0 from recording_20260205_142126.wav: [(4862, 'Power tools_Power tools', 0.25324687), (2143, 'Engine_Engine', 0.03938219), (2325, 'Fireworks_Fireworks', 0.032103434), (2609, 'Gun_Gun', 0.025278945), (184, 'Alouatta pigra_Mexican Black Howler Monkey', 0.014619248)]",
2026-02-05,14:21:39,"Chunk 0 from recording_20260205_142132.wav: [(4862, 'Power tools_Power tools', 0.23081878), (2143, 'Engine_Engine', 0.13575184), (184, 'Alouatta pigra_Mexican Black Howler Monkey', 0.031230537), (2325, 'Fireworks_Fireworks', 0.016481843), (2609, 'Gun_Gun', 0.012356248)]",
2026-02-05,14:21:46,"Chunk 0 from recording_20260205_142138.wav: [(4862, 'Power tools_Power tools', 0.32058722), (2143, 'Engine_Engine', 0.09953725), (184, 'Alouatta pigra_Mexican Black Howler Monkey', 0.071689926), (2325, 'Fireworks_Fireworks', 0.044398677), (2609, 'Gun_Gun', 0.009969545)]",
2026-02-05,14:22:40,"Chunk 0 from recording_20260205_142233.wav: [(1265, 'Chordeiles acutipennis_Lesser Nighthawk', 0.3316875), (6460, 'Zapornia paykullii_Band-bellied Crake', 0.24454552), (3544, 'Mesembrinibis cayennensis_Green Ibis', 0.092771105), (368, 'Antigone canadensis_Sandhill Crane', 0.087677576), (3414, 'Megascops asio_Eastern Screech-Owl', 0.05550874)]",
2026-02-05,14:22:53,"Chunk 0 from recording_20260205_142245.wav: [(4862, 'Power tools_Power tools', 0.21653256), (2143, 'Engine_Engine', 0.051435817), (2325, 'Fireworks_Fireworks', 0.03127234), (2609, 'Gun_Gun', 0.03034759), (184, 'Alouatta pigra_Mexican Black Howler Monkey', 0.01573468)]",
2026-02-05,14:23:00,"Chunk 0 from recording_20260205_142251.wav: [(4862, 'Power tools_Power tools', 0.27955246), (2325, 'Fireworks_Fireworks', 0.052442797), (2143, 'Engine_Engine', 0.046471827), (184, 'Alouatta pigra_Mexican Black Howler Monkey', 0.043081205), (2609, 'Gun_Gun', 0.042529453)]",
2026-02-05,14:23:29,"Chunk 0 from recording_20260205_142321.wav: [(4862, 'Power tools_Power tools', 0.30343238), (2143, 'Engine_Engine', 0.07577228), (2325, 'Fireworks_Fireworks', 0.037619952), (2609, 'Gun_Gun', 0.021476192), (184, 'Alouatta pigra_Mexican Black Howler Monkey', 0.015742902)]",
2026-02-05,14:23:42,"Chunk 0 from recording_20260205_142333.wav: [(4862, 'Power tools_Power tools', 0.39194018), (2143, 'Engine_Engine', 0.086609565), (2325, 'Fireworks_Fireworks', 0.086569816), (2818, 'Human non-vocal_Human non-vocal', 0.029092763), (4607, 'Picoides tridactylus_Eurasian Three-toed Woodpecker', 0.021231066)]",
2026-02-05,14:23:48,"Chunk 0 from recording_20260205_142339.wav: [(4862, 'Power tools_Power tools', 0.22589263), (2143, 'Engine_Engine', 0.07749185), (184, 'Alouatta pigra_Mexican Black Howler Monkey', 0.061597504), (2325, 'Fireworks_Fireworks', 0.021601658), (2818, 'Human non-vocal_Human non-vocal', 0.017743694)]",
2026-02-05,14:23:51,"Chunk 0 from recording_20260205_142345.wav: [(4862, 'Power tools_Power tools', 0.36689544), (2143, 'Engine_Engine', 0.14582308), (2325, 'Fireworks_Fireworks', 0.047939982), (2818, 'Human non-vocal_Human non-vocal', 0.0096286815), (2609, 'Gun_Gun', 0.009477119)]",
2026-02-05,14:23:58,"Chunk 0 from recording_20260205_142351.wav: [(4862, 'Power tools_Power tools', 0.26110747), (2143, 'Engine_Engine', 0.07287725), (184, 'Alouatta pigra_Mexican Black Howler Monkey', 0.06667077), (2325, 'Fireworks_Fireworks', 0.035399534), (2818, 'Human non-vocal_Human non-vocal', 0.0114316465)]",
2026-02-05,14:24:04,"Chunk 0 from recording_20260205_142357.wav: [(4862, 'Power tools_Power tools', 0.441544), (2818, 'Human non-vocal_Human non-vocal', 0.14797147), (2143, 'Engine_Engine', 0.08578026), (3015, 'Lagopus lagopus_Willow Ptarmigan', 0.05146183), (2609, 'Gun_Gun', 0.051400326)]",
2026-02-05,14:24:17,"Chunk 0 from recording_20260205_142409.wav: [(4862, 'Power tools_Power tools', 0.32803637), (2143, 'Engine_Engine', 0.0997263), (2325, 'Fireworks_Fireworks', 0.024616826), (184, 'Alouatta pigra_Mexican Black Howler Monkey', 0.021688908), (2818, 'Human non-vocal_Human non-vocal', 0.013547039)]",
2026-02-05,14:24:23,"Chunk 0 from recording_20260205_142415.wav: [(4862, 'Power tools_Power tools', 0.30908805), (2143, 'Engine_Engine', 0.17494632), (184, 'Alouatta pigra_Mexican Black Howler Monkey', 0.13906199), (2609, 'Gun_Gun', 0.06516765), (2325, 'Fireworks_Fireworks', 0.014916464)]",
2026-02-05,14:24:40,"Chunk 0 from recording_20260205_142433.wav: [(4862, 'Power tools_Power tools', 0.28737852), (2143, 'Engine_Engine', 0.0862714), (2325, 'Fireworks_Fireworks', 0.07772815), (184, 'Alouatta pigra_Mexican Black Howler Monkey', 0.022248719), (2609, 'Gun_Gun', 0.019199807)]",
2026-02-05,14:24:46,"Chunk 0 from recording_20260205_142439.wav: [(4862, 'Power tools_Power tools', 0.36959156), (2143, 'Engine_Engine', 0.109944135), (2325, 'Fireworks_Fireworks', 0.079849064), (2609, 'Gun_Gun', 0.04522184), (184, 'Alouatta pigra_Mexican Black Howler Monkey', 0.04395032)]",
2026-02-05,14:24:52,"Chunk 0 from recording_20260205_142445.wav: [(4862, 'Power tools_Power tools', 0.37509823), (2143, 'Engine_Engine', 0.18292704), (184, 'Alouatta pigra_Mexican Black Howler Monkey', 0.11429258), (4971, 'Psilopogon chrysopogon_Gold-whiskered Barbet', 0.03742995), (1265, 'Chordeiles acutipennis_Lesser Nighthawk', 0.0335887)]",
2026-02-05,14:24:59,"Chunk 0 from recording_20260205_142451.wav: [(4862, 'Power tools_Power tools', 0.22139081), (2143, 'Engine_Engine', 0.055468556), (2325, 'Fireworks_Fireworks', 0.031516746), (184, 'Alouatta pigra_Mexican Black Howler Monkey', 0.015971871), (2818, 'Human non-vocal_Human non-vocal', 0.0137748085)]",
2026-02-05,14:25:18,"Chunk 0 from recording_20260205_142509.wav: [(4862, 'Power tools_Power tools', 0.23523374), (2143, 'Engine_Engine', 0.05831753), (2818, 'Human non-vocal_Human non-vocal', 0.022981973), (2325, 'Fireworks_Fireworks', 0.014077042), (411, 'Apis mellifera_Honey Bee', 0.008633046)]",
2026-02-05,14:25:24,"Chunk 0 from recording_20260205_142515.wav: [(4862, 'Power tools_Power tools', 0.39057752), (2143, 'Engine_Engine', 0.13495071), (2325, 'Fireworks_Fireworks', 0.02586575), (2818, 'Human non-vocal_Human non-vocal', 0.016868692), (2609, 'Gun_Gun', 0.015397925)]",
2026-02-05,14:25:34,"Chunk 0 from recording_20260205_142528.wav: [(4862, 'Power tools_Power tools', 0.2510601), (2143, 'Engine_Engine', 0.059254237), (2325, 'Fireworks_Fireworks', 0.03953897), (2609, 'Gun_Gun', 0.014654721), (4607, 'Picoides tridactylus_Eurasian Three-toed Woodpecker', 0.008617621)]",
2026-02-05,14:26:42,"Chunk 0 from recording_20260205_142634.wav: [(4862, 'Power tools_Power tools', 0.27696705), (2143, 'Engine_Engine', 0.16711023), (2325, 'Fireworks_Fireworks', 0.02241092), (2609, 'Gun_Gun', 0.016273804), (184, 'Alouatta pigra_Mexican Black Howler Monkey', 0.015647203)]",
2026-02-05,14:26:48,"Chunk 0 from recording_20260205_142640.wav: [(4862, 'Power tools_Power tools', 0.30036655), (2143, 'Engine_Engine', 0.06790854), (2325, 'Fireworks_Fireworks', 0.03702223), (2609, 'Gun_Gun', 0.019032717), (2819, 'Human vocal_Human vocal', 0.008752029)]",
2026-02-05,14:26:55,"Chunk 0 from recording_20260205_142646.wav: [(4862, 'Power tools_Power tools', 0.33444637), (2143, 'Engine_Engine', 0.09966539), (2609, 'Gun_Gun', 0.021184111), (2325, 'Fireworks_Fireworks', 0.01160552), (2818, 'Human non-vocal_Human non-vocal', 0.005966482)]",
2026-02-05,14:27:01,"Chunk 0 from recording_20260205_142652.wav: [(4862, 'Power tools_Power tools', 0.30642852), (2143, 'Engine_Engine', 0.09347773), (2325, 'Fireworks_Fireworks', 0.040547516), (184, 'Alouatta pigra_Mexican Black Howler Monkey', 0.025423113), (2609, 'Gun_Gun', 0.015105403)]",
2026-02-05,14:27:11,"Chunk 0 from recording_20260205_142704.wav: [(4862, 'Power tools_Power tools', 0.21644151), (184, 'Alouatta pigra_Mexican Black Howler Monkey', 0.15919176), (2143, 'Engine_Engine', 0.07789699), (2325, 'Fireworks_Fireworks', 0.03558842), (2818, 'Human non-vocal_Human non-vocal', 0.015449852)]",
2026-02-05,14:27:24,"Chunk 0 from recording_20260205_142716.wav: [(4862, 'Power tools_Power tools', 0.2106335), (2143, 'Engine_Engine', 0.07677947), (184, 'Alouatta pigra_Mexican Black Howler Monkey', 0.029003868), (2325, 'Fireworks_Fireworks', 0.026306208), (2818, 'Human non-vocal_Human non-vocal', 0.016562346)]",
2026-02-05,14:27:30,"Chunk 0 from recording_20260205_142722.wav: [(4862, 'Power tools_Power tools', 0.34424698), (2143, 'Engine_Engine', 0.13046885), (2325, 'Fireworks_Fireworks', 0.017807826), (184, 'Alouatta pigra_Mexican Black Howler Monkey', 0.012644014), (2609, 'Gun_Gun', 0.011491768)]",
2026-02-05,14:27:37,"Chunk 0 from recording_20260205_142728.wav: [(4862, 'Power tools_Power tools', 0.45558074), (2143, 'Engine_Engine', 0.24119389), (2818, 'Human non-vocal_Human non-vocal', 0.04242948), (2609, 'Gun_Gun', 0.028742211), (1799, 'Cygnus buccinator_Trumpeter Swan', 0.027834067)]",
2026-02-05,14:27:43,"Chunk 0 from recording_20260205_142734.wav: [(4862, 'Power tools_Power tools', 0.37394542), (2143, 'Engine_Engine', 0.11949202), (2325, 'Fireworks_Fireworks', 0.03430916), (2609, 'Gun_Gun', 0.0151481405), (2818, 'Human non-vocal_Human non-vocal', 0.0060463645)]",
2026-02-05,14:27:53,"Chunk 0 from recording_20260205_142746.wav: [(4862, 'Power tools_Power tools', 0.24982506), (2143, 'Engine_Engine', 0.14027762), (2325, 'Fireworks_Fireworks', 0.04739924), (184, 'Alouatta pigra_Mexican Black Howler Monkey', 0.044200927), (2609, 'Gun_Gun', 0.027591793)]",
2026-02-05,14:28:06,"Chunk 0 from recording_20260205_142758.wav: [(4862, 'Power tools_Power tools', 0.44933268), (2143, 'Engine_Engine', 0.10548696), (2609, 'Gun_Gun', 0.048061647), (184, 'Alouatta pigra_Mexican Black Howler Monkey', 0.022738984), (2818, 'Human non-vocal_Human non-vocal', 0.019890012)]",
2026-02-05,14:28:12,"Chunk 0 from recording_20260205_142804.wav: [(4862, 'Power tools_Power tools', 0.27946985), (2143, 'Engine_Engine', 0.08728217), (2325, 'Fireworks_Fireworks', 0.04427535), (2609, 'Gun_Gun', 0.0351137), (184, 'Alouatta pigra_Mexican Black Howler Monkey', 0.016821334)]",
2026-02-05,14:28:18,"Chunk 0 from recording_20260205_142811.wav: [(4862, 'Power tools_Power tools', 0.22765185), (2143, 'Engine_Engine', 0.08184034), (2325, 'Fireworks_Fireworks', 0.020054862), (2818, 'Human non-vocal_Human non-vocal', 0.01669073), (2609, 'Gun_Gun', 0.006905493)]",
2026-02-05,14:28:25,"Chunk 0 from recording_20260205_142817.wav: [(184, 'Alouatta pigra_Mexican Black Howler Monkey', 0.2683009), (4862, 'Power tools_Power tools', 0.20050934), (2143, 'Engine_Engine', 0.12498963), (2325, 'Fireworks_Fireworks', 0.0519036), (2609, 'Gun_Gun', 0.01618559)]",
2026-02-05,14:28:31,"Chunk 0 from recording_20260205_142823.wav: [(4862, 'Power tools_Power tools', 0.25327614), (2143, 'Engine_Engine', 0.09874356), (2325, 'Fireworks_Fireworks', 0.030888503), (184, 'Alouatta pigra_Mexican Black Howler Monkey', 0.01646446), (4607, 'Picoides tridactylus_Eurasian Three-toed Woodpecker', 0.014033957)]",
2026-02-05,14:28:38,"Chunk 0 from recording_20260205_142829.wav: [(4862, 'Power tools_Power tools', 0.30037734), (2143, 'Engine_Engine', 0.049115334), (2325, 'Fireworks_Fireworks', 0.0250268), (2818, 'Human non-vocal_Human non-vocal', 0.01578448), (2609, 'Gun_Gun', 0.009802821)]",
2026-02-05,14:28:41,"Chunk 0 from recording_20260205_142835.wav: [(4862, 'Power tools_Power tools', 0.35813332), (2143, 'Engine_Engine', 0.11803083), (2325, 'Fireworks_Fireworks', 0.06275348), (2818, 'Human non-vocal_Human non-vocal', 0.022897622), (2609, 'Gun_Gun', 0.021233082)]",
2026-02-05,14:28:54,"Chunk 0 from recording_20260205_142847.wav: [(4862, 'Power tools_Power tools', 0.341522), (2143, 'Engine_Engine', 0.09986158), (2325, 'Fireworks_Fireworks', 0.055033837), (2818, 'Human non-vocal_Human non-vocal', 0.034333814), (184, 'Alouatta pigra_Mexican Black Howler Monkey', 0.030484086)]",
2026-02-05,14:29:00,"Chunk 0 from recording_20260205_142853.wav: [(4862, 'Power tools_Power tools', 0.36780283), (2143, 'Engine_Engine', 0.18611208), (2325, 'Fireworks_Fireworks', 0.024634933), (2609, 'Gun_Gun', 0.015871936), (2818, 'Human non-vocal_Human non-vocal', 0.0076636444)]",
2026-02-05,14:29:07,"Chunk 0 from recording_20260205_142859.wav: [(4862, 'Power tools_Power tools', 0.45118824), (2143, 'Engine_Engine', 0.20290682), (184, 'Alouatta pigra_Mexican Black Howler Monkey', 0.05366535), (2818, 'Human non-vocal_Human non-vocal', 0.053400982), (2325, 'Fireworks_Fireworks', 0.034783076)]",
2026-02-05,14:29:19,"Chunk 0 from recording_20260205_142911.wav: [(4862, 'Power tools_Power tools', 0.3579791), (2143, 'Engine_Engine', 0.18078743), (2325, 'Fireworks_Fireworks', 0.031099798), (2609, 'Gun_Gun', 0.01647661), (2818, 'Human non-vocal_Human non-vocal', 0.013895628)]",
2026-02-05,14:29:26,"Chunk 0 from recording_20260205_142917.wav: [(4862, 'Power tools_Power tools', 0.20451854), (184, 'Alouatta pigra_Mexican Black Howler Monkey', 0.12632935), (2143, 'Engine_Engine', 0.08044321), (2609, 'Gun_Gun', 0.07207407), (2325, 'Fireworks_Fireworks', 0.028020408)]",
2026-02-05,14:29:32,"Chunk 0 from recording_20260205_142923.wav: [(4862, 'Power tools_Power tools', 0.21791), (2143, 'Engine_Engine', 0.1267487), (2325, 'Fireworks_Fireworks', 0.040654432), (2818, 'Human non-vocal_Human non-vocal', 0.025316495), (2609, 'Gun_Gun', 0.018486159)]",
2026-02-05,14:29:36,"Chunk 0 from recording_20260205_142929.wav: [(4862, 'Power tools_Power tools', 0.21755695), (2143, 'Engine_Engine', 0.15615162), (1799, 'Cygnus buccinator_Trumpeter Swan', 0.034042276), (2325, 'Fireworks_Fireworks', 0.029406568), (2818, 'Human non-vocal_Human non-vocal', 0.027253712)]",
2026-02-05,14:29:42,"Chunk 0 from recording_20260205_142935.wav: [(4862, 'Power tools_Power tools', 0.30152327), (2143, 'Engine_Engine', 0.17434476), (1265, 'Chordeiles acutipennis_Lesser Nighthawk', 0.024237573), (967, ""Caprimulgus atripennis_Jerdon's Nightjar"", 0.021522773), (2325, 'Fireworks_Fireworks', 0.013600132)]",
2026-02-05,14:30:01,"Chunk 0 from recording_20260205_142953.wav: [(4862, 'Power tools_Power tools', 0.34381965), (2143, 'Engine_Engine', 0.17590135), (2609, 'Gun_Gun', 0.026911018), (184, 'Alouatta pigra_Mexican Black Howler Monkey', 0.01603193), (2818, 'Human non-vocal_Human non-vocal', 0.013533053)]",
2026-02-05,14:30:08,"Chunk 0 from recording_20260205_142959.wav: [(4862, 'Power tools_Power tools', 0.23297946), (2143, 'Engine_Engine', 0.13257189), (2325, 'Fireworks_Fireworks', 0.062365085), (184, 'Alouatta pigra_Mexican Black Howler Monkey', 0.022679185), (2609, 'Gun_Gun', 0.011655735)]",
2026-02-05,14:30:24,"Chunk 0 from recording_20260205_143017.wav: [(4862, 'Power tools_Power tools', 0.21793719), (2143, 'Engine_Engine', 0.11778677), (2609, 'Gun_Gun', 0.050028026), (2818, 'Human non-vocal_Human non-vocal', 0.046382826), (2819, 'Human vocal_Human vocal', 0.024537321)]",
2026-02-05,14:30:43,"Chunk 0 from recording_20260205_143035.wav: [(4862, 'Power tools_Power tools', 0.21735226), (2143, 'Engine_Engine', 0.09199847), (184, 'Alouatta pigra_Mexican Black Howler Monkey', 0.061695073), (2818, 'Human non-vocal_Human non-vocal', 0.032926876), (2325, 'Fireworks_Fireworks', 0.025339484)]",
2026-02-05,14:30:50,"Chunk 0 from recording_20260205_143041.wav: [(4862, 'Power tools_Power tools', 0.31572533), (2143, 'Engine_Engine', 0.14859688), (2818, 'Human non-vocal_Human non-vocal', 0.0414591), (184, 'Alouatta pigra_Mexican Black Howler Monkey', 0.041087054), (2609, 'Gun_Gun', 0.039096255)]",
2026-02-05,14:31:02,"Chunk 0 from recording_20260205_143053.wav: [(4862, 'Power tools_Power tools', 0.288195), (2143, 'Engine_Engine', 0.13254754), (2325, 'Fireworks_Fireworks', 0.084452175), (2609, 'Gun_Gun', 0.015895229), (1799, 'Cygnus buccinator_Trumpeter Swan', 0.009691849)]",
2026-02-05,14:31:19,"Chunk 0 from recording_20260205_143112.wav: [(4862, 'Power tools_Power tools', 0.35065627), (2143, 'Engine_Engine', 0.10928822), (2325, 'Fireworks_Fireworks', 0.0143398065), (1799, 'Cygnus buccinator_Trumpeter Swan', 0.009252509), (2818, 'Human non-vocal_Human non-vocal', 0.0077755013)]",
2026-02-05,14:31:25,"Chunk 0 from recording_20260205_143118.wav: [(4862, 'Power tools_Power tools', 0.3181123), (2143, 'Engine_Engine', 0.10222612), (2818, 'Human non-vocal_Human non-vocal', 0.03773859), (2325, 'Fireworks_Fireworks', 0.02324463), (184, 'Alouatta pigra_Mexican Black Howler Monkey', 0.021107618)]",
2026-02-05,14:31:31,"Chunk 0 from recording_20260205_143124.wav: [(4862, 'Power tools_Power tools', 0.31896088), (2143, 'Engine_Engine', 0.1032124), (2325, 'Fireworks_Fireworks', 0.05534401), (2818, 'Human non-vocal_Human non-vocal', 0.013230333), (2609, 'Gun_Gun', 0.010284121)]",
2026-02-05,14:31:38,"Chunk 0 from recording_20260205_143130.wav: [(4862, 'Power tools_Power tools', 0.25776333), (2143, 'Engine_Engine', 0.11945032), (2325, 'Fireworks_Fireworks', 0.04072853), (2609, 'Gun_Gun', 0.0370108), (5560, 'Siren_Siren', 0.0045734737)]",
2026-02-05,14:31:44,"Chunk 0 from recording_20260205_143136.wav: [(4862, 'Power tools_Power tools', 0.24686544), (2143, 'Engine_Engine', 0.08692837), (2325, 'Fireworks_Fireworks', 0.028594684), (2818, 'Human non-vocal_Human non-vocal', 0.015928807), (4607, 'Picoides tridactylus_Eurasian Three-toed Woodpecker', 0.0067157964)]",
2026-02-05,14:31:57,"Chunk 0 from recording_20260205_143148.wav: [(4862, 'Power tools_Power tools', 0.27581787), (2143, 'Engine_Engine', 0.11427583), (2325, 'Fireworks_Fireworks', 0.02674799), (2818, 'Human non-vocal_Human non-vocal', 0.0155640105), (2609, 'Gun_Gun', 0.011593394)]",
2026-02-05,14:32:00,"Chunk 0 from recording_20260205_143154.wav: [(4862, 'Power tools_Power tools', 0.21728313), (2143, 'Engine_Engine', 0.0785052), (2325, 'Fireworks_Fireworks', 0.019851532), (2818, 'Human non-vocal_Human non-vocal', 0.015505628), (2609, 'Gun_Gun', 0.008822902)]",
2026-02-05,14:32:07,"Chunk 0 from recording_20260205_143200.wav: [(4862, 'Power tools_Power tools', 0.23353225), (2143, 'Engine_Engine', 0.08721934), (2325, 'Fireworks_Fireworks', 0.026723523), (1265, 'Chordeiles acutipennis_Lesser Nighthawk', 0.025731936), (1997, 'Dryocopus martius_Black Woodpecker', 0.024041506)]",
2026-02-05,14:32:32,"Chunk 0 from recording_20260205_143224.wav: [(4862, 'Power tools_Power tools', 0.25149667), (2143, 'Engine_Engine', 0.08659291), (2325, 'Fireworks_Fireworks', 0.048095223), (2609, 'Gun_Gun', 0.019717561), (2818, 'Human non-vocal_Human non-vocal', 0.017714895)]",
2026-02-05,14:32:39,"Chunk 0 from recording_20260205_143230.wav: [(4862, 'Power tools_Power tools', 0.24817248), (2325, 'Fireworks_Fireworks', 0.10210775), (2143, 'Engine_Engine', 0.06765459), (2818, 'Human non-vocal_Human non-vocal', 0.050747383), (2609, 'Gun_Gun', 0.025663707)]",
2026-02-05,14:33:08,"Chunk 0 from recording_20260205_143300.wav: [(4862, 'Power tools_Power tools', 0.34738132), (2143, 'Engine_Engine', 0.063620165), (2299, 'Falco tinnunculus_Eurasian Kestrel', 0.04028976), (2818, 'Human non-vocal_Human non-vocal', 0.029541818), (2325, 'Fireworks_Fireworks', 0.021002311)]",
2026-02-05,14:33:14,"Chunk 0 from recording_20260205_143306.wav: [(4862, 'Power tools_Power tools', 0.24904019), (2143, 'Engine_Engine', 0.16556887), (184, 'Alouatta pigra_Mexican Black Howler Monkey', 0.036493532), (2325, 'Fireworks_Fireworks', 0.022640768), (2818, 'Human non-vocal_Human non-vocal', 0.019680388)]",
2026-02-05,14:33:21,"Chunk 0 from recording_20260205_143312.wav: [(4862, 'Power tools_Power tools', 0.23344961), (2818, 'Human non-vocal_Human non-vocal', 0.06530196), (2325, 'Fireworks_Fireworks', 0.06448165), (2609, 'Gun_Gun', 0.028273795), (2819, 'Human vocal_Human vocal', 0.023771705)]",
2026-02-05,14:33:56,"Chunk 0 from recording_20260205_143348.wav: [(4862, 'Power tools_Power tools', 0.31519675), (2143, 'Engine_Engine', 0.072944954), (2325, 'Fireworks_Fireworks', 0.03233499), (2818, 'Human non-vocal_Human non-vocal', 0.010629314), (2609, 'Gun_Gun', 0.005518036)]",
2026-02-05,14:34:09,"Chunk 0 from recording_20260205_143400.wav: [(4862, 'Power tools_Power tools', 0.23982565), (2143, 'Engine_Engine', 0.069395795), (2325, 'Fireworks_Fireworks', 0.052854363), (4607, 'Picoides tridactylus_Eurasian Three-toed Woodpecker', 0.0222518), (2818, 'Human non-vocal_Human non-vocal', 0.015258334)]",
2026-02-05,14:34:25,"Chunk 0 from recording_20260205_143419.wav: [(4862, 'Power tools_Power tools', 0.30394033), (2143, 'Engine_Engine', 0.061865468), (2325, 'Fireworks_Fireworks', 0.051802356), (2609, 'Gun_Gun', 0.011546617), (2818, 'Human non-vocal_Human non-vocal', 0.0068735066)]",
2026-02-05,14:34:32,"Chunk 0 from recording_20260205_143425.wav: [(4862, 'Power tools_Power tools', 0.2683988), (2143, 'Engine_Engine', 0.18217911), (2325, 'Fireworks_Fireworks', 0.049692016), (2609, 'Gun_Gun', 0.043802887), (184, 'Alouatta pigra_Mexican Black Howler Monkey', 0.036488496)]",
2026-02-05,14:34:38,"Chunk 0 from recording_20260205_143431.wav: [(4862, 'Power tools_Power tools', 0.4912409), (2143, 'Engine_Engine', 0.10546487), (2325, 'Fireworks_Fireworks', 0.035432987), (2609, 'Gun_Gun', 0.023311175), (184, 'Alouatta pigra_Mexican Black Howler Monkey', 0.01576896)]",
2026-02-05,14:34:51,"Chunk 0 from recording_20260205_143443.wav: [(4862, 'Power tools_Power tools', 0.27334756), (2143, 'Engine_Engine', 0.07282979), (184, 'Alouatta pigra_Mexican Black Howler Monkey', 0.029248416), (2325, 'Fireworks_Fireworks', 0.028412791), (2818, 'Human non-vocal_Human non-vocal', 0.016749108)]",
2026-02-05,14:35:20,"Chunk 0 from recording_20260205_143513.wav: [(4862, 'Power tools_Power tools', 0.36272275), (2143, 'Engine_Engine', 0.0488754), (2609, 'Gun_Gun', 0.03986303), (2818, 'Human non-vocal_Human non-vocal', 0.025816247), (2325, 'Fireworks_Fireworks', 0.01393313)]",
2026-02-05,17:13:02,"Chunk 0 from recording_20260205_171254.wav: [(4862, 'Power tools_Power tools', 0.24939674), (2609, 'Gun_Gun', 0.048916403), (2143, 'Engine_Engine', 0.048758212), (184, 'Alouatta pigra_Mexican Black Howler Monkey', 0.01874396), (2325, 'Fireworks_Fireworks', 0.01841785)]",
2026-02-05,17:13:08,"Chunk 0 from recording_20260205_171300.wav: [(4862, 'Power tools_Power tools', 0.46052358), (184, 'Alouatta pigra_Mexican Black Howler Monkey', 0.20991701), (2609, 'Gun_Gun', 0.07866522), (2143, 'Engine_Engine', 0.07031096), (5560, 'Siren_Siren', 0.026200328)]",
2026-02-05,17:13:15,"Chunk 0 from recording_20260205_171306.wav: [(4862, 'Power tools_Power tools', 0.32591802), (2143, 'Engine_Engine', 0.07230852), (184, 'Alouatta pigra_Mexican Black Howler Monkey', 0.044438113), (2609, 'Gun_Gun', 0.027761946), (2818, 'Human non-vocal_Human non-vocal', 0.020212322)]",
2026-02-05,17:13:21,"Chunk 0 from recording_20260205_171312.wav: [(4862, 'Power tools_Power tools', 0.4708695), (2609, 'Gun_Gun', 0.1059549), (2143, 'Engine_Engine', 0.10468491), (2325, 'Fireworks_Fireworks', 0.017352559), (184, 'Alouatta pigra_Mexican Black Howler Monkey', 0.014466373)]",
2026-02-05,17:13:27,"Chunk 0 from recording_20260205_171318.wav: [(4862, 'Power tools_Power tools', 0.34689212), (2143, 'Engine_Engine', 0.056378048), (2609, 'Gun_Gun', 0.03303467), (2325, 'Fireworks_Fireworks', 0.025678245), (5560, 'Siren_Siren', 0.0028953806)]",
2026-02-05,17:13:37,"Chunk 0 from recording_20260205_171330.wav: [(4862, 'Power tools_Power tools', 0.25168395), (2143, 'Engine_Engine', 0.06800593), (2325, 'Fireworks_Fireworks', 0.015358302), (2609, 'Gun_Gun', 0.014229561), (2818, 'Human non-vocal_Human non-vocal', 0.013683588)]",
2026-02-05,17:13:43,"Chunk 0 from recording_20260205_171336.wav: [(4862, 'Power tools_Power tools', 0.41767058), (2143, 'Engine_Engine', 0.086361036), (2609, 'Gun_Gun', 0.064180955), (2325, 'Fireworks_Fireworks', 0.021413272), (184, 'Alouatta pigra_Mexican Black Howler Monkey', 0.009688074)]",
2026-02-05,17:14:31,"Chunk 0 from recording_20260205_171424.wav: [(4862, 'Power tools_Power tools', 0.20138031), (184, 'Alouatta pigra_Mexican Black Howler Monkey', 0.07068153), (2143, 'Engine_Engine', 0.047200516), (2325, 'Fireworks_Fireworks', 0.03522319), (2609, 'Gun_Gun', 0.020898793)]",
2026-02-05,17:15:20,"Chunk 0 from recording_20260205_171513.wav: [(4862, 'Power tools_Power tools', 0.20419931), (2143, 'Engine_Engine', 0.060039002), (2325, 'Fireworks_Fireworks', 0.04391083), (2818, 'Human non-vocal_Human non-vocal', 0.020573186), (184, 'Alouatta pigra_Mexican Black Howler Monkey', 0.015993921)]",
2026-02-05,17:15:32,"Chunk 0 from recording_20260205_171525.wav: [(4862, 'Power tools_Power tools', 0.23062982), (184, 'Alouatta pigra_Mexican Black Howler Monkey', 0.21921746), (2143, 'Engine_Engine', 0.049247827), (2609, 'Gun_Gun', 0.040346093), (2325, 'Fireworks_Fireworks', 0.017840046)]",
2026-02-05,17:16:14,"Chunk 0 from recording_20260205_171607.wav: [(4862, 'Power tools_Power tools', 0.24433802), (184, 'Alouatta pigra_Mexican Black Howler Monkey', 0.10918005), (2143, 'Engine_Engine', 0.082595), (2818, 'Human non-vocal_Human non-vocal', 0.032064132), (2325, 'Fireworks_Fireworks', 0.018164447)]",
2026-02-05,17:16:20,"Chunk 0 from recording_20260205_171613.wav: [(4862, 'Power tools_Power tools', 0.352803), (2818, 'Human non-vocal_Human non-vocal', 0.07100065), (2143, 'Engine_Engine', 0.041504193), (2609, 'Gun_Gun', 0.012022696), (2325, 'Fireworks_Fireworks', 0.010750913)]",
2026-02-05,17:16:49,"Chunk 0 from recording_20260205_171643.wav: [(4862, 'Power tools_Power tools', 0.27633566), (2143, 'Engine_Engine', 0.05734766), (2609, 'Gun_Gun', 0.0369488), (2325, 'Fireworks_Fireworks', 0.027045846), (2818, 'Human non-vocal_Human non-vocal', 0.02556253)]",
2026-02-05,17:17:02,"Chunk 0 from recording_20260205_171655.wav: [(4862, 'Power tools_Power tools', 0.20356877), (184, 'Alouatta pigra_Mexican Black Howler Monkey', 0.09339915), (2143, 'Engine_Engine', 0.05348531), (2609, 'Gun_Gun', 0.042641766), (2325, 'Fireworks_Fireworks', 0.019231124)]",
2026-02-05,17:17:41,"Chunk 0 from recording_20260205_171731.wav: [(4862, 'Power tools_Power tools', 0.24966232), (184, 'Alouatta pigra_Mexican Black Howler Monkey', 0.15528268), (2143, 'Engine_Engine', 0.07332832), (2818, 'Human non-vocal_Human non-vocal', 0.031672876), (2609, 'Gun_Gun', 0.022518381)]",
2026-02-05,17:17:57,"Chunk 0 from recording_20260205_171749.wav: [(4862, 'Power tools_Power tools', 0.30668074), (2325, 'Fireworks_Fireworks', 0.03840609), (2143, 'Engine_Engine', 0.03669562), (2609, 'Gun_Gun', 0.02658788), (184, 'Alouatta pigra_Mexican Black Howler Monkey', 0.019051109)]",
2026-02-05,17:18:03,"Chunk 0 from recording_20260205_171755.wav: [(4862, 'Power tools_Power tools', 0.24654019), (184, 'Alouatta pigra_Mexican Black Howler Monkey', 0.11998844), (2143, 'Engine_Engine', 0.059556983), (2609, 'Gun_Gun', 0.032250553), (2325, 'Fireworks_Fireworks', 0.02565222)]",
2026-02-05,17:18:09,"Chunk 0 from recording_20260205_171801.wav: [(4862, 'Power tools_Power tools', 0.30083936), (2143, 'Engine_Engine', 0.062825024), (2325, 'Fireworks_Fireworks', 0.03953694), (184, 'Alouatta pigra_Mexican Black Howler Monkey', 0.037715144), (2609, 'Gun_Gun', 0.033500392)]",
2026-02-05,17:18:16,"Chunk 0 from recording_20260205_171807.wav: [(4862, 'Power tools_Power tools', 0.23636363), (2143, 'Engine_Engine', 0.10058908), (184, 'Alouatta pigra_Mexican Black Howler Monkey', 0.06192007), (2609, 'Gun_Gun', 0.021166686), (2818, 'Human non-vocal_Human non-vocal', 0.02111862)]",
2026-02-05,17:18:22,"Chunk 0 from recording_20260205_171813.wav: [(4862, 'Power tools_Power tools', 0.2952669), (2325, 'Fireworks_Fireworks', 0.07681961), (2143, 'Engine_Engine', 0.054512087), (2609, 'Gun_Gun', 0.041758824), (184, 'Alouatta pigra_Mexican Black Howler Monkey', 0.028015029)]",
2026-02-05,17:18:32,"Chunk 0 from recording_20260205_171825.wav: [(2609, 'Gun_Gun', 0.29180804), (4862, 'Power tools_Power tools', 0.16374741), (5882, 'Tadorna ferruginea_Ruddy Shelduck', 0.136436), (2819, 'Human vocal_Human vocal', 0.03337967), (2818, 'Human non-vocal_Human non-vocal', 0.03132997)]",
2026-02-05,17:19:23,"Chunk 0 from recording_20260205_171914.wav: [(4862, 'Power tools_Power tools', 0.27083156), (2143, 'Engine_Engine', 0.063521326), (2819, 'Human vocal_Human vocal', 0.01781062), (2609, 'Gun_Gun', 0.015137296), (2818, 'Human non-vocal_Human non-vocal', 0.0058813556)]",
2026-02-05,17:19:33,"Chunk 0 from recording_20260205_171926.wav: [(2818, 'Human non-vocal_Human non-vocal', 0.24976675), (4422, 'Phasianus colchicus_Ring-necked Pheasant', 0.09136409), (4862, 'Power tools_Power tools', 0.083964825), (5125, 'Puffinus nativitatis_Christmas Shearwater', 0.025877876), (5560, 'Siren_Siren', 0.008260652)]",
2026-02-05,17:19:39,"Chunk 0 from recording_20260205_171932.wav: [(4862, 'Power tools_Power tools', 0.60449433), (2818, 'Human non-vocal_Human non-vocal', 0.054210268), (2325, 'Fireworks_Fireworks', 0.05225188), (2143, 'Engine_Engine', 0.03803756), (2609, 'Gun_Gun', 0.007564082)]",
2026-02-05,17:19:46,"Chunk 0 from recording_20260205_171938.wav: [(184, 'Alouatta pigra_Mexican Black Howler Monkey', 0.2521179), (4862, 'Power tools_Power tools', 0.15767677), (2143, 'Engine_Engine', 0.0602669), (2609, 'Gun_Gun', 0.05755552), (2818, 'Human non-vocal_Human non-vocal', 0.023530085)]",
2026-02-05,17:20:47,"Chunk 0 from recording_20260205_172038.wav: [(4862, 'Power tools_Power tools', 0.29822785), (2609, 'Gun_Gun', 0.11977956), (2143, 'Engine_Engine', 0.05350623), (184, 'Alouatta pigra_Mexican Black Howler Monkey', 0.032776594), (5560, 'Siren_Siren', 0.012001548)]",
2026-02-05,17:20:59,"Chunk 0 from recording_20260205_172050.wav: [(4862, 'Power tools_Power tools', 0.216779), (184, 'Alouatta pigra_Mexican Black Howler Monkey', 0.069107145), (2143, 'Engine_Engine', 0.04526927), (2609, 'Gun_Gun', 0.02114358), (2325, 'Fireworks_Fireworks', 0.013136407)]",
2026-02-05,17:21:03,"Chunk 0 from recording_20260205_172056.wav: [(4862, 'Power tools_Power tools', 0.34075543), (2609, 'Gun_Gun', 0.14231193), (2143, 'Engine_Engine', 0.05859943), (2325, 'Fireworks_Fireworks', 0.014189832), (5560, 'Siren_Siren', 0.005335284)]",
2026-02-05,17:21:41,"Chunk 0 from recording_20260205_172132.wav: [(4862, 'Power tools_Power tools', 0.2178708), (184, 'Alouatta pigra_Mexican Black Howler Monkey', 0.06506037), (2143, 'Engine_Engine', 0.04352675), (2609, 'Gun_Gun', 0.037097972), (2325, 'Fireworks_Fireworks', 0.009151077)]",
2026-02-05,17:22:10,"Chunk 0 from recording_20260205_172203.wav: [(4862, 'Power tools_Power tools', 0.4624409), (184, 'Alouatta pigra_Mexican Black Howler Monkey', 0.10117818), (2143, 'Engine_Engine', 0.09094324), (2609, 'Gun_Gun', 0.056817252), (2325, 'Fireworks_Fireworks', 0.016794164)]",
2026-02-05,17:22:29,"Chunk 0 from recording_20260205_172221.wav: [(4862, 'Power tools_Power tools', 0.30722833), (184, 'Alouatta pigra_Mexican Black Howler Monkey', 0.11553358), (2143, 'Engine_Engine', 0.06763076), (2609, 'Gun_Gun', 0.02411701), (5560, 'Siren_Siren', 0.020090593)]",
2026-02-05,17:22:45,"Chunk 0 from recording_20260205_172239.wav: [(4862, 'Power tools_Power tools', 0.21625951), (2609, 'Gun_Gun', 0.112295285), (2143, 'Engine_Engine', 0.049704034), (184, 'Alouatta pigra_Mexican Black Howler Monkey', 0.04256341), (2325, 'Fireworks_Fireworks', 0.013128559)]",
2026-02-05,17:22:52,"Chunk 0 from recording_20260205_172245.wav: [(4862, 'Power tools_Power tools', 0.45995057), (2143, 'Engine_Engine', 0.114668526), (2609, 'Gun_Gun', 0.044492733), (184, 'Alouatta pigra_Mexican Black Howler Monkey', 0.01944823), (2325, 'Fireworks_Fireworks', 0.013440845)]",
2026-02-05,17:22:58,"Chunk 0 from recording_20260205_172251.wav: [(4862, 'Power tools_Power tools', 0.34882388), (2143, 'Engine_Engine', 0.11660982), (184, 'Alouatta pigra_Mexican Black Howler Monkey', 0.0630715), (2609, 'Gun_Gun', 0.04338029), (2325, 'Fireworks_Fireworks', 0.012811851)]",
2026-02-05,17:23:30,"Chunk 0 from recording_20260205_172321.wav: [(4862, 'Power tools_Power tools', 0.2595034), (2143, 'Engine_Engine', 0.07106533), (184, 'Alouatta pigra_Mexican Black Howler Monkey', 0.07026437), (2325, 'Fireworks_Fireworks', 0.046594575), (2609, 'Gun_Gun', 0.04601129)]",
2026-02-05,17:23:40,"Chunk 0 from recording_20260205_172333.wav: [(184, 'Alouatta pigra_Mexican Black Howler Monkey', 0.28268862), (4862, 'Power tools_Power tools', 0.20498234), (2818, 'Human non-vocal_Human non-vocal', 0.04787244), (2143, 'Engine_Engine', 0.029730644), (2609, 'Gun_Gun', 0.028080702)]",
2026-02-05,17:23:46,"Chunk 0 from recording_20260205_172339.wav: [(4862, 'Power tools_Power tools', 0.31449538), (184, 'Alouatta pigra_Mexican Black Howler Monkey', 0.055836447), (2143, 'Engine_Engine', 0.05089589), (2609, 'Gun_Gun', 0.03757646), (2325, 'Fireworks_Fireworks', 0.015070024)]",
2026-02-05,17:24:18,"Chunk 0 from recording_20260205_172409.wav: [(4862, 'Power tools_Power tools', 0.275748), (184, 'Alouatta pigra_Mexican Black Howler Monkey', 0.043403797), (2609, 'Gun_Gun', 0.03702888), (2143, 'Engine_Engine', 0.030815484), (2818, 'Human non-vocal_Human non-vocal', 0.017718315)]",
2026-02-05,17:24:25,"Chunk 0 from recording_20260205_172415.wav: [(4862, 'Power tools_Power tools', 0.35241035), (184, 'Alouatta pigra_Mexican Black Howler Monkey', 0.15462644), (2609, 'Gun_Gun', 0.10002483), (2143, 'Engine_Engine', 0.055503897), (2818, 'Human non-vocal_Human non-vocal', 0.03296939)]",
2026-02-05,17:24:47,"Chunk 0 from recording_20260205_172439.wav: [(184, 'Alouatta pigra_Mexican Black Howler Monkey', 0.20428295), (4862, 'Power tools_Power tools', 0.13606112), (2609, 'Gun_Gun', 0.04456159), (2143, 'Engine_Engine', 0.04208635), (2325, 'Fireworks_Fireworks', 0.0128743)]",
2026-02-05,17:25:13,"Chunk 0 from recording_20260205_172504.wav: [(184, 'Alouatta pigra_Mexican Black Howler Monkey', 0.22230043), (4862, 'Power tools_Power tools', 0.08130024), (2143, 'Engine_Engine', 0.022241926), (2609, 'Gun_Gun', 0.019150225), (2325, 'Fireworks_Fireworks', 0.009046591)]",
2026-02-05,17:25:16,"Chunk 0 from recording_20260205_172510.wav: [(4862, 'Power tools_Power tools', 0.32268646), (184, 'Alouatta pigra_Mexican Black Howler Monkey', 0.1436079), (2609, 'Gun_Gun', 0.07810144), (2143, 'Engine_Engine', 0.064955086), (2325, 'Fireworks_Fireworks', 0.011173457)]",
2026-02-05,17:25:29,"Chunk 0 from recording_20260205_172522.wav: [(184, 'Alouatta pigra_Mexican Black Howler Monkey', 0.23207435), (4862, 'Power tools_Power tools', 0.23166536), (2143, 'Engine_Engine', 0.05188934), (2818, 'Human non-vocal_Human non-vocal', 0.016488122), (2325, 'Fireworks_Fireworks', 0.010607608)]",
2026-02-05,17:26:01,"Chunk 0 from recording_20260205_172552.wav: [(4862, 'Power tools_Power tools', 0.32648385), (2143, 'Engine_Engine', 0.095589176), (2609, 'Gun_Gun', 0.09192937), (184, 'Alouatta pigra_Mexican Black Howler Monkey', 0.018617993), (411, 'Apis mellifera_Honey Bee', 0.017784879)]",
2026-02-05,17:26:17,"Chunk 0 from recording_20260205_172610.wav: [(4862, 'Power tools_Power tools', 0.27808362), (184, 'Alouatta pigra_Mexican Black Howler Monkey', 0.10395454), (2143, 'Engine_Engine', 0.10329923), (2609, 'Gun_Gun', 0.07327718), (2325, 'Fireworks_Fireworks', 0.017925704)]",
2026-02-05,17:26:23,"Chunk 0 from recording_20260205_172616.wav: [(4862, 'Power tools_Power tools', 0.25277615), (2143, 'Engine_Engine', 0.04664424), (2609, 'Gun_Gun', 0.04038089), (184, 'Alouatta pigra_Mexican Black Howler Monkey', 0.026901348), (2325, 'Fireworks_Fireworks', 0.019475719)]",
2026-02-05,17:26:30,"Chunk 0 from recording_20260205_172622.wav: [(4862, 'Power tools_Power tools', 0.27462062), (2143, 'Engine_Engine', 0.058471378), (184, 'Alouatta pigra_Mexican Black Howler Monkey', 0.04022374), (2609, 'Gun_Gun', 0.030168716), (2325, 'Fireworks_Fireworks', 0.015301008)]",
2026-02-05,17:26:49,"Chunk 0 from recording_20260205_172640.wav: [(4862, 'Power tools_Power tools', 0.2135391), (184, 'Alouatta pigra_Mexican Black Howler Monkey', 0.14114228), (2609, 'Gun_Gun', 0.091064945), (2143, 'Engine_Engine', 0.03809781), (2325, 'Fireworks_Fireworks', 0.0143971)]",
2026-02-05,17:26:59,"Chunk 0 from recording_20260205_172652.wav: [(4862, 'Power tools_Power tools', 0.3274311), (2143, 'Engine_Engine', 0.073216915), (2325, 'Fireworks_Fireworks', 0.03510563), (2609, 'Gun_Gun', 0.020132786), (184, 'Alouatta pigra_Mexican Black Howler Monkey', 0.012902484)]",
2026-02-05,17:28:25,"Chunk 0 from recording_20260205_172817.wav: [(4862, 'Power tools_Power tools', 0.22591454), (2609, 'Gun_Gun', 0.08238647), (2143, 'Engine_Engine', 0.058497187), (2325, 'Fireworks_Fireworks', 0.032922953), (184, 'Alouatta pigra_Mexican Black Howler Monkey', 0.020114629)]",
2026-02-05,17:28:32,"Chunk 0 from recording_20260205_172823.wav: [(184, 'Alouatta pigra_Mexican Black Howler Monkey', 0.317133), (4862, 'Power tools_Power tools', 0.20348115), (2143, 'Engine_Engine', 0.107046194), (2609, 'Gun_Gun', 0.044464767), (2325, 'Fireworks_Fireworks', 0.026075363)]",
2026-02-05,17:28:38,"Chunk 0 from recording_20260205_172829.wav: [(4862, 'Power tools_Power tools', 0.40787074), (2609, 'Gun_Gun', 0.13790505), (2143, 'Engine_Engine', 0.13283867), (2325, 'Fireworks_Fireworks', 0.023568215), (184, 'Alouatta pigra_Mexican Black Howler Monkey', 0.023049625)]",
2026-02-05,17:29:26,"Chunk 0 from recording_20260205_172917.wav: [(4862, 'Power tools_Power tools', 0.2060727), (184, 'Alouatta pigra_Mexican Black Howler Monkey', 0.09941752), (2143, 'Engine_Engine', 0.048955373), (2609, 'Gun_Gun', 0.044650473), (2325, 'Fireworks_Fireworks', 0.01963451)]",
2026-02-05,17:29:29,"Chunk 0 from recording_20260205_172923.wav: [(184, 'Alouatta pigra_Mexican Black Howler Monkey', 0.3392107), (4862, 'Power tools_Power tools', 0.11480972), (2143, 'Engine_Engine', 0.036766183), (2325, 'Fireworks_Fireworks', 0.012233309), (5560, 'Siren_Siren', 0.010726977)]",
2026-02-05,17:29:36,"Chunk 0 from recording_20260205_172929.wav: [(4862, 'Power tools_Power tools', 0.23269004), (184, 'Alouatta pigra_Mexican Black Howler Monkey', 0.14604728), (2609, 'Gun_Gun', 0.07894138), (2143, 'Engine_Engine', 0.04635883), (2325, 'Fireworks_Fireworks', 0.03881739)]",
2026-02-05,17:29:42,"Chunk 0 from recording_20260205_172935.wav: [(184, 'Alouatta pigra_Mexican Black Howler Monkey', 0.33331668), (4862, 'Power tools_Power tools', 0.21165872), (2143, 'Engine_Engine', 0.045028646), (2325, 'Fireworks_Fireworks', 0.027502652), (2609, 'Gun_Gun', 0.025931377)]",
2026-02-05,17:30:08,"Chunk 0 from recording_20260205_172959.wav: [(4862, 'Power tools_Power tools', 0.20841198), (184, 'Alouatta pigra_Mexican Black Howler Monkey', 0.08017354), (2609, 'Gun_Gun', 0.07377316), (2143, 'Engine_Engine', 0.06796722), (5560, 'Siren_Siren', 0.019445917)]",
2026-02-05,17:30:17,"Chunk 0 from recording_20260205_173011.wav: [(4862, 'Power tools_Power tools', 0.20948122), (2609, 'Gun_Gun', 0.09790725), (184, 'Alouatta pigra_Mexican Black Howler Monkey', 0.08184578), (2143, 'Engine_Engine', 0.038011424), (2325, 'Fireworks_Fireworks', 0.022975855)]",
2026-02-05,17:30:24,"Chunk 0 from recording_20260205_173017.wav: [(184, 'Alouatta pigra_Mexican Black Howler Monkey', 0.25464335), (4862, 'Power tools_Power tools', 0.19131309), (2143, 'Engine_Engine', 0.051909473), (2609, 'Gun_Gun', 0.031654082), (2325, 'Fireworks_Fireworks', 0.022639796)]",
2026-02-05,17:30:43,"Chunk 0 from recording_20260205_173035.wav: [(4862, 'Power tools_Power tools', 0.22834624), (2609, 'Gun_Gun', 0.053098682), (2143, 'Engine_Engine', 0.048489686), (184, 'Alouatta pigra_Mexican Black Howler Monkey', 0.016254716), (2325, 'Fireworks_Fireworks', 0.011130864)]",
2026-02-05,17:30:56,"Chunk 0 from recording_20260205_173047.wav: [(4862, 'Power tools_Power tools', 0.20457932), (184, 'Alouatta pigra_Mexican Black Howler Monkey', 0.1701701), (2609, 'Gun_Gun', 0.06437456), (2143, 'Engine_Engine', 0.03563002), (4965, 'Pseudotriccus ruficeps_Rufous-headed Pygmy-Tyrant', 0.017998869)]",
2026-02-05,17:31:09,"Chunk 0 from recording_20260205_173059.wav: [(184, 'Alouatta pigra_Mexican Black Howler Monkey', 0.31130064), (4862, 'Power tools_Power tools', 0.17165212), (2143, 'Engine_Engine', 0.05948568), (2609, 'Gun_Gun', 0.019950347), (5560, 'Siren_Siren', 0.017551402)]",
2026-02-05,17:31:12,"Chunk 0 from recording_20260205_173105.wav: [(184, 'Alouatta pigra_Mexican Black Howler Monkey', 0.22375354), (4862, 'Power tools_Power tools', 0.13986215), (2143, 'Engine_Engine', 0.032195557), (2609, 'Gun_Gun', 0.01653431), (2325, 'Fireworks_Fireworks', 0.0148391)]",
2026-02-05,17:31:44,"Chunk 0 from recording_20260205_173136.wav: [(184, 'Alouatta pigra_Mexican Black Howler Monkey', 0.26135507), (4862, 'Power tools_Power tools', 0.13997264), (2143, 'Engine_Engine', 0.080985636), (2609, 'Gun_Gun', 0.03158156), (5560, 'Siren_Siren', 0.015825385)]",
2026-02-05,17:31:50,"Chunk 0 from recording_20260205_173142.wav: [(4862, 'Power tools_Power tools', 0.37775815), (184, 'Alouatta pigra_Mexican Black Howler Monkey', 0.18173774), (2143, 'Engine_Engine', 0.067207955), (2609, 'Gun_Gun', 0.04150353), (2325, 'Fireworks_Fireworks', 0.03517661)]",
2026-02-05,17:32:19,"Chunk 0 from recording_20260205_173212.wav: [(4862, 'Power tools_Power tools', 0.34379247), (2143, 'Engine_Engine', 0.083518475), (184, 'Alouatta pigra_Mexican Black Howler Monkey', 0.05768691), (2609, 'Gun_Gun', 0.05078675), (2818, 'Human non-vocal_Human non-vocal', 0.017794102)]",
2026-02-05,17:32:38,"Chunk 0 from recording_20260205_173230.wav: [(5882, 'Tadorna ferruginea_Ruddy Shelduck', 0.28104165), (727, 'Branta canadensis_Canada Goose', 0.06623066), (2819, 'Human vocal_Human vocal', 0.041134696), (1949, 'Dog_Dog', 0.032291297), (4862, 'Power tools_Power tools', 0.023837175)]",
2026-02-05,17:32:55,"Chunk 0 from recording_20260205_173248.wav: [(184, 'Alouatta pigra_Mexican Black Howler Monkey', 0.3156092), (4862, 'Power tools_Power tools', 0.18917327), (2609, 'Gun_Gun', 0.057106905), (2143, 'Engine_Engine', 0.038027573), (2325, 'Fireworks_Fireworks', 0.01751604)]",
2026-02-05,17:33:07,"Chunk 0 from recording_20260205_173300.wav: [(4862, 'Power tools_Power tools', 0.33799917), (2609, 'Gun_Gun', 0.08877174), (184, 'Alouatta pigra_Mexican Black Howler Monkey', 0.08509745), (2143, 'Engine_Engine', 0.056860704), (2325, 'Fireworks_Fireworks', 0.014223596)]",
2026-02-05,17:33:43,"Chunk 0 from recording_20260205_173336.wav: [(4862, 'Power tools_Power tools', 0.23628311), (184, 'Alouatta pigra_Mexican Black Howler Monkey', 0.13872986), (2143, 'Engine_Engine', 0.05722512), (2609, 'Gun_Gun', 0.0313786), (2325, 'Fireworks_Fireworks', 0.013992715)]",
2026-02-05,17:33:49,"Chunk 0 from recording_20260205_173342.wav: [(4862, 'Power tools_Power tools', 0.24995983), (184, 'Alouatta pigra_Mexican Black Howler Monkey', 0.1068483), (2143, 'Engine_Engine', 0.09006352), (5560, 'Siren_Siren', 0.02194984), (2609, 'Gun_Gun', 0.021815136)]",
2026-02-05,17:33:56,"Chunk 0 from recording_20260205_173348.wav: [(4862, 'Power tools_Power tools', 0.3434435), (184, 'Alouatta pigra_Mexican Black Howler Monkey', 0.13828738), (2143, 'Engine_Engine', 0.074286245), (2609, 'Gun_Gun', 0.07200345), (2325, 'Fireworks_Fireworks', 0.022617076)]",
2026-02-05,17:34:15,"Chunk 0 from recording_20260205_173406.wav: [(4862, 'Power tools_Power tools', 0.28597707), (184, 'Alouatta pigra_Mexican Black Howler Monkey', 0.090931036), (2143, 'Engine_Engine', 0.04844342), (2325, 'Fireworks_Fireworks', 0.023053078), (2609, 'Gun_Gun', 0.012297566)]",
2026-02-05,17:34:21,"Chunk 0 from recording_20260205_173412.wav: [(3243, 'Lithobates sylvaticus_Wood Frog', 0.24456105), (4862, 'Power tools_Power tools', 0.026411727), (2609, 'Gun_Gun', 0.02493934), (4422, 'Phasianus colchicus_Ring-necked Pheasant', 0.021831326), (2819, 'Human vocal_Human vocal', 0.0190451)]",
2026-02-05,17:34:28,"Chunk 0 from recording_20260205_173418.wav: [(184, 'Alouatta pigra_Mexican Black Howler Monkey', 0.23804025), (4862, 'Power tools_Power tools', 0.1962396), (2143, 'Engine_Engine', 0.06719717), (2609, 'Gun_Gun', 0.05505803), (2325, 'Fireworks_Fireworks', 0.026901599)]",
2026-02-05,17:34:31,"Chunk 0 from recording_20260205_173424.wav: [(4862, 'Power tools_Power tools', 0.23717268), (184, 'Alouatta pigra_Mexican Black Howler Monkey', 0.17648737), (2143, 'Engine_Engine', 0.06336097), (2609, 'Gun_Gun', 0.05467097), (2325, 'Fireworks_Fireworks', 0.034733787)]",
2026-02-05,17:34:37,"Chunk 0 from recording_20260205_173430.wav: [(4862, 'Power tools_Power tools', 0.5667253), (2143, 'Engine_Engine', 0.09365792), (2818, 'Human non-vocal_Human non-vocal', 0.08414665), (4422, 'Phasianus colchicus_Ring-necked Pheasant', 0.05727147), (2609, 'Gun_Gun', 0.05232032)]",
2026-02-05,17:35:19,"Chunk 0 from recording_20260205_173513.wav: [(4862, 'Power tools_Power tools', 0.24023879), (184, 'Alouatta pigra_Mexican Black Howler Monkey', 0.09950969), (2143, 'Engine_Engine', 0.05778245), (2609, 'Gun_Gun', 0.033789776), (2818, 'Human non-vocal_Human non-vocal', 0.015153135)]",
2026-02-05,17:36:04,"Chunk 0 from recording_20260205_173555.wav: [(4862, 'Power tools_Power tools', 0.23300433), (184, 'Alouatta pigra_Mexican Black Howler Monkey', 0.20155849), (2143, 'Engine_Engine', 0.060177095), (2609, 'Gun_Gun', 0.04027051), (2325, 'Fireworks_Fireworks', 0.029510481)]",
2026-02-05,17:36:13,"Chunk 0 from recording_20260205_173607.wav: [(4862, 'Power tools_Power tools', 0.22032787), (2609, 'Gun_Gun', 0.09117034), (2143, 'Engine_Engine', 0.047691304), (5560, 'Siren_Siren', 0.02089826), (2818, 'Human non-vocal_Human non-vocal', 0.013305658)]",
2026-02-05,17:36:26,"Chunk 0 from recording_20260205_173619.wav: [(184, 'Alouatta pigra_Mexican Black Howler Monkey', 0.23351052), (4862, 'Power tools_Power tools', 0.17616603), (2143, 'Engine_Engine', 0.048023656), (2609, 'Gun_Gun', 0.04264564), (2325, 'Fireworks_Fireworks', 0.015386104)]",
2026-02-05,17:36:39,"Chunk 0 from recording_20260205_173631.wav: [(4862, 'Power tools_Power tools', 0.34457925), (184, 'Alouatta pigra_Mexican Black Howler Monkey', 0.32183024), (2143, 'Engine_Engine', 0.068241104), (2609, 'Gun_Gun', 0.0492608), (2325, 'Fireworks_Fireworks', 0.015327657)]",
2026-02-05,17:37:02,"Chunk 0 from recording_20260205_173655.wav: [(4862, 'Power tools_Power tools', 0.24030899), (2143, 'Engine_Engine', 0.08016148), (2819, 'Human vocal_Human vocal', 0.05335798), (2609, 'Gun_Gun', 0.052844048), (1799, 'Cygnus buccinator_Trumpeter Swan', 0.015846254)]",
2026-02-05,17:37:14,"Chunk 0 from recording_20260205_173707.wav: [(4862, 'Power tools_Power tools', 0.35071537), (184, 'Alouatta pigra_Mexican Black Howler Monkey', 0.17542219), (2143, 'Engine_Engine', 0.0863992), (2609, 'Gun_Gun', 0.06690221), (2325, 'Fireworks_Fireworks', 0.036349814)]",
2026-02-05,17:37:34,"Chunk 0 from recording_20260205_173725.wav: [(4862, 'Power tools_Power tools', 0.2772574), (184, 'Alouatta pigra_Mexican Black Howler Monkey', 0.10297623), (2609, 'Gun_Gun', 0.06167208), (2143, 'Engine_Engine', 0.050298393), (4965, 'Pseudotriccus ruficeps_Rufous-headed Pygmy-Tyrant', 0.040251527)]",
2026-02-05,17:37:40,"Chunk 0 from recording_20260205_173731.wav: [(4862, 'Power tools_Power tools', 0.23593478), (184, 'Alouatta pigra_Mexican Black Howler Monkey', 0.23275879), (2143, 'Engine_Engine', 0.073276505), (2609, 'Gun_Gun', 0.03859614), (2325, 'Fireworks_Fireworks', 0.016758472)]",
2026-02-05,17:37:46,"Chunk 0 from recording_20260205_173737.wav: [(184, 'Alouatta pigra_Mexican Black Howler Monkey', 0.23444298), (4862, 'Power tools_Power tools', 0.13061795), (2143, 'Engine_Engine', 0.029075947), (2818, 'Human non-vocal_Human non-vocal', 0.024677372), (2325, 'Fireworks_Fireworks', 0.0227928)]",
2026-02-05,17:37:53,"Chunk 0 from recording_20260205_173743.wav: [(4862, 'Power tools_Power tools', 0.28931993), (2609, 'Gun_Gun', 0.09695959), (2143, 'Engine_Engine', 0.08847939), (184, 'Alouatta pigra_Mexican Black Howler Monkey', 0.02910482), (2325, 'Fireworks_Fireworks', 0.018635415)]",
2026-02-05,17:38:15,"Chunk 0 from recording_20260205_173807.wav: [(3243, 'Lithobates sylvaticus_Wood Frog', 0.28409842), (4862, 'Power tools_Power tools', 0.030176165), (2609, 'Gun_Gun', 0.013942409), (2820, 'Human whistle_Human whistle', 0.0117325075), (5560, 'Siren_Siren', 0.009896811)]",
2026-02-05,17:38:41,"Chunk 0 from recording_20260205_173832.wav: [(184, 'Alouatta pigra_Mexican Black Howler Monkey', 0.24064276), (4862, 'Power tools_Power tools', 0.1762685), (2143, 'Engine_Engine', 0.07551878), (2609, 'Gun_Gun', 0.03292329), (5560, 'Siren_Siren', 0.020712707)]",
2026-02-05,17:39:03,"Chunk 0 from recording_20260205_173856.wav: [(4862, 'Power tools_Power tools', 0.2535665), (2609, 'Gun_Gun', 0.09815379), (2143, 'Engine_Engine', 0.056340754), (184, 'Alouatta pigra_Mexican Black Howler Monkey', 0.03629596), (2325, 'Fireworks_Fireworks', 0.022353994)]",
2026-02-05,17:39:10,"Chunk 0 from recording_20260205_173902.wav: [(4862, 'Power tools_Power tools', 0.22010013), (2609, 'Gun_Gun', 0.0774126), (184, 'Alouatta pigra_Mexican Black Howler Monkey', 0.052503474), (2143, 'Engine_Engine', 0.03933007), (1799, 'Cygnus buccinator_Trumpeter Swan', 0.022543749)]",
2026-02-05,17:39:16,"Chunk 0 from recording_20260205_173908.wav: [(4862, 'Power tools_Power tools', 0.22261952), (184, 'Alouatta pigra_Mexican Black Howler Monkey', 0.119010955), (2609, 'Gun_Gun', 0.09198054), (2143, 'Engine_Engine', 0.05513931), (2325, 'Fireworks_Fireworks', 0.030510632)]",
2026-02-05,17:40:33,"Chunk 0 from recording_20260205_174026.wav: [(4862, 'Power tools_Power tools', 0.29659852), (2143, 'Engine_Engine', 0.074426495), (184, 'Alouatta pigra_Mexican Black Howler Monkey', 0.04825097), (2609, 'Gun_Gun', 0.034803845), (2325, 'Fireworks_Fireworks', 0.015629558)]",
2026-02-05,17:40:40,"Chunk 0 from recording_20260205_174032.wav: [(2818, 'Human non-vocal_Human non-vocal', 0.20795272), (4862, 'Power tools_Power tools', 0.17646243), (2609, 'Gun_Gun', 0.06979183), (2143, 'Engine_Engine', 0.035135057), (2325, 'Fireworks_Fireworks', 0.02816953)]",
2026-02-05,17:41:12,"Chunk 0 from recording_20260205_174102.wav: [(4862, 'Power tools_Power tools', 0.31178793), (2609, 'Gun_Gun', 0.1190926), (2143, 'Engine_Engine', 0.0856974), (184, 'Alouatta pigra_Mexican Black Howler Monkey', 0.065142125), (2325, 'Fireworks_Fireworks', 0.014449659)]",
2026-02-05,17:41:15,"Chunk 0 from recording_20260205_174108.wav: [(184, 'Alouatta pigra_Mexican Black Howler Monkey', 0.42309308), (4862, 'Power tools_Power tools', 0.15187001), (2143, 'Engine_Engine', 0.053028565), (2609, 'Gun_Gun', 0.05010519), (2325, 'Fireworks_Fireworks', 0.010746563)]",
2026-02-05,17:41:21,"Chunk 0 from recording_20260205_174114.wav: [(184, 'Alouatta pigra_Mexican Black Howler Monkey', 0.51585156), (4862, 'Power tools_Power tools', 0.2852777), (2143, 'Engine_Engine', 0.116264544), (2609, 'Gun_Gun', 0.024982184), (2818, 'Human non-vocal_Human non-vocal', 0.022909243)]",
2026-02-05,17:42:00,"Chunk 0 from recording_20260205_174151.wav: [(4862, 'Power tools_Power tools', 0.27108777), (2143, 'Engine_Engine', 0.07187538), (2609, 'Gun_Gun', 0.056288455), (184, 'Alouatta pigra_Mexican Black Howler Monkey', 0.029185668), (2325, 'Fireworks_Fireworks', 0.018322509)]",
2026-02-05,17:42:03,"Chunk 0 from recording_20260205_174157.wav: [(4862, 'Power tools_Power tools', 0.24433805), (2143, 'Engine_Engine', 0.07805715), (2609, 'Gun_Gun', 0.038552087), (2325, 'Fireworks_Fireworks', 0.036816437), (184, 'Alouatta pigra_Mexican Black Howler Monkey', 0.02317967)]",
2026-02-05,17:42:09,"Chunk 0 from recording_20260205_174203.wav: [(4862, 'Power tools_Power tools', 0.41442087), (184, 'Alouatta pigra_Mexican Black Howler Monkey', 0.14070126), (2609, 'Gun_Gun', 0.12465679), (2143, 'Engine_Engine', 0.08939504), (2325, 'Fireworks_Fireworks', 0.029774921)]",
2026-02-05,17:42:22,"Chunk 0 from recording_20260205_174215.wav: [(4862, 'Power tools_Power tools', 0.28863624), (2609, 'Gun_Gun', 0.131422), (184, 'Alouatta pigra_Mexican Black Howler Monkey', 0.07931565), (2143, 'Engine_Engine', 0.0643033), (2325, 'Fireworks_Fireworks', 0.024680167)]",
2026-02-05,17:42:29,"Chunk 0 from recording_20260205_174221.wav: [(4862, 'Power tools_Power tools', 0.22958198), (2143, 'Engine_Engine', 0.049118917), (3243, 'Lithobates sylvaticus_Wood Frog', 0.041714218), (2819, 'Human vocal_Human vocal', 0.029242447), (2818, 'Human non-vocal_Human non-vocal', 0.027531713)]",
2026-02-05,17:42:58,"Chunk 0 from recording_20260205_174251.wav: [(4862, 'Power tools_Power tools', 0.41623446), (2143, 'Engine_Engine', 0.1253504), (2609, 'Gun_Gun', 0.09839684), (184, 'Alouatta pigra_Mexican Black Howler Monkey', 0.05293813), (2325, 'Fireworks_Fireworks', 0.01556947)]",
2026-02-05,17:43:04,"Chunk 0 from recording_20260205_174257.wav: [(4862, 'Power tools_Power tools', 0.30593824), (2609, 'Gun_Gun', 0.06306995), (184, 'Alouatta pigra_Mexican Black Howler Monkey', 0.054067254), (2143, 'Engine_Engine', 0.042897683), (2325, 'Fireworks_Fireworks', 0.021311492)]",
2026-02-05,17:43:17,"Chunk 0 from recording_20260205_174309.wav: [(4862, 'Power tools_Power tools', 0.25634298), (2609, 'Gun_Gun', 0.20379749), (2143, 'Engine_Engine', 0.05028935), (411, 'Apis mellifera_Honey Bee', 0.014613741), (1949, 'Dog_Dog', 0.013224315)]",
2026-02-05,17:43:23,"Chunk 0 from recording_20260205_174315.wav: [(4862, 'Power tools_Power tools', 0.34325224), (2143, 'Engine_Engine', 0.0909409), (2609, 'Gun_Gun', 0.07693747), (184, 'Alouatta pigra_Mexican Black Howler Monkey', 0.027538685), (2325, 'Fireworks_Fireworks', 0.017272748)]",
2026-02-05,17:43:52,"Chunk 0 from recording_20260205_174345.wav: [(4862, 'Power tools_Power tools', 0.22959681), (2143, 'Engine_Engine', 0.07581641), (2609, 'Gun_Gun', 0.073318206), (2325, 'Fireworks_Fireworks', 0.021049699), (184, 'Alouatta pigra_Mexican Black Howler Monkey', 0.01570878)]",
2026-02-05,17:43:58,"Chunk 0 from recording_20260205_174351.wav: [(4862, 'Power tools_Power tools', 0.26559517), (184, 'Alouatta pigra_Mexican Black Howler Monkey', 0.10249672), (2143, 'Engine_Engine', 0.07818979), (2609, 'Gun_Gun', 0.06969223), (2325, 'Fireworks_Fireworks', 0.03928703)]",
2026-02-05,17:44:18,"Chunk 0 from recording_20260205_174409.wav: [(4862, 'Power tools_Power tools', 0.24843174), (184, 'Alouatta pigra_Mexican Black Howler Monkey', 0.14717826), (2609, 'Gun_Gun', 0.05114724), (2143, 'Engine_Engine', 0.049450524), (2325, 'Fireworks_Fireworks', 0.02683968)]",
2026-02-05,17:44:24,"Chunk 0 from recording_20260205_174415.wav: [(4862, 'Power tools_Power tools', 0.26211628), (2143, 'Engine_Engine', 0.07636664), (184, 'Alouatta pigra_Mexican Black Howler Monkey', 0.058958586), (2609, 'Gun_Gun', 0.057408884), (2325, 'Fireworks_Fireworks', 0.031272724)]",
2026-02-05,17:44:34,"Chunk 0 from recording_20260205_174427.wav: [(3243, 'Lithobates sylvaticus_Wood Frog', 0.41035807), (4862, 'Power tools_Power tools', 0.10491673), (2143, 'Engine_Engine', 0.01607905), (3015, 'Lagopus lagopus_Willow Ptarmigan', 0.014415827), (2609, 'Gun_Gun', 0.013755957)]",
2026-02-05,17:44:53,"Chunk 0 from recording_20260205_174445.wav: [(184, 'Alouatta pigra_Mexican Black Howler Monkey', 0.21314105), (4862, 'Power tools_Power tools', 0.11309506), (2143, 'Engine_Engine', 0.030792138), (2818, 'Human non-vocal_Human non-vocal', 0.020517455), (2609, 'Gun_Gun', 0.01395287)]",
2026-02-05,17:44:59,"Chunk 0 from recording_20260205_174451.wav: [(4862, 'Power tools_Power tools', 0.26244846), (2609, 'Gun_Gun', 0.13000874), (2143, 'Engine_Engine', 0.059954055), (184, 'Alouatta pigra_Mexican Black Howler Monkey', 0.03275644), (2325, 'Fireworks_Fireworks', 0.027162055)]",
2026-02-05,17:45:22,"Chunk 0 from recording_20260205_174516.wav: [(4862, 'Power tools_Power tools', 0.2869483), (2818, 'Human non-vocal_Human non-vocal', 0.10202672), (2143, 'Engine_Engine', 0.030812949), (2609, 'Gun_Gun', 0.02976062), (2819, 'Human vocal_Human vocal', 0.028396197)]",
2026-02-05,17:46:00,"Chunk 0 from recording_20260205_174552.wav: [(4862, 'Power tools_Power tools', 0.23534419), (184, 'Alouatta pigra_Mexican Black Howler Monkey', 0.18481344), (2143, 'Engine_Engine', 0.042962443), (2325, 'Fireworks_Fireworks', 0.03220353), (2609, 'Gun_Gun', 0.028293524)]",
2026-02-05,17:46:36,"Chunk 0 from recording_20260205_174628.wav: [(184, 'Alouatta pigra_Mexican Black Howler Monkey', 0.23471618), (4862, 'Power tools_Power tools', 0.109220885), (2609, 'Gun_Gun', 0.027537376), (2143, 'Engine_Engine', 0.020221476), (2818, 'Human non-vocal_Human non-vocal', 0.016262572)]",
2026-02-05,17:46:42,"Chunk 0 from recording_20260205_174634.wav: [(4862, 'Power tools_Power tools', 0.28282058), (2143, 'Engine_Engine', 0.08180442), (2609, 'Gun_Gun', 0.07954959), (2325, 'Fireworks_Fireworks', 0.019168368), (184, 'Alouatta pigra_Mexican Black Howler Monkey', 0.0189083)]",
2026-02-05,17:47:05,"Chunk 0 from recording_20260205_174658.wav: [(4862, 'Power tools_Power tools', 0.25066632), (184, 'Alouatta pigra_Mexican Black Howler Monkey', 0.14793861), (2143, 'Engine_Engine', 0.07469004), (2609, 'Gun_Gun', 0.035495915), (2325, 'Fireworks_Fireworks', 0.016518662)]",
2026-02-05,17:47:24,"Chunk 0 from recording_20260205_174716.wav: [(4862, 'Power tools_Power tools', 0.30342835), (2143, 'Engine_Engine', 0.07346757), (2609, 'Gun_Gun', 0.033104822), (2325, 'Fireworks_Fireworks', 0.02673176), (184, 'Alouatta pigra_Mexican Black Howler Monkey', 0.014162515)]",
2026-02-05,17:47:56,"Chunk 0 from recording_20260205_174746.wav: [(4862, 'Power tools_Power tools', 0.2192228), (2609, 'Gun_Gun', 0.057032127), (2143, 'Engine_Engine', 0.05623521), (184, 'Alouatta pigra_Mexican Black Howler Monkey', 0.05317067), (2325, 'Fireworks_Fireworks', 0.020228194)]",
2026-02-05,17:48:44,"Chunk 0 from recording_20260205_174835.wav: [(4862, 'Power tools_Power tools', 0.21855173), (2143, 'Engine_Engine', 0.047963805), (184, 'Alouatta pigra_Mexican Black Howler Monkey', 0.040920626), (2609, 'Gun_Gun', 0.03665765), (2325, 'Fireworks_Fireworks', 0.025951874)]",
2026-02-05,17:48:47,"Chunk 0 from recording_20260205_174841.wav: [(4862, 'Power tools_Power tools', 0.20626017), (2143, 'Engine_Engine', 0.05425331), (2609, 'Gun_Gun', 0.040948857), (184, 'Alouatta pigra_Mexican Black Howler Monkey', 0.036243048), (2325, 'Fireworks_Fireworks', 0.018499251)]",
2026-02-05,17:49:06,"Chunk 0 from recording_20260205_174859.wav: [(5882, 'Tadorna ferruginea_Ruddy Shelduck', 0.3085403), (2819, 'Human vocal_Human vocal', 0.15260528), (2609, 'Gun_Gun', 0.07487075), (4862, 'Power tools_Power tools', 0.044016063), (2818, 'Human non-vocal_Human non-vocal', 0.043038018)]",
2026-02-05,17:50:14,"Chunk 0 from recording_20260205_175005.wav: [(3491, 'Meleagris gallopavo_Wild Turkey', 0.29913118), (2818, 'Human non-vocal_Human non-vocal', 0.06362678), (2819, 'Human vocal_Human vocal', 0.038385004), (2143, 'Engine_Engine', 0.027772928), (4862, 'Power tools_Power tools', 0.018556206)]",
2026-02-05,17:50:49,"Chunk 0 from recording_20260205_175041.wav: [(4862, 'Power tools_Power tools', 0.23762782), (2609, 'Gun_Gun', 0.078834556), (2143, 'Engine_Engine', 0.0680239), (184, 'Alouatta pigra_Mexican Black Howler Monkey', 0.038040895), (2325, 'Fireworks_Fireworks', 0.023328232)]",
2026-02-05,17:51:14,"Chunk 0 from recording_20260205_175105.wav: [(4862, 'Power tools_Power tools', 0.3181045), (184, 'Alouatta pigra_Mexican Black Howler Monkey', 0.12107186), (2143, 'Engine_Engine', 0.055980805), (2609, 'Gun_Gun', 0.04426511), (2325, 'Fireworks_Fireworks', 0.03059229)]",
2026-02-05,17:51:18,"Chunk 0 from recording_20260205_175111.wav: [(4862, 'Power tools_Power tools', 0.3357965), (2143, 'Engine_Engine', 0.21476921), (2609, 'Gun_Gun', 0.15213041), (2819, 'Human vocal_Human vocal', 0.04053547), (2325, 'Fireworks_Fireworks', 0.014389658)]",
2026-02-05,17:51:37,"Chunk 0 from recording_20260205_175129.wav: [(4862, 'Power tools_Power tools', 0.3130133), (2609, 'Gun_Gun', 0.06964799), (2143, 'Engine_Engine', 0.060550436), (184, 'Alouatta pigra_Mexican Black Howler Monkey', 0.036315087), (2325, 'Fireworks_Fireworks', 0.02124836)]",
2026-02-05,17:51:56,"Chunk 0 from recording_20260205_175148.wav: [(4862, 'Power tools_Power tools', 0.3887865), (184, 'Alouatta pigra_Mexican Black Howler Monkey', 0.27336165), (2609, 'Gun_Gun', 0.14573494), (2143, 'Engine_Engine', 0.09388474), (2325, 'Fireworks_Fireworks', 0.045568466)]",
2026-02-05,17:52:03,"Chunk 0 from recording_20260205_175154.wav: [(4862, 'Power tools_Power tools', 0.26547438), (2143, 'Engine_Engine', 0.14249322), (2609, 'Gun_Gun', 0.08942235), (2325, 'Fireworks_Fireworks', 0.020930322), (1516, 'Conocephalus fasciatus_Slender Meadow Katydid', 0.016977916)]",
2026-02-05,17:52:09,"Chunk 0 from recording_20260205_175200.wav: [(2609, 'Gun_Gun', 0.3394104), (4862, 'Power tools_Power tools', 0.30083784), (2143, 'Engine_Engine', 0.06942957), (2325, 'Fireworks_Fireworks', 0.026945496), (184, 'Alouatta pigra_Mexican Black Howler Monkey', 0.013285577)]",
2026-02-05,17:52:54,"Chunk 0 from recording_20260205_175248.wav: [(4862, 'Power tools_Power tools', 0.33342922), (184, 'Alouatta pigra_Mexican Black Howler Monkey', 0.081324995), (2143, 'Engine_Engine', 0.078064434), (2609, 'Gun_Gun', 0.077285156), (2325, 'Fireworks_Fireworks', 0.029310068)]",
2026-02-05,17:53:13,"Chunk 0 from recording_20260205_175306.wav: [(4862, 'Power tools_Power tools', 0.23177081), (2609, 'Gun_Gun', 0.06759783), (2143, 'Engine_Engine', 0.041915774), (184, 'Alouatta pigra_Mexican Black Howler Monkey', 0.039529372), (2325, 'Fireworks_Fireworks', 0.023921419)]",
2026-02-05,17:53:45,"Chunk 0 from recording_20260205_175336.wav: [(4862, 'Power tools_Power tools', 0.28181282), (2609, 'Gun_Gun', 0.078077376), (2143, 'Engine_Engine', 0.05176955), (3243, 'Lithobates sylvaticus_Wood Frog', 0.012935057), (2819, 'Human vocal_Human vocal', 0.012879034)]",
2026-02-05,17:54:34,"Chunk 0 from recording_20260205_175424.wav: [(4862, 'Power tools_Power tools', 0.2681098), (2609, 'Gun_Gun', 0.18835111), (2143, 'Engine_Engine', 0.079252854), (184, 'Alouatta pigra_Mexican Black Howler Monkey', 0.021381056), (2325, 'Fireworks_Fireworks', 0.016990015)]",
2026-02-05,17:54:37,"Chunk 0 from recording_20260205_175430.wav: [(4862, 'Power tools_Power tools', 0.38030627), (2609, 'Gun_Gun', 0.18961932), (184, 'Alouatta pigra_Mexican Black Howler Monkey', 0.09750258), (2143, 'Engine_Engine', 0.07367464), (2325, 'Fireworks_Fireworks', 0.03651269)]",
2026-02-05,17:55:15,"Chunk 0 from recording_20260205_175507.wav: [(4862, 'Power tools_Power tools', 0.22110634), (184, 'Alouatta pigra_Mexican Black Howler Monkey', 0.1509937), (2143, 'Engine_Engine', 0.05017251), (2609, 'Gun_Gun', 0.0252529), (2325, 'Fireworks_Fireworks', 0.010414927)]",
2026-02-05,17:55:25,"Chunk 0 from recording_20260205_175519.wav: [(4862, 'Power tools_Power tools', 0.25969565), (2143, 'Engine_Engine', 0.0770157), (2609, 'Gun_Gun', 0.054890443), (184, 'Alouatta pigra_Mexican Black Howler Monkey', 0.039777454), (2325, 'Fireworks_Fireworks', 0.018443394)]",
2026-02-05,17:55:31,"Chunk 0 from recording_20260205_175525.wav: [(4862, 'Power tools_Power tools', 0.26936448), (184, 'Alouatta pigra_Mexican Black Howler Monkey', 0.14784406), (2609, 'Gun_Gun', 0.08131869), (2143, 'Engine_Engine', 0.06871944), (2325, 'Fireworks_Fireworks', 0.02317043)]",
2026-02-05,17:56:58,"Chunk 0 from recording_20260205_175649.wav: [(3491, 'Meleagris gallopavo_Wild Turkey', 0.24047515), (4862, 'Power tools_Power tools', 0.10419287), (2609, 'Gun_Gun', 0.05793979), (2420, 'Gallinula chloropus_Eurasian Moorhen', 0.019010628), (3243, 'Lithobates sylvaticus_Wood Frog', 0.0117186215)]",
2026-02-05,17:57:08,"Chunk 0 from recording_20260205_175701.wav: [(4862, 'Power tools_Power tools', 0.4539977), (184, 'Alouatta pigra_Mexican Black Howler Monkey', 0.22430897), (2609, 'Gun_Gun', 0.15985431), (2143, 'Engine_Engine', 0.12956159), (5560, 'Siren_Siren', 0.022182915)]",
2026-02-05,17:58:15,"Chunk 0 from recording_20260205_175807.wav: [(4862, 'Power tools_Power tools', 0.20056242), (2143, 'Engine_Engine', 0.06029355), (2609, 'Gun_Gun', 0.023994632), (184, 'Alouatta pigra_Mexican Black Howler Monkey', 0.017690683), (2818, 'Human non-vocal_Human non-vocal', 0.011087955)]",
2026-02-05,17:58:28,"Chunk 0 from recording_20260205_175820.wav: [(4862, 'Power tools_Power tools', 0.2823992), (2609, 'Gun_Gun', 0.08958352), (2143, 'Engine_Engine', 0.046758506), (184, 'Alouatta pigra_Mexican Black Howler Monkey', 0.03708027), (2325, 'Fireworks_Fireworks', 0.014922056)]",
2026-02-05,17:58:34,"Chunk 0 from recording_20260205_175826.wav: [(4862, 'Power tools_Power tools', 0.22283362), (2609, 'Gun_Gun', 0.06432905), (2143, 'Engine_Engine', 0.053838495), (2325, 'Fireworks_Fireworks', 0.02918631), (184, 'Alouatta pigra_Mexican Black Howler Monkey', 0.023427535)]",
2026-02-05,17:58:50,"Chunk 0 from recording_20260205_175844.wav: [(4862, 'Power tools_Power tools', 0.20028102), (2143, 'Engine_Engine', 0.064176515), (2609, 'Gun_Gun', 0.061723173), (184, 'Alouatta pigra_Mexican Black Howler Monkey', 0.020987988), (2325, 'Fireworks_Fireworks', 0.01552192)]",
2026-02-05,17:59:35,"Chunk 0 from recording_20260205_175926.wav: [(4862, 'Power tools_Power tools', 0.36050746), (184, 'Alouatta pigra_Mexican Black Howler Monkey', 0.17440227), (2609, 'Gun_Gun', 0.08809349), (2143, 'Engine_Engine', 0.08120321), (2325, 'Fireworks_Fireworks', 0.021819293)]",
2026-02-05,18:00:23,"Chunk 0 from recording_20260205_180014.wav: [(184, 'Alouatta pigra_Mexican Black Howler Monkey', 0.30562156), (4862, 'Power tools_Power tools', 0.22282626), (2143, 'Engine_Engine', 0.04444413), (2609, 'Gun_Gun', 0.043795977), (2325, 'Fireworks_Fireworks', 0.0436645)]",
2026-02-05,18:00:46,"Chunk 0 from recording_20260205_180038.wav: [(4862, 'Power tools_Power tools', 0.31009063), (2143, 'Engine_Engine', 0.07874497), (2609, 'Gun_Gun', 0.051293958), (184, 'Alouatta pigra_Mexican Black Howler Monkey', 0.039831188), (2325, 'Fireworks_Fireworks', 0.038593367)]",
2026-02-05,18:00:52,"Chunk 0 from recording_20260205_180044.wav: [(4862, 'Power tools_Power tools', 0.26969314), (2609, 'Gun_Gun', 0.24099937), (184, 'Alouatta pigra_Mexican Black Howler Monkey', 0.07705841), (2143, 'Engine_Engine', 0.045016646), (2325, 'Fireworks_Fireworks', 0.02425709)]",
2026-02-05,18:00:58,"Chunk 0 from recording_20260205_180050.wav: [(4862, 'Power tools_Power tools', 0.4122444), (2143, 'Engine_Engine', 0.09826554), (2609, 'Gun_Gun', 0.061158475), (2818, 'Human non-vocal_Human non-vocal', 0.026886953), (184, 'Alouatta pigra_Mexican Black Howler Monkey', 0.014191213)]",
2026-02-05,18:01:05,"Chunk 0 from recording_20260205_180056.wav: [(4862, 'Power tools_Power tools', 0.31495377), (184, 'Alouatta pigra_Mexican Black Howler Monkey', 0.11297078), (2609, 'Gun_Gun', 0.07680148), (2143, 'Engine_Engine', 0.06314092), (2325, 'Fireworks_Fireworks', 0.03885329)]",
2026-02-05,18:01:11,"Chunk 0 from recording_20260205_180102.wav: [(4862, 'Power tools_Power tools', 0.51066774), (2609, 'Gun_Gun', 0.107313186), (2143, 'Engine_Engine', 0.07416575), (2325, 'Fireworks_Fireworks', 0.037547365), (2818, 'Human non-vocal_Human non-vocal', 0.013289942)]",
2026-02-05,18:01:27,"Chunk 0 from recording_20260205_180120.wav: [(4862, 'Power tools_Power tools', 0.3070206), (2143, 'Engine_Engine', 0.07200174), (2609, 'Gun_Gun', 0.043041643), (1799, 'Cygnus buccinator_Trumpeter Swan', 0.013899574), (2819, 'Human vocal_Human vocal', 0.011600314)]",
2026-02-05,18:01:40,"Chunk 0 from recording_20260205_180132.wav: [(4862, 'Power tools_Power tools', 0.40774733), (2609, 'Gun_Gun', 0.09383827), (2143, 'Engine_Engine', 0.044937007), (2325, 'Fireworks_Fireworks', 0.018372256), (184, 'Alouatta pigra_Mexican Black Howler Monkey', 0.010011576)]",
2026-02-05,18:02:15,"Chunk 0 from recording_20260205_180209.wav: [(4862, 'Power tools_Power tools', 0.2737238), (2609, 'Gun_Gun', 0.1962479), (2143, 'Engine_Engine', 0.07324201), (184, 'Alouatta pigra_Mexican Black Howler Monkey', 0.0260386), (2325, 'Fireworks_Fireworks', 0.022038717)]",
2026-02-05,18:02:47,"Chunk 0 from recording_20260205_180239.wav: [(4862, 'Power tools_Power tools', 0.31580317), (2609, 'Gun_Gun', 0.14552163), (184, 'Alouatta pigra_Mexican Black Howler Monkey', 0.07017095), (2143, 'Engine_Engine', 0.054477606), (2325, 'Fireworks_Fireworks', 0.036277916)]",
2026-02-05,18:03:16,"Chunk 0 from recording_20260205_180309.wav: [(4862, 'Power tools_Power tools', 0.24352182), (2143, 'Engine_Engine', 0.10551694), (2818, 'Human non-vocal_Human non-vocal', 0.03922522), (2325, 'Fireworks_Fireworks', 0.02723839), (2609, 'Gun_Gun', 0.025981639)]",
2026-02-05,18:03:23,"Chunk 0 from recording_20260205_180315.wav: [(4862, 'Power tools_Power tools', 0.35496336), (2609, 'Gun_Gun', 0.11258066), (184, 'Alouatta pigra_Mexican Black Howler Monkey', 0.07934753), (2143, 'Engine_Engine', 0.078299046), (2325, 'Fireworks_Fireworks', 0.022228206)]",
2026-02-05,18:04:04,"Chunk 0 from recording_20260205_180357.wav: [(4862, 'Power tools_Power tools', 0.3022526), (2609, 'Gun_Gun', 0.15268165), (2143, 'Engine_Engine', 0.061301026), (184, 'Alouatta pigra_Mexican Black Howler Monkey', 0.05274537), (2325, 'Fireworks_Fireworks', 0.026966032)]",
2026-02-05,18:06:06,"Chunk 0 from recording_20260205_180558.wav: [(184, 'Alouatta pigra_Mexican Black Howler Monkey', 0.31564775), (4862, 'Power tools_Power tools', 0.087437496), (2143, 'Engine_Engine', 0.048464287), (2325, 'Fireworks_Fireworks', 0.017477127), (2609, 'Gun_Gun', 0.015946861)]",
2026-02-05,18:06:29,"Chunk 0 from recording_20260205_180622.wav: [(4862, 'Power tools_Power tools', 0.20746669), (2819, 'Human vocal_Human vocal', 0.121506125), (2143, 'Engine_Engine', 0.048408426), (3243, 'Lithobates sylvaticus_Wood Frog', 0.040997677), (2609, 'Gun_Gun', 0.023880804)]",
2026-02-05,18:07:11,"Chunk 0 from recording_20260205_180704.wav: [(4862, 'Power tools_Power tools', 0.24919783), (184, 'Alouatta pigra_Mexican Black Howler Monkey', 0.14605236), (2143, 'Engine_Engine', 0.068378635), (2609, 'Gun_Gun', 0.013069093), (2818, 'Human non-vocal_Human non-vocal', 0.011515415)]",
2026-02-05,18:08:02,"Chunk 0 from recording_20260205_180752.wav: [(4862, 'Power tools_Power tools', 0.2271383), (2143, 'Engine_Engine', 0.05165371), (2819, 'Human vocal_Human vocal', 0.010749315), (184, 'Alouatta pigra_Mexican Black Howler Monkey', 0.009188262), (3243, 'Lithobates sylvaticus_Wood Frog', 0.009072331)]",
2026-02-05,18:08:31,"Chunk 0 from recording_20260205_180822.wav: [(4862, 'Power tools_Power tools', 0.21323311), (184, 'Alouatta pigra_Mexican Black Howler Monkey', 0.04968163), (2143, 'Engine_Engine', 0.039422546), (2609, 'Gun_Gun', 0.033818558), (5560, 'Siren_Siren', 0.012153357)]",
2026-02-05,18:09:19,"Chunk 0 from recording_20260205_180911.wav: [(184, 'Alouatta pigra_Mexican Black Howler Monkey', 0.3030079), (4862, 'Power tools_Power tools', 0.10430668), (2143, 'Engine_Engine', 0.0278168), (2609, 'Gun_Gun', 0.00805406), (5560, 'Siren_Siren', 0.0074382722)]",
2026-02-05,18:09:32,"Chunk 0 from recording_20260205_180923.wav: [(2818, 'Human non-vocal_Human non-vocal', 0.45156664), (2819, 'Human vocal_Human vocal', 0.07061697), (4862, 'Power tools_Power tools', 0.022072276), (5970, 'Tetrao urogallus_Western Capercaillie', 0.022003053), (2820, 'Human whistle_Human whistle', 0.014976756)]",
2026-02-05,18:09:41,"Chunk 0 from recording_20260205_180935.wav: [(4862, 'Power tools_Power tools', 0.21627152), (2818, 'Human non-vocal_Human non-vocal', 0.20708616), (184, 'Alouatta pigra_Mexican Black Howler Monkey', 0.019222464), (2143, 'Engine_Engine', 0.014478037), (3015, 'Lagopus lagopus_Willow Ptarmigan', 0.011764076)]",
2026-02-05,18:09:54,"Chunk 0 from recording_20260205_180947.wav: [(3491, 'Meleagris gallopavo_Wild Turkey', 0.6624617), (3243, 'Lithobates sylvaticus_Wood Frog', 0.0797637), (1577, 'Corvus corax_Common Raven', 0.01919467), (2818, 'Human non-vocal_Human non-vocal', 0.016341269), (1588, 'Corvus jamaicensis_Jamaican Crow', 0.010712019)]",
2026-02-05,18:10:20,"Chunk 0 from recording_20260205_181011.wav: [(184, 'Alouatta pigra_Mexican Black Howler Monkey', 0.28855792), (4862, 'Power tools_Power tools', 0.20495564), (2143, 'Engine_Engine', 0.036930464), (2818, 'Human non-vocal_Human non-vocal', 0.021192417), (2325, 'Fireworks_Fireworks', 0.0189054)]",
2026-02-05,18:10:26,"Chunk 0 from recording_20260205_181017.wav: [(4862, 'Power tools_Power tools', 0.2785145), (2143, 'Engine_Engine', 0.054546308), (184, 'Alouatta pigra_Mexican Black Howler Monkey', 0.040132083), (2325, 'Fireworks_Fireworks', 0.03492983), (2609, 'Gun_Gun', 0.02457662)]",
2026-02-05,18:10:30,"Chunk 0 from recording_20260205_181023.wav: [(4862, 'Power tools_Power tools', 0.3927923), (184, 'Alouatta pigra_Mexican Black Howler Monkey', 0.08954417), (2143, 'Engine_Engine', 0.07904865), (2325, 'Fireworks_Fireworks', 0.027059402), (2609, 'Gun_Gun', 0.024115391)]",
2026-02-05,18:10:36,"Chunk 0 from recording_20260205_181029.wav: [(184, 'Alouatta pigra_Mexican Black Howler Monkey', 0.6064486), (4862, 'Power tools_Power tools', 0.4601292), (2143, 'Engine_Engine', 0.09427112), (2609, 'Gun_Gun', 0.06223213), (2325, 'Fireworks_Fireworks', 0.042597283)]",
2026-02-05,18:10:49,"Chunk 0 from recording_20260205_181041.wav: [(4862, 'Power tools_Power tools', 0.3127688), (2143, 'Engine_Engine', 0.058036868), (184, 'Alouatta pigra_Mexican Black Howler Monkey', 0.049825933), (2325, 'Fireworks_Fireworks', 0.0364571), (2609, 'Gun_Gun', 0.035308108)]",
2026-02-05,18:10:55,"Chunk 0 from recording_20260205_181047.wav: [(184, 'Alouatta pigra_Mexican Black Howler Monkey', 0.5556983), (4862, 'Power tools_Power tools', 0.28189647), (2143, 'Engine_Engine', 0.054707132), (2325, 'Fireworks_Fireworks', 0.016822856), (2609, 'Gun_Gun', 0.01675488)]",
2026-02-05,18:11:14,"Chunk 0 from recording_20260205_181105.wav: [(4862, 'Power tools_Power tools', 0.22747257), (184, 'Alouatta pigra_Mexican Black Howler Monkey', 0.122430086), (2143, 'Engine_Engine', 0.05849375), (2818, 'Human non-vocal_Human non-vocal', 0.014186703), (2325, 'Fireworks_Fireworks', 0.011927221)]",
2026-02-05,18:12:09,"Chunk 0 from recording_20260205_181200.wav: [(4862, 'Power tools_Power tools', 0.24715364), (184, 'Alouatta pigra_Mexican Black Howler Monkey', 0.07776022), (2143, 'Engine_Engine', 0.069790915), (2609, 'Gun_Gun', 0.06287566), (2325, 'Fireworks_Fireworks', 0.029317692)]",
2026-02-05,18:12:38,"Chunk 0 from recording_20260205_181230.wav: [(4862, 'Power tools_Power tools', 0.27805442), (184, 'Alouatta pigra_Mexican Black Howler Monkey', 0.170508), (2143, 'Engine_Engine', 0.09315283), (2818, 'Human non-vocal_Human non-vocal', 0.016535727), (2609, 'Gun_Gun', 0.0128193125)]",
2026-02-05,18:12:44,"Chunk 0 from recording_20260205_181236.wav: [(4862, 'Power tools_Power tools', 0.20528543), (184, 'Alouatta pigra_Mexican Black Howler Monkey', 0.07217106), (2143, 'Engine_Engine', 0.051508963), (2325, 'Fireworks_Fireworks', 0.022023404), (2818, 'Human non-vocal_Human non-vocal', 0.011973981)]",
2026-02-05,18:12:57,"Chunk 0 from recording_20260205_181248.wav: [(184, 'Alouatta pigra_Mexican Black Howler Monkey', 0.32802224), (4862, 'Power tools_Power tools', 0.047022715), (2143, 'Engine_Engine', 0.013549906), (743, 'Bubo bubo_Eurasian Eagle-Owl', 0.009782476), (2325, 'Fireworks_Fireworks', 0.0093234675)]",
2026-02-05,18:13:00,"Chunk 0 from recording_20260205_181254.wav: [(184, 'Alouatta pigra_Mexican Black Howler Monkey', 0.41451705), (4862, 'Power tools_Power tools', 0.11344522), (2143, 'Engine_Engine', 0.023752736), (2609, 'Gun_Gun', 0.011882467), (743, 'Bubo bubo_Eurasian Eagle-Owl', 0.011605826)]",
2026-02-05,18:13:07,"Chunk 0 from recording_20260205_181300.wav: [(184, 'Alouatta pigra_Mexican Black Howler Monkey', 0.2094651), (4862, 'Power tools_Power tools', 0.11433753), (2143, 'Engine_Engine', 0.03311728), (743, 'Bubo bubo_Eurasian Eagle-Owl', 0.011295825), (2325, 'Fireworks_Fireworks', 0.009548913)]",
2026-02-05,18:13:13,"Chunk 0 from recording_20260205_181306.wav: [(184, 'Alouatta pigra_Mexican Black Howler Monkey', 0.3816164), (4862, 'Power tools_Power tools', 0.064041406), (2143, 'Engine_Engine', 0.019757057), (2325, 'Fireworks_Fireworks', 0.009417383), (743, 'Bubo bubo_Eurasian Eagle-Owl', 0.008040155)]",
2026-02-05,18:13:26,"Chunk 0 from recording_20260205_181318.wav: [(184, 'Alouatta pigra_Mexican Black Howler Monkey', 0.21056773), (4862, 'Power tools_Power tools', 0.05547861), (2143, 'Engine_Engine', 0.016579388), (2325, 'Fireworks_Fireworks', 0.011246417), (2609, 'Gun_Gun', 0.008788711)]",
2026-02-05,18:13:32,"Chunk 0 from recording_20260205_181324.wav: [(184, 'Alouatta pigra_Mexican Black Howler Monkey', 0.31045938), (4862, 'Power tools_Power tools', 0.09455256), (2143, 'Engine_Engine', 0.015502904), (2325, 'Fireworks_Fireworks', 0.013224315), (743, 'Bubo bubo_Eurasian Eagle-Owl', 0.008879719)]",
2026-02-05,18:13:55,"Chunk 0 from recording_20260205_181348.wav: [(184, 'Alouatta pigra_Mexican Black Howler Monkey', 0.21394354), (4862, 'Power tools_Power tools', 0.05320546), (2143, 'Engine_Engine', 0.014119082), (2325, 'Fireworks_Fireworks', 0.012331733), (743, 'Bubo bubo_Eurasian Eagle-Owl', 0.0068149506)]",
2026-02-05,18:14:08,"Chunk 0 from recording_20260205_181400.wav: [(184, 'Alouatta pigra_Mexican Black Howler Monkey', 0.25588787), (4862, 'Power tools_Power tools', 0.065394066), (2143, 'Engine_Engine', 0.017436642), (743, 'Bubo bubo_Eurasian Eagle-Owl', 0.012667556), (3429, 'Megascops sanctaecatarinae_Long-tufted Screech-Owl', 0.009393579)]",
2026-02-05,18:14:20,"Chunk 0 from recording_20260205_181412.wav: [(184, 'Alouatta pigra_Mexican Black Howler Monkey', 0.36659497), (4862, 'Power tools_Power tools', 0.050355185), (743, 'Bubo bubo_Eurasian Eagle-Owl', 0.01531432), (2143, 'Engine_Engine', 0.014542213), (3429, 'Megascops sanctaecatarinae_Long-tufted Screech-Owl', 0.010502131)]",
2026-02-05,18:14:33,"Chunk 0 from recording_20260205_181424.wav: [(184, 'Alouatta pigra_Mexican Black Howler Monkey', 0.2524995), (4862, 'Power tools_Power tools', 0.17783748), (2609, 'Gun_Gun', 0.059663337), (2143, 'Engine_Engine', 0.040495332), (2325, 'Fireworks_Fireworks', 0.02589656)]",
2026-02-05,18:14:43,"Chunk 0 from recording_20260205_181436.wav: [(184, 'Alouatta pigra_Mexican Black Howler Monkey', 0.23399885), (4862, 'Power tools_Power tools', 0.05857254), (743, 'Bubo bubo_Eurasian Eagle-Owl', 0.019115979), (2143, 'Engine_Engine', 0.01794714), (3429, 'Megascops sanctaecatarinae_Long-tufted Screech-Owl', 0.008555649)]",
2026-02-05,18:14:56,"Chunk 0 from recording_20260205_181448.wav: [(184, 'Alouatta pigra_Mexican Black Howler Monkey', 0.36379072), (4862, 'Power tools_Power tools', 0.041120596), (743, 'Bubo bubo_Eurasian Eagle-Owl', 0.021173365), (3424, 'Megascops kennicottii_Western Screech-Owl', 0.01451753), (2143, 'Engine_Engine', 0.0140588945)]",
2026-02-05,18:15:28,"Chunk 0 from recording_20260205_181519.wav: [(184, 'Alouatta pigra_Mexican Black Howler Monkey', 0.21160325), (4862, 'Power tools_Power tools', 0.09786885), (2143, 'Engine_Engine', 0.023117332), (743, 'Bubo bubo_Eurasian Eagle-Owl', 0.012323918), (2609, 'Gun_Gun', 0.011393074)]",
2026-02-05,18:15:44,"Chunk 0 from recording_20260205_181537.wav: [(4862, 'Power tools_Power tools', 0.37131822), (2143, 'Engine_Engine', 0.031965584), (184, 'Alouatta pigra_Mexican Black Howler Monkey', 0.02868469), (2325, 'Fireworks_Fireworks', 0.025330199), (2609, 'Gun_Gun', 0.01456589)]",
2026-02-05,18:16:10,"Chunk 0 from recording_20260205_181601.wav: [(184, 'Alouatta pigra_Mexican Black Howler Monkey', 0.4532224), (4862, 'Power tools_Power tools', 0.15108143), (2143, 'Engine_Engine', 0.037575696), (2325, 'Fireworks_Fireworks', 0.018867444), (2609, 'Gun_Gun', 0.016053293)]",
2026-02-05,18:16:26,"Chunk 0 from recording_20260205_181619.wav: [(184, 'Alouatta pigra_Mexican Black Howler Monkey', 0.22139314), (4862, 'Power tools_Power tools', 0.1143833), (2143, 'Engine_Engine', 0.02299763), (2609, 'Gun_Gun', 0.022674663), (2325, 'Fireworks_Fireworks', 0.014705023)]",
2026-02-05,18:16:32,"Chunk 0 from recording_20260205_181625.wav: [(184, 'Alouatta pigra_Mexican Black Howler Monkey', 0.2807515), (4862, 'Power tools_Power tools', 0.059249375), (2143, 'Engine_Engine', 0.021573432), (743, 'Bubo bubo_Eurasian Eagle-Owl', 0.016620722), (5255, 'Regulus regulus_Goldcrest', 0.013473871)]",
2026-02-05,18:16:45,"Chunk 0 from recording_20260205_181637.wav: [(184, 'Alouatta pigra_Mexican Black Howler Monkey', 0.2142389), (4862, 'Power tools_Power tools', 0.063705996), (2143, 'Engine_Engine', 0.020406961), (743, 'Bubo bubo_Eurasian Eagle-Owl', 0.0142108975), (5255, 'Regulus regulus_Goldcrest', 0.008665412)]",
2026-02-05,18:17:11,"Chunk 0 from recording_20260205_181701.wav: [(184, 'Alouatta pigra_Mexican Black Howler Monkey', 0.2288126), (4862, 'Power tools_Power tools', 0.116806485), (2143, 'Engine_Engine', 0.03686851), (2325, 'Fireworks_Fireworks', 0.013624821), (2609, 'Gun_Gun', 0.012665123)]",
2026-02-05,18:17:14,"Chunk 0 from recording_20260205_181707.wav: [(184, 'Alouatta pigra_Mexican Black Howler Monkey', 0.31662068), (4862, 'Power tools_Power tools', 0.15141715), (2325, 'Fireworks_Fireworks', 0.03126406), (2143, 'Engine_Engine', 0.028731406), (2609, 'Gun_Gun', 0.013632225)]",
2026-02-05,18:17:20,"Chunk 0 from recording_20260205_181713.wav: [(4862, 'Power tools_Power tools', 0.43848613), (2818, 'Human non-vocal_Human non-vocal', 0.22729154), (2609, 'Gun_Gun', 0.16224708), (2143, 'Engine_Engine', 0.03954912), (184, 'Alouatta pigra_Mexican Black Howler Monkey', 0.019216709)]",
2026-02-05,18:17:27,"Chunk 0 from recording_20260205_181719.wav: [(184, 'Alouatta pigra_Mexican Black Howler Monkey', 0.22423059), (4862, 'Power tools_Power tools', 0.09898789), (2143, 'Engine_Engine', 0.03335076), (2609, 'Gun_Gun', 0.019359147), (2325, 'Fireworks_Fireworks', 0.017370682)]",
2026-02-05,18:17:33,"Chunk 0 from recording_20260205_181725.wav: [(184, 'Alouatta pigra_Mexican Black Howler Monkey', 0.36691815), (4862, 'Power tools_Power tools', 0.16751288), (2609, 'Gun_Gun', 0.045032322), (2143, 'Engine_Engine', 0.036748145), (2325, 'Fireworks_Fireworks', 0.022891488)]",
2026-02-05,18:18:02,"Chunk 0 from recording_20260205_181755.wav: [(184, 'Alouatta pigra_Mexican Black Howler Monkey', 0.23948567), (3429, 'Megascops sanctaecatarinae_Long-tufted Screech-Owl', 0.027387416), (4862, 'Power tools_Power tools', 0.027383415), (743, 'Bubo bubo_Eurasian Eagle-Owl', 0.017421251), (6315, 'Tyto alba_Barn Owl', 0.012644704)]",
2026-02-05,18:18:08,"Chunk 0 from recording_20260205_181801.wav: [(184, 'Alouatta pigra_Mexican Black Howler Monkey', 0.24760258), (4862, 'Power tools_Power tools', 0.11652911), (2143, 'Engine_Engine', 0.025927378), (743, 'Bubo bubo_Eurasian Eagle-Owl', 0.011104175), (2325, 'Fireworks_Fireworks', 0.0076369396)]",
2026-02-05,18:18:47,"Chunk 0 from recording_20260205_181838.wav: [(184, 'Alouatta pigra_Mexican Black Howler Monkey', 0.3500545), (4862, 'Power tools_Power tools', 0.04247383), (743, 'Bubo bubo_Eurasian Eagle-Owl', 0.016190616), (3429, 'Megascops sanctaecatarinae_Long-tufted Screech-Owl', 0.015532313), (2143, 'Engine_Engine', 0.011866531)]",
2026-02-05,18:18:56,"Chunk 0 from recording_20260205_181850.wav: [(184, 'Alouatta pigra_Mexican Black Howler Monkey', 0.25479785), (4862, 'Power tools_Power tools', 0.08636559), (2143, 'Engine_Engine', 0.028168682), (2325, 'Fireworks_Fireworks', 0.027568461), (2609, 'Gun_Gun', 0.01124683)]",
2026-02-05,18:19:03,"Chunk 0 from recording_20260205_181856.wav: [(4862, 'Power tools_Power tools', 0.23259166), (184, 'Alouatta pigra_Mexican Black Howler Monkey', 0.06453392), (2143, 'Engine_Engine', 0.05567448), (2325, 'Fireworks_Fireworks', 0.029681377), (2609, 'Gun_Gun', 0.02672973)]",
2026-02-05,18:19:45,"Chunk 0 from recording_20260205_181938.wav: [(4862, 'Power tools_Power tools', 0.26449916), (184, 'Alouatta pigra_Mexican Black Howler Monkey', 0.0842084), (2609, 'Gun_Gun', 0.0491297), (2143, 'Engine_Engine', 0.02660811), (2325, 'Fireworks_Fireworks', 0.022267932)]",
2026-02-05,18:19:57,"Chunk 0 from recording_20260205_181950.wav: [(184, 'Alouatta pigra_Mexican Black Howler Monkey', 0.31479093), (4862, 'Power tools_Power tools', 0.07771668), (2143, 'Engine_Engine', 0.0232189), (743, 'Bubo bubo_Eurasian Eagle-Owl', 0.0175012), (2325, 'Fireworks_Fireworks', 0.01206172)]",
2026-02-05,18:21:27,"Chunk 0 from recording_20260205_182120.wav: [(4862, 'Power tools_Power tools', 0.4416546), (2143, 'Engine_Engine', 0.055091657), (2818, 'Human non-vocal_Human non-vocal', 0.045491982), (2325, 'Fireworks_Fireworks', 0.027342215), (2609, 'Gun_Gun', 0.020593604)]",
2026-02-05,18:21:40,"Chunk 0 from recording_20260205_182132.wav: [(184, 'Alouatta pigra_Mexican Black Howler Monkey', 0.2278313), (4862, 'Power tools_Power tools', 0.15114403), (2143, 'Engine_Engine', 0.0319648), (2325, 'Fireworks_Fireworks', 0.019921264), (2818, 'Human non-vocal_Human non-vocal', 0.017523328)]",
2026-02-05,18:22:06,"Chunk 0 from recording_20260205_182157.wav: [(4862, 'Power tools_Power tools', 0.21021754), (184, 'Alouatta pigra_Mexican Black Howler Monkey', 0.14439954), (2143, 'Engine_Engine', 0.042008385), (2609, 'Gun_Gun', 0.02839171), (2325, 'Fireworks_Fireworks', 0.021572903)]",
2026-02-05,18:23:16,"Chunk 0 from recording_20260205_182309.wav: [(184, 'Alouatta pigra_Mexican Black Howler Monkey', 0.30710718), (4862, 'Power tools_Power tools', 0.07791992), (2143, 'Engine_Engine', 0.021737842), (743, 'Bubo bubo_Eurasian Eagle-Owl', 0.011282392), (5560, 'Siren_Siren', 0.011167179)]",
2026-02-05,18:24:11,"Chunk 0 from recording_20260205_182403.wav: [(184, 'Alouatta pigra_Mexican Black Howler Monkey', 0.21471854), (4862, 'Power tools_Power tools', 0.10351128), (2143, 'Engine_Engine', 0.02561006), (2609, 'Gun_Gun', 0.01685505), (2325, 'Fireworks_Fireworks', 0.014769385)]",
2026-02-05,18:24:36,"Chunk 0 from recording_20260205_182427.wav: [(4862, 'Power tools_Power tools', 0.27141014), (2609, 'Gun_Gun', 0.05694511), (184, 'Alouatta pigra_Mexican Black Howler Monkey', 0.049272258), (2143, 'Engine_Engine', 0.036502652), (2818, 'Human non-vocal_Human non-vocal', 0.023329703)]",
2026-02-05,18:27:01,"Chunk 0 from recording_20260205_182652.wav: [(4862, 'Power tools_Power tools', 0.20933455), (184, 'Alouatta pigra_Mexican Black Howler Monkey', 0.057649378), (2609, 'Gun_Gun', 0.04682797), (2818, 'Human non-vocal_Human non-vocal', 0.03117774), (2325, 'Fireworks_Fireworks', 0.015715566)]",
2026-02-05,18:27:17,"Chunk 0 from recording_20260205_182710.wav: [(184, 'Alouatta pigra_Mexican Black Howler Monkey', 0.2153715), (4862, 'Power tools_Power tools', 0.07593048), (2143, 'Engine_Engine', 0.020309413), (743, 'Bubo bubo_Eurasian Eagle-Owl', 0.013892636), (2818, 'Human non-vocal_Human non-vocal', 0.009900784)]",
2026-02-05,18:27:23,"Chunk 0 from recording_20260205_182716.wav: [(184, 'Alouatta pigra_Mexican Black Howler Monkey', 0.20201461), (4862, 'Power tools_Power tools', 0.12850732), (2143, 'Engine_Engine', 0.042252015), (2325, 'Fireworks_Fireworks', 0.031493045), (2609, 'Gun_Gun', 0.02572525)]",
2026-02-05,18:27:49,"Chunk 0 from recording_20260205_182740.wav: [(184, 'Alouatta pigra_Mexican Black Howler Monkey', 0.21154067), (4862, 'Power tools_Power tools', 0.09160654), (2143, 'Engine_Engine', 0.020745086), (743, 'Bubo bubo_Eurasian Eagle-Owl', 0.0177705), (2609, 'Gun_Gun', 0.016063215)]",
2026-02-05,18:28:02,"Chunk 0 from recording_20260205_182752.wav: [(4862, 'Power tools_Power tools', 0.21081921), (184, 'Alouatta pigra_Mexican Black Howler Monkey', 0.100031845), (2143, 'Engine_Engine', 0.04938214), (2609, 'Gun_Gun', 0.032343987), (2325, 'Fireworks_Fireworks', 0.026755817)]",
2026-02-05,18:28:11,"Chunk 0 from recording_20260205_182804.wav: [(4862, 'Power tools_Power tools', 0.2451646), (184, 'Alouatta pigra_Mexican Black Howler Monkey', 0.066397324), (2143, 'Engine_Engine', 0.026797174), (2609, 'Gun_Gun', 0.02346488), (2325, 'Fireworks_Fireworks', 0.020714464)]",
2026-02-05,18:28:18,"Chunk 0 from recording_20260205_182810.wav: [(184, 'Alouatta pigra_Mexican Black Howler Monkey', 0.38703746), (4862, 'Power tools_Power tools', 0.08842865), (2609, 'Gun_Gun', 0.020588377), (2143, 'Engine_Engine', 0.019100169), (2325, 'Fireworks_Fireworks', 0.012928272)]",
2026-02-05,18:28:50,"Chunk 0 from recording_20260205_182841.wav: [(184, 'Alouatta pigra_Mexican Black Howler Monkey', 0.34005895), (4862, 'Power tools_Power tools', 0.029574357), (2143, 'Engine_Engine', 0.008265787), (3429, 'Megascops sanctaecatarinae_Long-tufted Screech-Owl', 0.007445525), (743, 'Bubo bubo_Eurasian Eagle-Owl', 0.0072333394)]",
2026-02-05,18:29:32,"Chunk 0 from recording_20260205_182923.wav: [(4862, 'Power tools_Power tools', 0.375017), (2143, 'Engine_Engine', 0.10014371), (2325, 'Fireworks_Fireworks', 0.052598268), (184, 'Alouatta pigra_Mexican Black Howler Monkey', 0.031521812), (2609, 'Gun_Gun', 0.022875661)]",
2026-02-05,18:29:38,"Chunk 0 from recording_20260205_182929.wav: [(4862, 'Power tools_Power tools', 0.2517786), (2609, 'Gun_Gun', 0.058436446), (2325, 'Fireworks_Fireworks', 0.052423142), (2143, 'Engine_Engine', 0.042873442), (184, 'Alouatta pigra_Mexican Black Howler Monkey', 0.024769435)]",
2026-02-05,18:31:24,"Chunk 0 from recording_20260205_183117.wav: [(4862, 'Power tools_Power tools', 0.27893436), (2609, 'Gun_Gun', 0.07837215), (2143, 'Engine_Engine', 0.062076773), (184, 'Alouatta pigra_Mexican Black Howler Monkey', 0.03128936), (2325, 'Fireworks_Fireworks', 0.01959778)]",
2026-02-05,18:31:30,"Chunk 0 from recording_20260205_183123.wav: [(4862, 'Power tools_Power tools', 0.22712491), (184, 'Alouatta pigra_Mexican Black Howler Monkey', 0.07657649), (2143, 'Engine_Engine', 0.05169227), (2609, 'Gun_Gun', 0.021702394), (2325, 'Fireworks_Fireworks', 0.01284117)]",
2026-02-05,18:31:56,"Chunk 0 from recording_20260205_183148.wav: [(4862, 'Power tools_Power tools', 0.22473095), (2609, 'Gun_Gun', 0.06465225), (184, 'Alouatta pigra_Mexican Black Howler Monkey', 0.0624424), (2325, 'Fireworks_Fireworks', 0.052398115), (2143, 'Engine_Engine', 0.03927559)]",
2026-02-05,18:32:12,"Chunk 0 from recording_20260205_183206.wav: [(4862, 'Power tools_Power tools', 0.20324299), (2609, 'Gun_Gun', 0.03064421), (2143, 'Engine_Engine', 0.027618686), (184, 'Alouatta pigra_Mexican Black Howler Monkey', 0.026801907), (2818, 'Human non-vocal_Human non-vocal', 0.016497843)]",
2026-02-05,18:32:19,"Chunk 0 from recording_20260205_183212.wav: [(4862, 'Power tools_Power tools', 0.20572992), (2143, 'Engine_Engine', 0.05474268), (2609, 'Gun_Gun', 0.047082346), (184, 'Alouatta pigra_Mexican Black Howler Monkey', 0.03393567), (2325, 'Fireworks_Fireworks', 0.028847553)]",
2026-02-05,18:32:25,"Chunk 0 from recording_20260205_183218.wav: [(4862, 'Power tools_Power tools', 0.25753975), (2143, 'Engine_Engine', 0.053519767), (2609, 'Gun_Gun', 0.034530565), (2325, 'Fireworks_Fireworks', 0.03260721), (184, 'Alouatta pigra_Mexican Black Howler Monkey', 0.017763292)]",
2026-02-05,18:32:57,"Chunk 0 from recording_20260205_183248.wav: [(4862, 'Power tools_Power tools', 0.20622055), (184, 'Alouatta pigra_Mexican Black Howler Monkey', 0.1515587), (2143, 'Engine_Engine', 0.047998857), (2325, 'Fireworks_Fireworks', 0.02216939), (2609, 'Gun_Gun', 0.01639132)]",
2026-02-05,18:33:00,"Chunk 0 from recording_20260205_183254.wav: [(4862, 'Power tools_Power tools', 0.2126929), (184, 'Alouatta pigra_Mexican Black Howler Monkey', 0.042749837), (2143, 'Engine_Engine', 0.03907188), (2609, 'Gun_Gun', 0.021054024), (2325, 'Fireworks_Fireworks', 0.018398426)]",
2026-02-05,18:33:19,"Chunk 0 from recording_20260205_183312.wav: [(4862, 'Power tools_Power tools', 0.49189216), (2609, 'Gun_Gun', 0.08803967), (184, 'Alouatta pigra_Mexican Black Howler Monkey', 0.049738683), (2143, 'Engine_Engine', 0.036512148), (2325, 'Fireworks_Fireworks', 0.009935275)]",
2026-02-05,18:33:45,"Chunk 0 from recording_20260205_183336.wav: [(4862, 'Power tools_Power tools', 0.3215451), (184, 'Alouatta pigra_Mexican Black Howler Monkey', 0.128025), (2609, 'Gun_Gun', 0.08105109), (2143, 'Engine_Engine', 0.07177384), (2325, 'Fireworks_Fireworks', 0.03016372)]",
2026-02-05,18:33:55,"Chunk 0 from recording_20260205_183348.wav: [(4862, 'Power tools_Power tools', 0.3009195), (184, 'Alouatta pigra_Mexican Black Howler Monkey', 0.14310366), (2143, 'Engine_Engine', 0.04511631), (2609, 'Gun_Gun', 0.03956607), (2818, 'Human non-vocal_Human non-vocal', 0.0115196705)]",
2026-02-05,18:34:01,"Chunk 0 from recording_20260205_183354.wav: [(4862, 'Power tools_Power tools', 0.28165603), (2325, 'Fireworks_Fireworks', 0.039767202), (2143, 'Engine_Engine', 0.036912184), (2609, 'Gun_Gun', 0.024749229), (184, 'Alouatta pigra_Mexican Black Howler Monkey', 0.01807502)]",
2026-02-05,18:34:40,"Chunk 0 from recording_20260205_183430.wav: [(4862, 'Power tools_Power tools', 0.2886945), (2609, 'Gun_Gun', 0.06093334), (2818, 'Human non-vocal_Human non-vocal', 0.029081343), (2143, 'Engine_Engine', 0.020717423), (184, 'Alouatta pigra_Mexican Black Howler Monkey', 0.0192598)]",
2026-02-05,18:36:38,"Chunk 0 from recording_20260205_183631.wav: [(184, 'Alouatta pigra_Mexican Black Howler Monkey', 0.23026246), (4862, 'Power tools_Power tools', 0.16315186), (2143, 'Engine_Engine', 0.033947952), (2609, 'Gun_Gun', 0.030432977), (2325, 'Fireworks_Fireworks', 0.026686082)]",
2026-02-05,18:36:58,"Chunk 0 from recording_20260205_183649.wav: [(4862, 'Power tools_Power tools', 0.23710522), (184, 'Alouatta pigra_Mexican Black Howler Monkey', 0.051926382), (2609, 'Gun_Gun', 0.05015539), (2143, 'Engine_Engine', 0.046423804), (2325, 'Fireworks_Fireworks', 0.017786853)]",
2026-02-05,18:37:26,"Chunk 0 from recording_20260205_183719.wav: [(184, 'Alouatta pigra_Mexican Black Howler Monkey', 0.27355275), (4862, 'Power tools_Power tools', 0.10998814), (2143, 'Engine_Engine', 0.03521003), (2325, 'Fireworks_Fireworks', 0.020622365), (2609, 'Gun_Gun', 0.014099555)]",
2026-02-05,18:37:58,"Chunk 0 from recording_20260205_183749.wav: [(4862, 'Power tools_Power tools', 0.3600133), (184, 'Alouatta pigra_Mexican Black Howler Monkey', 0.083259545), (2143, 'Engine_Engine', 0.04242695), (2818, 'Human non-vocal_Human non-vocal', 0.0359069), (2609, 'Gun_Gun', 0.035801988)]",
2026-02-05,18:40:04,"Chunk 0 from recording_20260205_183956.wav: [(184, 'Alouatta pigra_Mexican Black Howler Monkey', 0.28714538), (4862, 'Power tools_Power tools', 0.12473804), (2143, 'Engine_Engine', 0.038915228), (5560, 'Siren_Siren', 0.013501927), (2325, 'Fireworks_Fireworks', 0.011886559)]",
2026-02-05,18:40:10,"Chunk 0 from recording_20260205_184002.wav: [(184, 'Alouatta pigra_Mexican Black Howler Monkey', 0.35294008), (2449, 'Gavia immer_Common Loon', 0.055578116), (4862, 'Power tools_Power tools', 0.043705795), (3431, 'Megascops trichopsis_Whiskered Screech-Owl', 0.01763274), (2143, 'Engine_Engine', 0.017487349)]",
2026-02-05,18:40:36,"Chunk 0 from recording_20260205_184026.wav: [(4862, 'Power tools_Power tools', 0.23298316), (2143, 'Engine_Engine', 0.041165274), (184, 'Alouatta pigra_Mexican Black Howler Monkey', 0.029261898), (2609, 'Gun_Gun', 0.018674942), (2818, 'Human non-vocal_Human non-vocal', 0.018338121)]",
2026-02-05,18:40:39,"Chunk 0 from recording_20260205_184032.wav: [(1758, 'Cyanocorax cyanopogon_White-naped Jay', 0.3451831), (4862, 'Power tools_Power tools', 0.15828681), (2818, 'Human non-vocal_Human non-vocal', 0.114551075), (2609, 'Gun_Gun', 0.03649342), (4145, 'Otus lettia_Collared Scops-Owl', 0.033005413)]",
2026-02-05,18:40:45,"Chunk 0 from recording_20260205_184038.wav: [(4862, 'Power tools_Power tools', 0.58946544), (1758, 'Cyanocorax cyanopogon_White-naped Jay', 0.2534164), (2143, 'Engine_Engine', 0.04940574), (2325, 'Fireworks_Fireworks', 0.04859109), (1748, 'Cyanocitta cristata_Blue Jay', 0.029911071)]",
2026-02-05,18:40:52,"Chunk 0 from recording_20260205_184044.wav: [(184, 'Alouatta pigra_Mexican Black Howler Monkey', 0.3307429), (4862, 'Power tools_Power tools', 0.119279765), (2143, 'Engine_Engine', 0.046937343), (2818, 'Human non-vocal_Human non-vocal', 0.02052936), (2609, 'Gun_Gun', 0.020155247)]",
2026-02-05,18:40:58,"Chunk 0 from recording_20260205_184050.wav: [(5055, 'Pterodroma sandwichensis_Hawaiian Petrel', 0.33693293), (4862, 'Power tools_Power tools', 0.04248081), (4337, 'Perisoreus canadensis_Canada Jay', 0.04128636), (3952, 'Nucifraga caryocatactes_Eurasian Nutcracker', 0.03375238), (97, 'Aegolius funereus_Boreal Owl', 0.024185268)]",
2026-02-05,18:41:05,"Chunk 0 from recording_20260205_184056.wav: [(4862, 'Power tools_Power tools', 0.3581218), (184, 'Alouatta pigra_Mexican Black Howler Monkey', 0.25636554), (2609, 'Gun_Gun', 0.07894421), (2143, 'Engine_Engine', 0.046651527), (2325, 'Fireworks_Fireworks', 0.0297886)]",
2026-02-05,18:41:24,"Chunk 0 from recording_20260205_184114.wav: [(4862, 'Power tools_Power tools', 0.20711139), (2143, 'Engine_Engine', 0.040224265), (184, 'Alouatta pigra_Mexican Black Howler Monkey', 0.033644103), (2609, 'Gun_Gun', 0.022776369), (2325, 'Fireworks_Fireworks', 0.021430084)]",
2026-02-05,18:41:59,"Chunk 0 from recording_20260205_184151.wav: [(184, 'Alouatta pigra_Mexican Black Howler Monkey', 0.29799086), (4862, 'Power tools_Power tools', 0.052230276), (2143, 'Engine_Engine', 0.018070672), (6315, 'Tyto alba_Barn Owl', 0.015669458), (743, 'Bubo bubo_Eurasian Eagle-Owl', 0.011382992)]",
2026-02-05,18:42:15,"Chunk 0 from recording_20260205_184209.wav: [(4862, 'Power tools_Power tools', 0.5106721), (2143, 'Engine_Engine', 0.06550164), (2325, 'Fireworks_Fireworks', 0.060270403), (2609, 'Gun_Gun', 0.030030295), (184, 'Alouatta pigra_Mexican Black Howler Monkey', 0.018899478)]",
2026-02-05,18:42:22,"Chunk 0 from recording_20260205_184215.wav: [(4862, 'Power tools_Power tools', 0.20865922), (184, 'Alouatta pigra_Mexican Black Howler Monkey', 0.09046809), (2143, 'Engine_Engine', 0.05025471), (2609, 'Gun_Gun', 0.03974757), (2325, 'Fireworks_Fireworks', 0.014684972)]",
2026-02-05,18:42:28,"Chunk 0 from recording_20260205_184221.wav: [(4862, 'Power tools_Power tools', 0.29915875), (184, 'Alouatta pigra_Mexican Black Howler Monkey', 0.12774202), (2143, 'Engine_Engine', 0.08503032), (2609, 'Gun_Gun', 0.07775504), (2325, 'Fireworks_Fireworks', 0.025870224)]",
2026-02-05,18:42:35,"Chunk 0 from recording_20260205_184227.wav: [(4862, 'Power tools_Power tools', 0.5311791), (2325, 'Fireworks_Fireworks', 0.06864323), (2143, 'Engine_Engine', 0.05341552), (184, 'Alouatta pigra_Mexican Black Howler Monkey', 0.029570991), (2609, 'Gun_Gun', 0.024485229)]",
2026-02-05,18:42:41,"Chunk 0 from recording_20260205_184233.wav: [(4862, 'Power tools_Power tools', 0.21709697), (2143, 'Engine_Engine', 0.050721593), (2818, 'Human non-vocal_Human non-vocal', 0.021321405), (2325, 'Fireworks_Fireworks', 0.018180901), (2609, 'Gun_Gun', 0.011832569)]",
2026-02-05,18:42:47,"Chunk 0 from recording_20260205_184239.wav: [(4862, 'Power tools_Power tools', 0.3640303), (2609, 'Gun_Gun', 0.15685262), (2325, 'Fireworks_Fireworks', 0.03933215), (2143, 'Engine_Engine', 0.03343706), (2818, 'Human non-vocal_Human non-vocal', 0.029560361)]",
2026-02-05,18:42:54,"Chunk 0 from recording_20260205_184245.wav: [(4862, 'Power tools_Power tools', 0.21581873), (2143, 'Engine_Engine', 0.11725382), (1748, 'Cyanocitta cristata_Blue Jay', 0.07151375), (5560, 'Siren_Siren', 0.061146207), (2376, 'Fulica atra_Eurasian Coot', 0.038739633)]",
2026-02-05,18:43:03,"Chunk 0 from recording_20260205_184257.wav: [(4862, 'Power tools_Power tools', 0.23858032), (184, 'Alouatta pigra_Mexican Black Howler Monkey', 0.064030044), (2609, 'Gun_Gun', 0.05773501), (2143, 'Engine_Engine', 0.029168839), (2819, 'Human vocal_Human vocal', 0.009608748)]",
2026-02-05,18:43:16,"Chunk 0 from recording_20260205_184309.wav: [(184, 'Alouatta pigra_Mexican Black Howler Monkey', 0.22692475), (4862, 'Power tools_Power tools', 0.15279005), (2143, 'Engine_Engine', 0.0481661), (2818, 'Human non-vocal_Human non-vocal', 0.017610667), (2609, 'Gun_Gun', 0.015683578)]",
2026-02-05,18:44:46,"Chunk 0 from recording_20260205_184440.wav: [(184, 'Alouatta pigra_Mexican Black Howler Monkey', 0.2811528), (4862, 'Power tools_Power tools', 0.1354015), (2143, 'Engine_Engine', 0.028647965), (2609, 'Gun_Gun', 0.024720984), (2818, 'Human non-vocal_Human non-vocal', 0.01086568)]",
2026-02-05,18:45:12,"Chunk 0 from recording_20260205_184504.wav: [(4862, 'Power tools_Power tools', 0.21780744), (184, 'Alouatta pigra_Mexican Black Howler Monkey', 0.047127724), (2609, 'Gun_Gun', 0.039902326), (2143, 'Engine_Engine', 0.033625666), (2818, 'Human non-vocal_Human non-vocal', 0.023506276)]",
2026-02-05,18:45:18,"Chunk 0 from recording_20260205_184510.wav: [(184, 'Alouatta pigra_Mexican Black Howler Monkey', 0.3116178), (4862, 'Power tools_Power tools', 0.12674023), (2325, 'Fireworks_Fireworks', 0.06924986), (2143, 'Engine_Engine', 0.021364097), (5000, 'Psiloscops flammeolus_Flammulated Owl', 0.009746196)]",
2026-02-05,18:45:41,"Chunk 0 from recording_20260205_184534.wav: [(3952, 'Nucifraga caryocatactes_Eurasian Nutcracker', 0.20182651), (5175, 'Pyrrhocorax graculus_Yellow-billed Chough', 0.12399156), (4862, 'Power tools_Power tools', 0.06931379), (5176, 'Pyrrhocorax pyrrhocorax_Red-billed Chough', 0.06737771), (109, 'Aethia pygmaea_Whiskered Auklet', 0.06048206)]",
2026-02-05,18:45:48,"Chunk 0 from recording_20260205_184540.wav: [(4862, 'Power tools_Power tools', 0.21604387), (184, 'Alouatta pigra_Mexican Black Howler Monkey', 0.069103755), (2609, 'Gun_Gun', 0.034311637), (2143, 'Engine_Engine', 0.023766948), (5893, 'Tamiasciurus hudsonicus_Red Squirrel', 0.014880563)]",
2026-02-05,18:47:05,"Chunk 0 from recording_20260205_184658.wav: [(4862, 'Power tools_Power tools', 0.26862726), (184, 'Alouatta pigra_Mexican Black Howler Monkey', 0.07880771), (2609, 'Gun_Gun', 0.040047836), (2143, 'Engine_Engine', 0.034364607), (5560, 'Siren_Siren', 0.015916537)]",
2026-02-05,18:47:30,"Chunk 0 from recording_20260205_184722.wav: [(184, 'Alouatta pigra_Mexican Black Howler Monkey', 0.28537324), (4862, 'Power tools_Power tools', 0.15882292), (2143, 'Engine_Engine', 0.046967033), (2609, 'Gun_Gun', 0.020718144), (3429, 'Megascops sanctaecatarinae_Long-tufted Screech-Owl', 0.019054247)]",
2026-02-05,18:47:59,"Chunk 0 from recording_20260205_184753.wav: [(4862, 'Power tools_Power tools', 0.21710642), (184, 'Alouatta pigra_Mexican Black Howler Monkey', 0.10743108), (2609, 'Gun_Gun', 0.060941767), (2143, 'Engine_Engine', 0.02830993), (2818, 'Human non-vocal_Human non-vocal', 0.021488061)]",
2026-02-05,18:48:25,"Chunk 0 from recording_20260205_184817.wav: [(184, 'Alouatta pigra_Mexican Black Howler Monkey', 0.34394115), (4862, 'Power tools_Power tools', 0.038984545), (5760, 'Strix aluco_Tawny Owl', 0.03142998), (743, 'Bubo bubo_Eurasian Eagle-Owl', 0.022779962), (3414, 'Megascops asio_Eastern Screech-Owl', 0.01774952)]",
2026-02-05,18:48:44,"Chunk 0 from recording_20260205_184835.wav: [(184, 'Alouatta pigra_Mexican Black Howler Monkey', 0.20145486), (3431, 'Megascops trichopsis_Whiskered Screech-Owl', 0.056154013), (3429, 'Megascops sanctaecatarinae_Long-tufted Screech-Owl', 0.02515438), (3424, 'Megascops kennicottii_Western Screech-Owl', 0.020368095), (1801, 'Cygnus cygnus_Whooper Swan', 0.017056946)]",
2026-02-05,18:49:13,"Chunk 0 from recording_20260205_184905.wav: [(4862, 'Power tools_Power tools', 0.5329329), (2609, 'Gun_Gun', 0.111954615), (2143, 'Engine_Engine', 0.047653228), (2818, 'Human non-vocal_Human non-vocal', 0.040716674), (184, 'Alouatta pigra_Mexican Black Howler Monkey', 0.03252382)]",
2026-02-05,18:49:19,"Chunk 0 from recording_20260205_184911.wav: [(4862, 'Power tools_Power tools', 0.29129195), (2818, 'Human non-vocal_Human non-vocal', 0.0509458), (2143, 'Engine_Engine', 0.04125847), (2609, 'Gun_Gun', 0.03653485), (2325, 'Fireworks_Fireworks', 0.014763529)]",
2026-02-05,18:49:26,"Chunk 0 from recording_20260205_184917.wav: [(4862, 'Power tools_Power tools', 0.25672078), (2143, 'Engine_Engine', 0.058209267), (2325, 'Fireworks_Fireworks', 0.04032038), (2819, 'Human vocal_Human vocal', 0.0151668545), (2609, 'Gun_Gun', 0.014050772)]",
2026-02-05,18:49:32,"Chunk 0 from recording_20260205_184923.wav: [(4862, 'Power tools_Power tools', 0.27646795), (2325, 'Fireworks_Fireworks', 0.05662217), (2143, 'Engine_Engine', 0.029597206), (2609, 'Gun_Gun', 0.021258049), (184, 'Alouatta pigra_Mexican Black Howler Monkey', 0.021001542)]",
2026-02-05,18:49:35,"Chunk 0 from recording_20260205_184929.wav: [(4862, 'Power tools_Power tools', 0.36445796), (2143, 'Engine_Engine', 0.038434874), (2325, 'Fireworks_Fireworks', 0.021432536), (2832, 'Hydropsalis torquata_Scissor-tailed Nightjar', 0.011522245), (2818, 'Human non-vocal_Human non-vocal', 0.009929033)]",
2026-02-05,18:49:42,"Chunk 0 from recording_20260205_184935.wav: [(4862, 'Power tools_Power tools', 0.6811771), (2143, 'Engine_Engine', 0.033138577), (2325, 'Fireworks_Fireworks', 0.02865151), (2609, 'Gun_Gun', 0.025987085), (2818, 'Human non-vocal_Human non-vocal', 0.0066639897)]",
2026-02-05,18:49:48,"Chunk 0 from recording_20260205_184941.wav: [(4862, 'Power tools_Power tools', 0.22263536), (184, 'Alouatta pigra_Mexican Black Howler Monkey', 0.09409412), (2609, 'Gun_Gun', 0.049242545), (2143, 'Engine_Engine', 0.043030437), (2325, 'Fireworks_Fireworks', 0.026148368)]",
2026-02-05,18:50:01,"Chunk 0 from recording_20260205_184953.wav: [(4862, 'Power tools_Power tools', 0.3471507), (184, 'Alouatta pigra_Mexican Black Howler Monkey', 0.3392631), (2143, 'Engine_Engine', 0.07221249), (2325, 'Fireworks_Fireworks', 0.0565365), (2609, 'Gun_Gun', 0.05648273)]",
2026-02-05,18:50:07,"Chunk 0 from recording_20260205_184959.wav: [(4862, 'Power tools_Power tools', 0.2907466), (2609, 'Gun_Gun', 0.1252317), (184, 'Alouatta pigra_Mexican Black Howler Monkey', 0.058592103), (2143, 'Engine_Engine', 0.048708398), (2325, 'Fireworks_Fireworks', 0.016676147)]",
2026-02-05,18:50:27,"Chunk 0 from recording_20260205_185017.wav: [(4862, 'Power tools_Power tools', 0.20023525), (2609, 'Gun_Gun', 0.087176874), (184, 'Alouatta pigra_Mexican Black Howler Monkey', 0.043062575), (2143, 'Engine_Engine', 0.04296802), (2325, 'Fireworks_Fireworks', 0.017077832)]",
2026-02-05,18:50:36,"Chunk 0 from recording_20260205_185029.wav: [(4862, 'Power tools_Power tools', 0.281617), (2609, 'Gun_Gun', 0.069747806), (2143, 'Engine_Engine', 0.067720614), (2818, 'Human non-vocal_Human non-vocal', 0.06319029), (2325, 'Fireworks_Fireworks', 0.014081609)]",
2026-02-05,18:50:43,"Chunk 0 from recording_20260205_185035.wav: [(4862, 'Power tools_Power tools', 0.25308788), (184, 'Alouatta pigra_Mexican Black Howler Monkey', 0.04685293), (2143, 'Engine_Engine', 0.041043486), (2609, 'Gun_Gun', 0.03461465), (2818, 'Human non-vocal_Human non-vocal', 0.029552333)]",
2026-02-05,18:50:56,"Chunk 0 from recording_20260205_185047.wav: [(4862, 'Power tools_Power tools', 0.37770706), (2609, 'Gun_Gun', 0.12028814), (2143, 'Engine_Engine', 0.100720875), (184, 'Alouatta pigra_Mexican Black Howler Monkey', 0.055935845), (2325, 'Fireworks_Fireworks', 0.023498546)]",
2026-02-05,18:51:25,"Chunk 0 from recording_20260205_185118.wav: [(4862, 'Power tools_Power tools', 0.28694785), (184, 'Alouatta pigra_Mexican Black Howler Monkey', 0.114213616), (2143, 'Engine_Engine', 0.06336424), (2609, 'Gun_Gun', 0.051859837), (2325, 'Fireworks_Fireworks', 0.046749316)]",
2026-02-05,18:51:31,"Chunk 0 from recording_20260205_185124.wav: [(4862, 'Power tools_Power tools', 0.23504575), (2143, 'Engine_Engine', 0.07263093), (2609, 'Gun_Gun', 0.030420432), (2325, 'Fireworks_Fireworks', 0.0284034), (2818, 'Human non-vocal_Human non-vocal', 0.012473325)]",
2026-02-05,18:51:37,"Chunk 0 from recording_20260205_185130.wav: [(4862, 'Power tools_Power tools', 0.22522728), (2143, 'Engine_Engine', 0.035256587), (2609, 'Gun_Gun', 0.03063717), (2818, 'Human non-vocal_Human non-vocal', 0.02640192), (2325, 'Fireworks_Fireworks', 0.019545896)]",
2026-02-05,18:51:44,"Chunk 0 from recording_20260205_185136.wav: [(4862, 'Power tools_Power tools', 0.39759964), (2143, 'Engine_Engine', 0.0950329), (2609, 'Gun_Gun', 0.034199446), (2325, 'Fireworks_Fireworks', 0.026812244), (2819, 'Human vocal_Human vocal', 0.018262435)]",
2026-02-05,18:51:50,"Chunk 0 from recording_20260205_185142.wav: [(4862, 'Power tools_Power tools', 0.49033418), (2325, 'Fireworks_Fireworks', 0.055739872), (184, 'Alouatta pigra_Mexican Black Howler Monkey', 0.04186309), (2143, 'Engine_Engine', 0.039549727), (2609, 'Gun_Gun', 0.032964874)]",
2026-02-05,18:51:57,"Chunk 0 from recording_20260205_185148.wav: [(4862, 'Power tools_Power tools', 0.20516244), (184, 'Alouatta pigra_Mexican Black Howler Monkey', 0.15012896), (2609, 'Gun_Gun', 0.06595154), (2143, 'Engine_Engine', 0.065452926), (1799, 'Cygnus buccinator_Trumpeter Swan', 0.03363961)]",
2026-02-05,18:52:06,"Chunk 0 from recording_20260205_185200.wav: [(4862, 'Power tools_Power tools', 0.2031753), (184, 'Alouatta pigra_Mexican Black Howler Monkey', 0.059646674), (2609, 'Gun_Gun', 0.049556356), (2143, 'Engine_Engine', 0.047007773), (5560, 'Siren_Siren', 0.013807631)]",
2026-02-05,18:52:13,"Chunk 0 from recording_20260205_185206.wav: [(4862, 'Power tools_Power tools', 0.28932703), (2609, 'Gun_Gun', 0.09449859), (184, 'Alouatta pigra_Mexican Black Howler Monkey', 0.05334794), (2143, 'Engine_Engine', 0.038952537), (2325, 'Fireworks_Fireworks', 0.029389651)]",
2026-02-05,18:52:19,"Chunk 0 from recording_20260205_185212.wav: [(4862, 'Power tools_Power tools', 0.22097486), (184, 'Alouatta pigra_Mexican Black Howler Monkey', 0.10306251), (2609, 'Gun_Gun', 0.04364801), (2143, 'Engine_Engine', 0.038073357), (2325, 'Fireworks_Fireworks', 0.013768118)]",
2026-02-05,18:52:38,"Chunk 0 from recording_20260205_185230.wav: [(4862, 'Power tools_Power tools', 0.3029723), (184, 'Alouatta pigra_Mexican Black Howler Monkey', 0.176009), (2143, 'Engine_Engine', 0.0448171), (2609, 'Gun_Gun', 0.037269622), (2325, 'Fireworks_Fireworks', 0.019625738)]",
2026-02-05,18:52:45,"Chunk 0 from recording_20260205_185236.wav: [(4862, 'Power tools_Power tools', 0.48533338), (2143, 'Engine_Engine', 0.07618713), (2818, 'Human non-vocal_Human non-vocal', 0.037985507), (184, 'Alouatta pigra_Mexican Black Howler Monkey', 0.02968273), (2325, 'Fireworks_Fireworks', 0.025499683)]",
2026-02-05,18:52:51,"Chunk 0 from recording_20260205_185242.wav: [(4862, 'Power tools_Power tools', 0.64645934), (2143, 'Engine_Engine', 0.12318846), (2609, 'Gun_Gun', 0.08886306), (2325, 'Fireworks_Fireworks', 0.060743097), (2818, 'Human non-vocal_Human non-vocal', 0.01872081)]",
2026-02-05,18:52:54,"Chunk 0 from recording_20260205_185248.wav: [(4862, 'Power tools_Power tools', 0.29595047), (2143, 'Engine_Engine', 0.07540926), (2609, 'Gun_Gun', 0.04205192), (2819, 'Human vocal_Human vocal', 0.020828925), (2818, 'Human non-vocal_Human non-vocal', 0.015479401)]",
2026-02-05,18:53:01,"Chunk 0 from recording_20260205_185254.wav: [(4862, 'Power tools_Power tools', 0.359394), (2609, 'Gun_Gun', 0.10829511), (2818, 'Human non-vocal_Human non-vocal', 0.047102977), (2143, 'Engine_Engine', 0.024393357), (2325, 'Fireworks_Fireworks', 0.014323062)]",
2026-02-05,18:53:07,"Chunk 0 from recording_20260205_185300.wav: [(4862, 'Power tools_Power tools', 0.31244463), (184, 'Alouatta pigra_Mexican Black Howler Monkey', 0.10445666), (2609, 'Gun_Gun', 0.057081662), (2143, 'Engine_Engine', 0.053368267), (2325, 'Fireworks_Fireworks', 0.018240357)]",
2026-02-05,18:53:14,"Chunk 0 from recording_20260205_185306.wav: [(4862, 'Power tools_Power tools', 0.2893518), (2609, 'Gun_Gun', 0.088034645), (2143, 'Engine_Engine', 0.061156526), (2819, 'Human vocal_Human vocal', 0.01136457), (2325, 'Fireworks_Fireworks', 0.011109103)]",
2026-02-05,18:53:20,"Chunk 0 from recording_20260205_185312.wav: [(4862, 'Power tools_Power tools', 0.21025716), (184, 'Alouatta pigra_Mexican Black Howler Monkey', 0.09708229), (2143, 'Engine_Engine', 0.086773), (2609, 'Gun_Gun', 0.066624515), (2819, 'Human vocal_Human vocal', 0.021890193)]",
2026-02-05,18:53:26,"Chunk 0 from recording_20260205_185318.wav: [(4862, 'Power tools_Power tools', 0.20716266), (184, 'Alouatta pigra_Mexican Black Howler Monkey', 0.08949304), (2143, 'Engine_Engine', 0.061933637), (2609, 'Gun_Gun', 0.03952779), (2325, 'Fireworks_Fireworks', 0.02548404)]",
2026-02-05,18:53:33,"Chunk 0 from recording_20260205_185324.wav: [(4862, 'Power tools_Power tools', 0.2990252), (2609, 'Gun_Gun', 0.06849623), (2143, 'Engine_Engine', 0.04506724), (2325, 'Fireworks_Fireworks', 0.025453359), (184, 'Alouatta pigra_Mexican Black Howler Monkey', 0.017722672)]",
2026-02-05,18:53:39,"Chunk 0 from recording_20260205_185330.wav: [(4862, 'Power tools_Power tools', 0.24483493), (2143, 'Engine_Engine', 0.09368127), (2325, 'Fireworks_Fireworks', 0.02836142), (2609, 'Gun_Gun', 0.027761657), (2819, 'Human vocal_Human vocal', 0.009141164)]",
2026-02-05,18:53:46,"Chunk 0 from recording_20260205_185336.wav: [(4862, 'Power tools_Power tools', 0.3874756), (2143, 'Engine_Engine', 0.07321305), (2609, 'Gun_Gun', 0.071693115), (2818, 'Human non-vocal_Human non-vocal', 0.048169676), (2325, 'Fireworks_Fireworks', 0.01967807)]",
2026-02-05,18:53:49,"Chunk 0 from recording_20260205_185342.wav: [(4862, 'Power tools_Power tools', 0.27664125), (2143, 'Engine_Engine', 0.0867092), (2325, 'Fireworks_Fireworks', 0.022492062), (2609, 'Gun_Gun', 0.022025185), (184, 'Alouatta pigra_Mexican Black Howler Monkey', 0.017474262)]",
2026-02-05,18:53:55,"Chunk 0 from recording_20260205_185348.wav: [(4862, 'Power tools_Power tools', 0.29757586), (2143, 'Engine_Engine', 0.11956546), (2609, 'Gun_Gun', 0.09314263), (184, 'Alouatta pigra_Mexican Black Howler Monkey', 0.048828162), (2818, 'Human non-vocal_Human non-vocal', 0.022031566)]",
2026-02-05,18:54:02,"Chunk 0 from recording_20260205_185354.wav: [(4862, 'Power tools_Power tools', 0.42176384), (2143, 'Engine_Engine', 0.062492706), (2609, 'Gun_Gun', 0.038808558), (2325, 'Fireworks_Fireworks', 0.016190479), (2818, 'Human non-vocal_Human non-vocal', 0.01512209)]",
2026-02-05,18:54:08,"Chunk 0 from recording_20260205_185400.wav: [(4862, 'Power tools_Power tools', 0.33425474), (2143, 'Engine_Engine', 0.050663285), (2609, 'Gun_Gun', 0.029604988), (184, 'Alouatta pigra_Mexican Black Howler Monkey', 0.017807668), (2325, 'Fireworks_Fireworks', 0.01624524)]",
2026-02-05,18:54:15,"Chunk 0 from recording_20260205_185406.wav: [(4862, 'Power tools_Power tools', 0.39236358), (2325, 'Fireworks_Fireworks', 0.117887385), (2609, 'Gun_Gun', 0.044732656), (2143, 'Engine_Engine', 0.040979028), (184, 'Alouatta pigra_Mexican Black Howler Monkey', 0.0074657155)]",
2026-02-05,18:54:21,"Chunk 0 from recording_20260205_185412.wav: [(4862, 'Power tools_Power tools', 0.38681915), (2143, 'Engine_Engine', 0.07972399), (2609, 'Gun_Gun', 0.057216886), (184, 'Alouatta pigra_Mexican Black Howler Monkey', 0.049706306), (2325, 'Fireworks_Fireworks', 0.031885304)]",
2026-02-05,18:54:27,"Chunk 0 from recording_20260205_185418.wav: [(184, 'Alouatta pigra_Mexican Black Howler Monkey', 0.24242805), (4862, 'Power tools_Power tools', 0.12725922), (2609, 'Gun_Gun', 0.041628696), (2143, 'Engine_Engine', 0.025985742), (2818, 'Human non-vocal_Human non-vocal', 0.019423833)]",
2026-02-05,18:54:34,"Chunk 0 from recording_20260205_185424.wav: [(4862, 'Power tools_Power tools', 0.3216551), (2143, 'Engine_Engine', 0.07180034), (2609, 'Gun_Gun', 0.047645047), (2325, 'Fireworks_Fireworks', 0.033805676), (184, 'Alouatta pigra_Mexican Black Howler Monkey', 0.033510454)]",
2026-02-05,18:54:37,"Chunk 0 from recording_20260205_185431.wav: [(4862, 'Power tools_Power tools', 0.25478652), (2609, 'Gun_Gun', 0.052941166), (2143, 'Engine_Engine', 0.051187612), (184, 'Alouatta pigra_Mexican Black Howler Monkey', 0.025576063), (2818, 'Human non-vocal_Human non-vocal', 0.007751087)]",
2026-02-05,18:55:03,"Chunk 0 from recording_20260205_185455.wav: [(4862, 'Power tools_Power tools', 0.33485255), (2609, 'Gun_Gun', 0.07251381), (2143, 'Engine_Engine', 0.058163952), (2325, 'Fireworks_Fireworks', 0.029848475), (184, 'Alouatta pigra_Mexican Black Howler Monkey', 0.010874063)]",
2026-02-05,18:55:22,"Chunk 0 from recording_20260205_185513.wav: [(4862, 'Power tools_Power tools', 0.26017103), (2609, 'Gun_Gun', 0.061258044), (2143, 'Engine_Engine', 0.058057297), (967, ""Caprimulgus atripennis_Jerdon's Nightjar"", 0.029372524), (184, 'Alouatta pigra_Mexican Black Howler Monkey', 0.025417043)]",
2026-02-05,18:56:20,"Chunk 0 from recording_20260205_185613.wav: [(4862, 'Power tools_Power tools', 0.20940532), (2143, 'Engine_Engine', 0.049347892), (2609, 'Gun_Gun', 0.022301495), (184, 'Alouatta pigra_Mexican Black Howler Monkey', 0.017181467), (2325, 'Fireworks_Fireworks', 0.012127011)]",
2026-02-05,18:56:26,"Chunk 0 from recording_20260205_185619.wav: [(4862, 'Power tools_Power tools', 0.27250996), (2143, 'Engine_Engine', 0.06673248), (2609, 'Gun_Gun', 0.033385154), (2325, 'Fireworks_Fireworks', 0.01727393), (184, 'Alouatta pigra_Mexican Black Howler Monkey', 0.013872288)]",
2026-02-05,18:56:32,"Chunk 0 from recording_20260205_185625.wav: [(4862, 'Power tools_Power tools', 0.22904254), (2143, 'Engine_Engine', 0.07565172), (2609, 'Gun_Gun', 0.061151356), (184, 'Alouatta pigra_Mexican Black Howler Monkey', 0.03451545), (2325, 'Fireworks_Fireworks', 0.02941463)]",
2026-02-05,18:56:39,"Chunk 0 from recording_20260205_185631.wav: [(4862, 'Power tools_Power tools', 0.31033298), (2609, 'Gun_Gun', 0.052899264), (2143, 'Engine_Engine', 0.051520847), (1803, 'Cygnus olor_Mute Swan', 0.03118717), (4144, 'Otus lempiji_Sunda Scops-Owl', 0.030657148)]",
2026-02-05,18:57:14,"Chunk 0 from recording_20260205_185707.wav: [(4862, 'Power tools_Power tools', 0.316043), (184, 'Alouatta pigra_Mexican Black Howler Monkey', 0.22070122), (2143, 'Engine_Engine', 0.07113177), (2609, 'Gun_Gun', 0.029945396), (2818, 'Human non-vocal_Human non-vocal', 0.029811466)]",
2026-02-05,18:57:27,"Chunk 0 from recording_20260205_185719.wav: [(4862, 'Power tools_Power tools', 0.24478672), (2143, 'Engine_Engine', 0.09833357), (184, 'Alouatta pigra_Mexican Black Howler Monkey', 0.06350068), (2325, 'Fireworks_Fireworks', 0.023799103), (2609, 'Gun_Gun', 0.023137141)]",
2026-02-05,18:57:33,"Chunk 0 from recording_20260205_185725.wav: [(4862, 'Power tools_Power tools', 0.42132518), (2818, 'Human non-vocal_Human non-vocal', 0.065360665), (2143, 'Engine_Engine', 0.03449248), (2609, 'Gun_Gun', 0.030452562), (2325, 'Fireworks_Fireworks', 0.01637648)]",
2026-02-05,18:57:40,"Chunk 0 from recording_20260205_185731.wav: [(4862, 'Power tools_Power tools', 0.21736316), (2609, 'Gun_Gun', 0.13119853), (2143, 'Engine_Engine', 0.052908227), (2325, 'Fireworks_Fireworks', 0.025465865), (184, 'Alouatta pigra_Mexican Black Howler Monkey', 0.022264272)]",
2026-02-05,18:57:56,"Chunk 0 from recording_20260205_185749.wav: [(1801, 'Cygnus cygnus_Whooper Swan', 0.56260186), (727, 'Branta canadensis_Canada Goose', 0.12116923), (2818, 'Human non-vocal_Human non-vocal', 0.043704562), (4283, 'Pavo cristatus_Indian Peafowl', 0.017794853), (2819, 'Human vocal_Human vocal', 0.017776985)]",
2026-02-05,18:58:22,"Chunk 0 from recording_20260205_185814.wav: [(4862, 'Power tools_Power tools', 0.20468287), (2143, 'Engine_Engine', 0.050096836), (184, 'Alouatta pigra_Mexican Black Howler Monkey', 0.04675343), (2609, 'Gun_Gun', 0.0370262), (2325, 'Fireworks_Fireworks', 0.02557274)]",
2026-02-05,18:58:41,"Chunk 0 from recording_20260205_185832.wav: [(4862, 'Power tools_Power tools', 0.21637622), (2143, 'Engine_Engine', 0.05303034), (2609, 'Gun_Gun', 0.03215016), (2818, 'Human non-vocal_Human non-vocal', 0.020696064), (184, 'Alouatta pigra_Mexican Black Howler Monkey', 0.015718035)]",
2026-02-05,18:58:47,"Chunk 0 from recording_20260205_185838.wav: [(4862, 'Power tools_Power tools', 0.30920056), (2325, 'Fireworks_Fireworks', 0.08918315), (2818, 'Human non-vocal_Human non-vocal', 0.029884031), (2143, 'Engine_Engine', 0.022087237), (2609, 'Gun_Gun', 0.02165425)]",
2026-02-05,18:58:57,"Chunk 0 from recording_20260205_185850.wav: [(4862, 'Power tools_Power tools', 0.36298016), (184, 'Alouatta pigra_Mexican Black Howler Monkey', 0.10413196), (2143, 'Engine_Engine', 0.062134486), (2609, 'Gun_Gun', 0.05542051), (2325, 'Fireworks_Fireworks', 0.053440355)]",
2026-02-05,18:59:03,"Chunk 0 from recording_20260205_185856.wav: [(4862, 'Power tools_Power tools', 0.33564776), (2609, 'Gun_Gun', 0.17062534), (2143, 'Engine_Engine', 0.06167537), (2818, 'Human non-vocal_Human non-vocal', 0.037869234), (2325, 'Fireworks_Fireworks', 0.033952557)]",
2026-02-05,18:59:16,"Chunk 0 from recording_20260205_185908.wav: [(184, 'Alouatta pigra_Mexican Black Howler Monkey', 0.35499516), (4862, 'Power tools_Power tools', 0.06577786), (2325, 'Fireworks_Fireworks', 0.012911877), (2143, 'Engine_Engine', 0.012810217), (2609, 'Gun_Gun', 0.010852477)]",
2026-02-05,18:59:29,"Chunk 0 from recording_20260205_185920.wav: [(4862, 'Power tools_Power tools', 0.33099592), (184, 'Alouatta pigra_Mexican Black Howler Monkey', 0.08113103), (2325, 'Fireworks_Fireworks', 0.06979547), (2143, 'Engine_Engine', 0.068205625), (2609, 'Gun_Gun', 0.022239054)]",
2026-02-05,18:59:58,"Chunk 0 from recording_20260205_185950.wav: [(184, 'Alouatta pigra_Mexican Black Howler Monkey', 0.23707274), (4862, 'Power tools_Power tools', 0.073003195), (2143, 'Engine_Engine', 0.03014783), (2325, 'Fireworks_Fireworks', 0.0146512035), (743, 'Bubo bubo_Eurasian Eagle-Owl', 0.012350843)]",
2026-02-05,19:00:33,"Chunk 0 from recording_20260205_190026.wav: [(4862, 'Power tools_Power tools', 0.4198917), (184, 'Alouatta pigra_Mexican Black Howler Monkey', 0.16063082), (2143, 'Engine_Engine', 0.081854165), (2325, 'Fireworks_Fireworks', 0.06766939), (2818, 'Human non-vocal_Human non-vocal', 0.037505005)]",
2026-02-05,19:02:00,"Chunk 0 from recording_20260205_190151.wav: [(4862, 'Power tools_Power tools', 0.220374), (184, 'Alouatta pigra_Mexican Black Howler Monkey', 0.0701849), (2143, 'Engine_Engine', 0.05381142), (2609, 'Gun_Gun', 0.050886296), (2325, 'Fireworks_Fireworks', 0.02037347)]",
2026-02-05,19:02:41,"Chunk 0 from recording_20260205_190233.wav: [(184, 'Alouatta pigra_Mexican Black Howler Monkey', 0.27986437), (4862, 'Power tools_Power tools', 0.033794917), (2143, 'Engine_Engine', 0.013369267), (743, 'Bubo bubo_Eurasian Eagle-Owl', 0.013125168), (2325, 'Fireworks_Fireworks', 0.009052851)]",
2026-02-05,19:03:10,"Chunk 0 from recording_20260205_190303.wav: [(184, 'Alouatta pigra_Mexican Black Howler Monkey', 0.25540683), (4862, 'Power tools_Power tools', 0.18797307), (2609, 'Gun_Gun', 0.044148073), (2143, 'Engine_Engine', 0.038109824), (2325, 'Fireworks_Fireworks', 0.033347588)]",
2026-02-05,19:03:52,"Chunk 0 from recording_20260205_190345.wav: [(4862, 'Power tools_Power tools', 0.21752238), (184, 'Alouatta pigra_Mexican Black Howler Monkey', 0.17086965), (2143, 'Engine_Engine', 0.042347867), (2609, 'Gun_Gun', 0.022552613), (2325, 'Fireworks_Fireworks', 0.019684508)]",
2026-02-05,19:06:06,"Chunk 0 from recording_20260205_190558.wav: [(184, 'Alouatta pigra_Mexican Black Howler Monkey', 0.24304084), (743, 'Bubo bubo_Eurasian Eagle-Owl', 0.02630903), (4862, 'Power tools_Power tools', 0.020132875), (6315, 'Tyto alba_Barn Owl', 0.010644845), (5000, 'Psiloscops flammeolus_Flammulated Owl', 0.010274055)]",
2026-02-05,19:06:29,"Chunk 0 from recording_20260205_190622.wav: [(184, 'Alouatta pigra_Mexican Black Howler Monkey', 0.22527349), (4862, 'Power tools_Power tools', 0.04654608), (2143, 'Engine_Engine', 0.021540131), (743, 'Bubo bubo_Eurasian Eagle-Owl', 0.018740045), (2325, 'Fireworks_Fireworks', 0.013761153)]",
2026-02-05,19:06:48,"Chunk 0 from recording_20260205_190640.wav: [(184, 'Alouatta pigra_Mexican Black Howler Monkey', 0.2294318), (4862, 'Power tools_Power tools', 0.109318115), (2143, 'Engine_Engine', 0.04302399), (2325, 'Fireworks_Fireworks', 0.020433726), (743, 'Bubo bubo_Eurasian Eagle-Owl', 0.008742384)]",
2026-02-05,19:07:17,"Chunk 0 from recording_20260205_190710.wav: [(184, 'Alouatta pigra_Mexican Black Howler Monkey', 0.20480949), (5760, 'Strix aluco_Tawny Owl', 0.0386545), (3431, 'Megascops trichopsis_Whiskered Screech-Owl', 0.022163209), (2325, 'Fireworks_Fireworks', 0.01841408), (4862, 'Power tools_Power tools', 0.012873664)]",
2026-02-05,19:07:24,"Chunk 0 from recording_20260205_190716.wav: [(184, 'Alouatta pigra_Mexican Black Howler Monkey', 0.23236857), (4862, 'Power tools_Power tools', 0.03805367), (3424, 'Megascops kennicottii_Western Screech-Owl', 0.030941047), (3431, 'Megascops trichopsis_Whiskered Screech-Owl', 0.02509127), (5760, 'Strix aluco_Tawny Owl', 0.019658858)]",
2026-02-05,19:07:49,"Chunk 0 from recording_20260205_190740.wav: [(184, 'Alouatta pigra_Mexican Black Howler Monkey', 0.39956617), (4862, 'Power tools_Power tools', 0.043096226), (5760, 'Strix aluco_Tawny Owl', 0.04081314), (2143, 'Engine_Engine', 0.02158474), (3424, 'Megascops kennicottii_Western Screech-Owl', 0.011736805)]",
2026-02-05,19:07:56,"Chunk 0 from recording_20260205_190746.wav: [(184, 'Alouatta pigra_Mexican Black Howler Monkey', 0.21725202), (5760, 'Strix aluco_Tawny Owl', 0.06183537), (4862, 'Power tools_Power tools', 0.016758628), (2143, 'Engine_Engine', 0.013655435), (749, 'Bubo virginianus_Great Horned Owl', 0.013515749)]",
2026-02-05,19:08:12,"Chunk 0 from recording_20260205_190805.wav: [(4862, 'Power tools_Power tools', 0.2298146), (2609, 'Gun_Gun', 0.048460502), (184, 'Alouatta pigra_Mexican Black Howler Monkey', 0.040900618), (2143, 'Engine_Engine', 0.037054162), (2325, 'Fireworks_Fireworks', 0.017275047)]",
2026-02-05,19:08:18,"Chunk 0 from recording_20260205_190811.wav: [(4862, 'Power tools_Power tools', 0.32697296), (2143, 'Engine_Engine', 0.06649761), (2609, 'Gun_Gun', 0.033533566), (184, 'Alouatta pigra_Mexican Black Howler Monkey', 0.022330808), (2325, 'Fireworks_Fireworks', 0.01926161)]",
2026-02-05,19:08:37,"Chunk 0 from recording_20260205_190829.wav: [(4862, 'Power tools_Power tools', 0.26306763), (184, 'Alouatta pigra_Mexican Black Howler Monkey', 0.25231305), (2143, 'Engine_Engine', 0.039884035), (2609, 'Gun_Gun', 0.017798003), (2818, 'Human non-vocal_Human non-vocal', 0.013813321)]",
2026-02-05,19:08:50,"Chunk 0 from recording_20260205_190841.wav: [(184, 'Alouatta pigra_Mexican Black Howler Monkey', 0.27508757), (4862, 'Power tools_Power tools', 0.17748456), (2143, 'Engine_Engine', 0.04469108), (2818, 'Human non-vocal_Human non-vocal', 0.035283957), (2609, 'Gun_Gun', 0.021297915)]",
2026-02-05,19:09:06,"Chunk 0 from recording_20260205_190859.wav: [(184, 'Alouatta pigra_Mexican Black Howler Monkey', 0.34786585), (4862, 'Power tools_Power tools', 0.26289904), (2143, 'Engine_Engine', 0.04956687), (2609, 'Gun_Gun', 0.04238865), (2325, 'Fireworks_Fireworks', 0.016217541)]",
2026-02-05,19:09:25,"Chunk 0 from recording_20260205_190917.wav: [(2818, 'Human non-vocal_Human non-vocal', 0.28073424), (4862, 'Power tools_Power tools', 0.148342), (184, 'Alouatta pigra_Mexican Black Howler Monkey', 0.017288588), (2609, 'Gun_Gun', 0.016523046), (2143, 'Engine_Engine', 0.012298863)]",
2026-02-05,19:09:54,"Chunk 0 from recording_20260205_190947.wav: [(5424, 'Scolopax rusticola_Eurasian Woodcock', 0.4632393), (4862, 'Power tools_Power tools', 0.21243195), (184, 'Alouatta pigra_Mexican Black Howler Monkey', 0.06724711), (2609, 'Gun_Gun', 0.05331036), (2818, 'Human non-vocal_Human non-vocal', 0.026420968)]",
2026-02-05,19:10:13,"Chunk 0 from recording_20260205_191005.wav: [(4862, 'Power tools_Power tools', 0.20326117), (184, 'Alouatta pigra_Mexican Black Howler Monkey', 0.14280483), (2143, 'Engine_Engine', 0.041490313), (2609, 'Gun_Gun', 0.031082826), (2818, 'Human non-vocal_Human non-vocal', 0.015914574)]",
2026-02-05,19:10:26,"Chunk 0 from recording_20260205_191017.wav: [(4862, 'Power tools_Power tools', 0.24781379), (2609, 'Gun_Gun', 0.031182384), (2143, 'Engine_Engine', 0.018779887), (2228, ""Euphagus cyanocephalus_Brewer's Blackbird"", 0.009580524), (2325, 'Fireworks_Fireworks', 0.007753497)]",
2026-02-05,19:11:02,"Chunk 0 from recording_20260205_191053.wav: [(4862, 'Power tools_Power tools', 0.20568238), (2609, 'Gun_Gun', 0.061633028), (2325, 'Fireworks_Fireworks', 0.042672947), (184, 'Alouatta pigra_Mexican Black Howler Monkey', 0.04180831), (2143, 'Engine_Engine', 0.03455582)]",
2026-02-05,19:11:08,"Chunk 0 from recording_20260205_191059.wav: [(4862, 'Power tools_Power tools', 0.42909455), (2818, 'Human non-vocal_Human non-vocal', 0.08719752), (2143, 'Engine_Engine', 0.030622689), (184, 'Alouatta pigra_Mexican Black Howler Monkey', 0.028433163), (2609, 'Gun_Gun', 0.025450988)]",
2026-02-05,19:11:14,"Chunk 0 from recording_20260205_191105.wav: [(184, 'Alouatta pigra_Mexican Black Howler Monkey', 0.20468529), (4862, 'Power tools_Power tools', 0.049344536), (2143, 'Engine_Engine', 0.025482075), (743, 'Bubo bubo_Eurasian Eagle-Owl', 0.015980463), (2325, 'Fireworks_Fireworks', 0.015136072)]",
2026-02-05,19:11:21,"Chunk 0 from recording_20260205_191112.wav: [(184, 'Alouatta pigra_Mexican Black Howler Monkey', 0.2425241), (4862, 'Power tools_Power tools', 0.19498634), (2143, 'Engine_Engine', 0.042511303), (2609, 'Gun_Gun', 0.038407125), (2325, 'Fireworks_Fireworks', 0.03312633)]",
2026-02-05,19:11:24,"Chunk 0 from recording_20260205_191118.wav: [(2609, 'Gun_Gun', 0.21782072), (4862, 'Power tools_Power tools', 0.1922352), (184, 'Alouatta pigra_Mexican Black Howler Monkey', 0.060380023), (2143, 'Engine_Engine', 0.051313255), (2818, 'Human non-vocal_Human non-vocal', 0.018860739)]",
2026-02-05,19:14:43,"Chunk 0 from recording_20260205_191437.wav: [(184, 'Alouatta pigra_Mexican Black Howler Monkey', 0.25198555), (4862, 'Power tools_Power tools', 0.062542714), (2143, 'Engine_Engine', 0.019016355), (2325, 'Fireworks_Fireworks', 0.014829273), (3429, 'Megascops sanctaecatarinae_Long-tufted Screech-Owl', 0.012071225)]",
2026-02-05,19:15:31,"Chunk 0 from recording_20260205_191525.wav: [(184, 'Alouatta pigra_Mexican Black Howler Monkey', 0.2251108), (4862, 'Power tools_Power tools', 0.06552921), (2143, 'Engine_Engine', 0.018784668), (2325, 'Fireworks_Fireworks', 0.016150834), (743, 'Bubo bubo_Eurasian Eagle-Owl', 0.0102969175)]",
                                                                                                                                                                                                                                                                                                                  